identifier,type,id,construction/disused,latitude,longitude,operator,access,opening_hours,network,addr:street,addr:city,addr:postcode,addr:country,phone,website,socket:chademo,socket:chademo:current,socket:chademo:output,socket:chademo:voltage,socket:tesla_destination,socket:tesla_destination:current,socket:tesla_destination:output,socket:tesla_destination:voltage,socket:tesla_supercharger_ccs,socket:tesla_supercharger_ccs:current,socket:tesla_supercharger_ccs:output,socket:tesla_supercharger_ccs:voltage,socket:type2,socket:type2:current,socket:type2:output,socket:type2:voltage,socket:type2_cable,socket:type2_cable:current,socket:type2_cable:output,socket:type2_cable:voltage,socket:type2_combo,socket:type2_combo:current,socket:type2_combo:output,socket:type2_combo:voltage
ABF-00011,unassigned_point,node/8269975156,no,37.0917408,-8.2050344,Bluecharge,yes,24/7,Mobi.E,,,,,+351 800 450 165,https://www.mobie.pt,0,0,0,0,0,0,0,0,0,0,0,0,2,32,22 kW,400,0,0,0,0,0,0,0,0
ABF-00024,unassigned_point,node/8200114522,no,37.1187104,-8.2269104,Galp Geste,yes,24/7,Mobi.E,,Albufeira,,,+351 800 249 249,https://www.mobie.pt,1,120,50 kW,500,0,0,0,0,0,0,0,0,0,0,0,0,1,63,43 kW,400,1,125,50 kW,500
ABF-00035,unassigned_point,node/9439257878,no,37.0958492,-8.2551945,Repsol,yes,24/7,Mobi.E,,,,,+351 800 226 624,https://www.mobie.pt/,1,125,50 kW,500,0,0,0,0,0,0,0,0,0,0,0,0,1,63,43 kW,400,1,150,60 kW,1000
ABF-00042,unassigned_point,node/10031272523,no,37.1033435,-8.233514,Mobiletric,yes,24/7,Mobi.E,,,,,+351 800 249 249,https://www.mobie.pt/,0,0,0,0,0,0,0,0,0,0,0,0,2,32,22 kW,400,0,0,0,0,0,0,0,0
ABF-00050,unassigned_point,node/10740188509,no,37.1266812,-8.2368829,iHome,yes,24/7,Mobi.E,,,,,,https://www.mobie.pt/,1,125,50 kW,500,0,0,0,0,0,0,0,0,0,0,0,0,0,0,0,0,1,200,120 kW,1000
ABF-00051,unassigned_point,node/10740139204,no,37.0938464,-8.1944111,iHome,yes,24/7,Mobi.E,,,,,,https://www.mobie.pt/,1,125,50 kW,500,0,0,0,0,0,0,0,0,0,0,0,0,0,0,0,0,1,200,90 kW,1000
ABF-00061,unassigned_point,node/10948894573,no,37.1043174,-8.192679,Galp Power,yes,24/7,Mobi.E,,,,,+351 800 249 249,https://www.mobie.pt/,0,0,0,0,0,0,0,0,0,0,0,0,0,0,0,0,0,0,0,0,2,200,120 kW,1000
ABF-00093,unassigned_point,node/10870494272,no,37.1256472,-8.2369068,EDP,yes,24/7,Mobi.E,,,,,+351 800 222 222,https://www.mobie.pt,0,0,0,0,0,0,0,0,0,0,0,0,2,32,22 kW,400,0,0,0,0,0,0,0,0
ABF-00095,unassigned_point,node/12282034071,no,37.1941755,-8.2222984,Iberdrola,yes,24/7,Mobi.E,,,,,+351 800 607 717,https://www.mobie.pt/,0,0,0,0,0,0,0,0,0,0,0,0,0,0,0,0,2,32,22 kW,400,0,0,0,0
ABF-00098,unassigned_point,node/12626403414,no,37.0859053,-8.3092966,EDP,yes,24/7,Mobi.E,,,,,+351 800 222 222,https://www.mobie.pt/,0,0,0,0,0,0,0,0,0,0,0,0,2,16,11 kW,400,0,0,0,0,0,0,0,0
ABF-00109,unassigned_point,node/12824185990,no,37.1264444,-8.23925,Atlante,yes,24/7,Mobi.E,,,,,+351 800 296 929;+351 234 246 050,https://www.mobie.pt,1,125,50 kW,500,0,0,0,0,0,0,0,0,0,0,0,0,0,0,0,0,1,150,60 kW,500
ABF-00112,unassigned_point,node/7995646153,no,37.0952916,-8.2507888,Galp Power,yes,24/7,Mobi.E,,Albufeira,,,+351 800 249 249,https://www.mobie.pt,1,120,50 kW,500,0,0,0,0,0,0,0,0,0,0,0,0,1,63,43 kW,400,1,125,50 kW,500
ABF-00120,unassigned_point,node/12060091338,no,37.123534,-8.232119,Cepsa,yes,24/7,Mobi.E,,,,,,https://www.mobie.pt/,0,0,0,0,0,0,0,0,0,0,0,0,0,0,0,0,0,0,0,0,2,400,300 kW,1000
ABF-00121,unassigned_point,node/13699305262,no,37.0898293,-8.1687394,EDP,yes,24/7,Mobi.E,,,,,+351 800 222 222,https://www.mobie.pt/,0,0,0,0,0,0,0,0,0,0,0,0,2,32,22 kW,400,0,0,0,0,0,0,0,0
ABF-00122,unassigned_point,node/13334944717,no,37.0780897,-8.292784,EDP,yes,24/7,Mobi.E,,,,,+351 800 222 222,https://www.mobie.pt/,0,0,0,0,0,0,0,0,0,0,0,0,2,32,22 kW,400,0,0,0,0,0,0,0,0
ABF-00123,unassigned_point,node/13274149810,no,37.085274,-8.316411,EDP,yes,24/7,Mobi.E,,,,,+351 800 222 222,https://www.mobie.pt/,0,0,0,0,0,0,0,0,0,0,0,0,2,32,22 kW,400,0,0,0,0,0,0,0,0
ABF-00124,unassigned_point,node/13398871345,no,37.1274103,-8.2343958,EDP,yes,24/7,Mobi.E,,,,,+351 800 222 222,https://www.mobie.pt/,0,0,0,0,0,0,0,0,0,0,0,0,2,32,22 kW,400,0,0,0,0,0,0,0,0
ABF-00126,unassigned_point,node/13286071199,no,37.1070721,-8.2387413,EDP,yes,24/7,Mobi.E,,,,,+351 800 222 222,https://www.mobie.pt/,0,0,0,0,0,0,0,0,0,0,0,0,2,32,22 kW,400,0,0,0,0,0,0,0,0
ABF-00127,unassigned_point,node/13516591486,no,37.0783736,-8.2825018,EDP,yes,24/7,Mobi.E,,,,,+351 800 222 222,https://www.mobie.pt/,0,0,0,0,0,0,0,0,0,0,0,0,2,32,22 kW,400,0,0,0,0,0,0,0,0
ABF-00128,unassigned_point,node/13398898032,no,37.09784,-8.239246,EDP,yes,24/7,Mobi.E,,,,,+351 800 222 222,https://www.mobie.pt/,0,0,0,0,0,0,0,0,0,0,0,0,2,32,22 kW,400,0,0,0,0,0,0,0,0
ABF-00129,unassigned_point,node/13596582928,no,37.0867367,-8.2554957,EDP,yes,24/7,Mobi.E,,,,,+351 800 222 222,https://www.mobie.pt/,0,0,0,0,0,0,0,0,0,0,0,0,2,32,22 kW,400,0,0,0,0,0,0,0,0
ABF-00130,unassigned_point,node/14011231803,no,37.102584,-8.232936,EDP,yes,24/7,Mobi.E,,,,,,https://www.mobie.pt/,0,0,0,0,0,0,0,0,0,0,0,0,2,32,22 kW,400,0,0,0,0,0,0,0,0
ABF-00131,unassigned_point,node/13398898031,no,37.090294,-8.327259,EDP,yes,24/7,Mobi.E,,,,,+351 800 222 222,https://www.mobie.pt/,0,0,0,0,0,0,0,0,0,0,0,0,2,32,22 kW,400,0,0,0,0,0,0,0,0
ABF-00132,unassigned_point,node/13398898030,no,37.0852397,-8.2638297,EDP,yes,24/7,Mobi.E,,,,,+351 800 222 222,https://www.mobie.pt/,0,0,0,0,0,0,0,0,0,0,0,0,2,32,22 kW,400,0,0,0,0,0,0,0,0
ABF-00133,unassigned_point,node/13334944716,no,37.0939763,-8.1934801,EDP,yes,24/7,Mobi.E,,,,,+351 800 222 222,https://www.mobie.pt/,0,0,0,0,0,0,0,0,0,0,0,0,2,32,22 kW,400,0,0,0,0,0,0,0,0
ABF-00134,unassigned_point,node/13274149809,no,37.0770629,-8.2791638,EDP,yes,24/7,Mobi.E,,,,,+351 800 222 222,https://www.mobie.pt/,0,0,0,0,0,0,0,0,0,0,0,0,2,32,22 kW,400,0,0,0,0,0,0,0,0
ABF-00135,unassigned_point,node/13398896205,no,37.0964449,-8.171922,EDP,yes,24/7,Mobi.E,,,,,+351 800 222 222,https://www.mobie.pt/,0,0,0,0,0,0,0,0,0,0,0,0,2,32,22 kW,400,0,0,0,0,0,0,0,0
ABF-00137,unassigned_point,node/13334944715,no,37.0833854,-8.3117993,EDP,yes,24/7,Mobi.E,,,,,+351 800 222 222,https://www.mobie.pt/,0,0,0,0,0,0,0,0,0,0,0,0,2,32,22 kW,400,0,0,0,0,0,0,0,0
ABF-00138,unassigned_point,node/13334944714,no,37.09555,-8.240127,EDP,yes,24/7,Mobi.E,,,,,+351 800 222 222,https://www.mobie.pt/,0,0,0,0,0,0,0,0,0,0,0,0,2,32,22 kW,400,0,0,0,0,0,0,0,0
ABF-00139,unassigned_point,node/13334944713,no,37.09521,-8.24687,EDP,yes,24/7,Mobi.E,,,,,+351 800 222 222,https://www.mobie.pt/,0,0,0,0,0,0,0,0,0,0,0,0,2,32,22 kW,400,0,0,0,0,0,0,0,0
ABF-00140,unassigned_point,node/13373015356,no,37.1080734,-8.2311127,EDP,yes,24/7,Mobi.E,,,,,+351 800 222 222,https://www.mobie.pt/,0,0,0,0,0,0,0,0,0,0,0,0,2,32,22 kW,400,0,0,0,0,0,0,0,0
ABF-00141,unassigned_point,node/13516591485,no,37.1008276,-8.238492,EDP,yes,24/7,Mobi.E,,,,,+351 800 222 222,https://www.mobie.pt/,0,0,0,0,0,0,0,0,0,0,0,0,2,32,22 kW,400,0,0,0,0,0,0,0,0
ABF-00142,unassigned_point,node/13274149808,no,37.0766744,-8.282565,EDP,yes,24/7,Mobi.E,,,,,+351 800 222 222,https://www.mobie.pt/,0,0,0,0,0,0,0,0,0,0,0,0,2,32,22 kW,400,0,0,0,0,0,0,0,0
ABF-00143,unassigned_point,node/13516591484,no,37.086517,-8.244431,EDP,yes,24/7,Mobi.E,,,,,+351 800 222 222,https://www.mobie.pt/,0,0,0,0,0,0,0,0,0,0,0,0,2,32,22 kW,400,0,0,0,0,0,0,0,0
ABF-00144,unassigned_point,node/13699305261,no,37.081146,-8.314792,EDP,yes,24/7,Mobi.E,,,,,+351 800 222 222,https://www.mobie.pt/,0,0,0,0,0,0,0,0,0,0,0,0,2,32,22 kW,400,0,0,0,0,0,0,0,0
ABF-00145,unassigned_point,node/13398896204,no,37.078568,-8.310104,EDP,yes,24/7,Mobi.E,,,,,+351 800 222 222,https://www.mobie.pt/,0,0,0,0,0,0,0,0,0,0,0,0,2,32,22 kW,400,0,0,0,0,0,0,0,0
ABF-00146,unassigned_point,node/13398896203,no,37.0955149,-8.2554117,EDP,yes,24/7,Mobi.E,,,,,+351 800 222 222,https://www.mobie.pt/,0,0,0,0,0,0,0,0,0,0,0,0,2,32,22 kW,400,0,0,0,0,0,0,0,0
ABF-00147,unassigned_point,node/13334944712,no,37.09191,-8.242693,EDP,yes,24/7,Mobi.E,,,,,+351 800 222 222,https://www.mobie.pt/,0,0,0,0,0,0,0,0,0,0,0,0,2,32,22 kW,400,0,0,0,0,0,0,0,0
ABF-00148,unassigned_point,node/13274149807,no,37.1269822,-8.2441674,EDP,yes,24/7,Mobi.E,,,,,+351 800 222 222,https://www.mobie.pt/,0,0,0,0,0,0,0,0,0,0,0,0,2,32,22 kW,400,0,0,0,0,0,0,0,0
ABF-00150,unassigned_point,node/13271311922,no,37.1257542,-8.3034898,EDP,yes,24/7,Mobi.E,,,,,+351 800 222 222,https://www.mobie.pt/,0,0,0,0,0,0,0,0,0,0,0,0,2,32,22 kW,400,0,0,0,0,0,0,0,0
ABF-00151,unassigned_point,node/13334944711,no,37.0837881,-8.3130318,EDP,yes,24/7,Mobi.E,,,,,+351 800 222 222,https://www.mobie.pt/,0,0,0,0,0,0,0,0,0,0,0,0,2,32,22 kW,400,0,0,0,0,0,0,0,0
ABF-00152,unassigned_point,node/13516591483,no,37.094074,-8.230535,EDP,yes,24/7,Mobi.E,,,,,+351 800 222 222,https://www.mobie.pt/,0,0,0,0,0,0,0,0,0,0,0,0,2,32,22 kW,400,0,0,0,0,0,0,0,0
ABF-00153,unassigned_point,node/14062337242,no,37.0906753,-8.2433686,EDP,yes,24/7,Mobi.E,,,,,+351 800 222 222,https://www.mobie.pt/,0,0,0,0,0,0,0,0,0,0,0,0,2,32,22 kW,400,0,0,0,0,0,0,0,0
ABF-00154,unassigned_point,node/13787828658,no,37.0920141,-8.1917571,EDP,yes,24/7,Mobi.E,,,,,+351 800 222 222,https://www.mobie.pt/,0,0,0,0,0,0,0,0,0,0,0,0,2,32,22 kW,400,0,0,0,0,0,0,0,0
ABF-00155,unassigned_point,node/13787828657,no,37.0921341,-8.2353947,EDP,yes,24/7,Mobi.E,,,,,+351 800 222 222,https://www.mobie.pt/,0,0,0,0,0,0,0,0,0,0,0,0,2,32,22 kW,400,0,0,0,0,0,0,0,0
ABF-00156,unassigned_point,node/13334944709,no,37.175884,-8.203302,EDP,yes,24/7,Mobi.E,,,,,+351 800 222 222,https://www.mobie.pt/,0,0,0,0,0,0,0,0,0,0,0,0,2,32,22 kW,400,0,0,0,0,0,0,0,0
ABF-00157,unassigned_point,node/13787828656,no,37.0962849,-8.1878881,EDP,yes,24/7,Mobi.E,,,,,+351 800 222 222,https://www.mobie.pt/,0,0,0,0,0,0,0,0,0,0,0,0,2,32,22 kW,400,0,0,0,0,0,0,0,0
ABF-00158,unassigned_point,node/13841844514,no,37.0833554,-8.3142042,EDP,yes,24/7,Mobi.E,,,,,,https://www.mobie.pt/,0,0,0,0,0,0,0,0,0,0,0,0,2,32,22 kW,400,0,0,0,0,0,0,0,0
ABF-00159,unassigned_point,node/13787828655,no,37.0898796,-8.2447521,EDP,yes,24/7,Mobi.E,,,,,+351 800 222 222,https://www.mobie.pt/,0,0,0,0,0,0,0,0,0,0,0,0,2,32,22 kW,400,0,0,0,0,0,0,0,0
ABF-00161,unassigned_point,node/13334944708,no,37.09131,-8.222027,EDP,yes,24/7,Mobi.E,,,,,+351 800 222 222,https://www.mobie.pt/,0,0,0,0,0,0,0,0,0,0,0,0,2,32,22 kW,400,0,0,0,0,0,0,0,0
ABF-00162,unassigned_point,node/13787828654,no,37.0941165,-8.225538,EDP,yes,24/7,Mobi.E,,,,,+351 800 222 222,https://www.mobie.pt/,0,0,0,0,0,0,0,0,0,0,0,0,2,32,22 kW,400,0,0,0,0,0,0,0,0
ABF-00167,unassigned_point,node/13334936193,no,37.09548,-8.231424,EDP,yes,24/7,Mobi.E,,,,,+351 800 222 222,https://www.mobie.pt/,0,0,0,0,0,0,0,0,0,0,0,0,2,32,22 kW,400,0,0,0,0,0,0,0,0
ABF-00169,unassigned_point,node/13334944710,no,37.0916041,-8.2390811,EDP,yes,24/7,Mobi.E,,,,,+351 800 222 222,https://www.mobie.pt/,0,0,0,0,0,0,0,0,0,0,0,0,2,32,22 kW,400,0,0,0,0,0,0,0,0
ABF-00170,unassigned_point,node/13398874291,no,37.0969584,-8.2425617,EDP,yes,24/7,Mobi.E,,,,,+351 800 222 222,https://www.mobie.pt/,0,0,0,0,0,0,0,0,0,0,0,0,2,32,22 kW,400,0,0,0,0,0,0,0,0
ABF-00171,unassigned_point,node/13516591482,no,37.0900357,-8.2352001,EDP,yes,24/7,Mobi.E,,,,,+351 800 222 222,https://www.mobie.pt/,0,0,0,0,0,0,0,0,0,0,0,0,2,32,22 kW,400,0,0,0,0,0,0,0,0
ABF-00172,unassigned_point,node/13516591481,no,37.0874413,-8.1563993,EDP,yes,24/7,Mobi.E,,,,,+351 800 222 222,https://www.mobie.pt/,0,0,0,0,0,0,0,0,0,0,0,0,2,32,22 kW,400,0,0,0,0,0,0,0,0
ABF-00173,unassigned_point,node/13699305260,no,37.0929156,-8.2330714,EDP,yes,24/7,Mobi.E,,,,,+351 800 222 222,https://www.mobie.pt/,0,0,0,0,0,0,0,0,0,0,0,0,2,32,22 kW,400,0,0,0,0,0,0,0,0
ABF-00184,unassigned_point,node/9289852962,no,37.0807262,-8.28078,Zunder,yes,24/7,Mobi.E,,,,,,https://www.mobie.pt/,0,0,0,0,0,0,0,0,0,0,0,0,1,32,22 kW,400,0,0,0,0,0,0,0,0
ABF-00186,unassigned_point,node/11293800150,no,37.0921,-8.2412222,Atlante,yes,08:00-22:00,Mobi.E,,,,,+351 800 296 929;+351 234 246 050,https://www.mobie.pt/,0,0,0,0,0,0,0,0,0,0,0,0,0,0,0,0,0,0,0,0,2,250,60 kW,1000
ABF-00190,unassigned_point,node/14062318977,no,37.08839,-8.3190938,EDP,yes,24/7,Mobi.E,,,,,+351 800 222 222,https://www.mobie.pt/,0,0,0,0,0,0,0,0,0,0,0,0,2,32,22 kW,400,0,0,0,0,0,0,0,0
ABF-00191,unassigned_point,node/14062313193,no,37.0912705,-8.3187157,EDP,yes,24/7,Mobi.E,,,,,+351 800 222 222,https://www.mobie.pt/,0,0,0,0,0,0,0,0,0,0,0,0,2,32,22 kW,400,0,0,0,0,0,0,0,0
ABF-00192,unassigned_point,node/14062338851,no,37.1270346,-8.3019515,EDP,yes,24/7,Mobi.E,,,,,+351 800 222 222,https://www.mobie.pt/,0,0,0,0,0,0,0,0,0,0,0,0,2,32,22 kW,400,0,0,0,0,0,0,0,0
ABF-90001,unassigned_point,node/7159237167,no,37.0968299,-8.2245219,EDP,yes,24/7,Mobi.E,,,,,+351 800 222 222,https://www.mobie.pt,0,0,0,0,0,0,0,0,0,0,0,0,2,32,22 kW,400,0,0,0,0,0,0,0,0
ABT-00006,unassigned_point,node/9788601724,no,39.4755802,-8.1906088,EDP,yes,24/7,Mobi.E,,,,,+351 800 222 222,https://www.mobie.pt,1,125,50 kW,500,0,0,0,0,0,0,0,0,1,32,22 kW,400,0,0,0,0,1,200,90 kW,1000
ABT-00017,unassigned_point,node/10691892690,no,39.4861743,-8.1588029,Cepsa,yes,24/7,Mobi.E,,,,,,https://www.mobie.pt/,0,0,0,0,0,0,0,0,0,0,0,0,0,0,0,0,0,0,0,0,2,500,100 kW,1000
ABT-00018,unassigned_point,node/10691892689,no,39.4847784,-8.1552819,Cepsa,yes,24/7,Mobi.E,,,,,,https://www.mobie.pt/,0,0,0,0,0,0,0,0,0,0,0,0,0,0,0,0,0,0,0,0,2,500,100 kW,1000
ABT-00019,unassigned_point,node/10981449246,no,39.5521854,-8.2805243,SR Energy,yes,24/7,Mobi.E,,,,,,https://www.mobie.pt/,0,0,0,0,0,0,0,0,0,0,0,0,2,30,20 kW,400,0,0,0,0,0,0,0,0
ABT-00033,unassigned_point,node/11670188442,no,39.472658,-8.1954159,EDP,yes,24/7,Mobi.E,,,,,+351 800 222 222,https://www.mobie.pt/,1,125,50 kW,500,0,0,0,0,0,0,0,0,0,0,0,0,0,0,0,0,1,200,120 kW,1000
ABT-00035,unassigned_point,node/10827932896,no,39.4716681,-8.1959445,EDP,yes,24/7,Mobi.E,,,,,+351 800 222 222,https://www.mobie.pt/,0,0,0,0,0,0,0,0,0,0,0,0,2,32,22 kW,400,0,0,0,0,0,0,0,0
ABT-00038,unassigned_point,node/8757688907,no,39.4691224,-8.2007093,Galp Power,yes,24/7,Mobi.E,,Abrantes,,,+351 800 249 249,https://www.mobie.pt,1,120,50 kW,500,0,0,0,0,0,0,0,0,0,0,0,0,1,32,22 kW,400,1,125,50 kW,500
ABT-80001,unassigned_point,node/8109548023,no,39.4595146,-8.1989626,Atlante,yes,24/7,Mobi.E,,,,,+351 800 296 929;+351 234 246 050,https://www.mobie.pt,0,0,0,0,0,0,0,0,0,0,0,0,2,32,22 kW,400,0,0,0,0,0,0,0,0
ACB-00002,unassigned_point,node/8089512830,no,39.433038,-8.9802048,EDP,yes,24/7,Mobi.E,,,,,+351 800 222 222,https://www.mobie.pt,0,0,0,0,0,0,0,0,0,0,0,0,2,32,22 kW,400,0,0,0,0,0,0,0,0
ACB-00009,unassigned_point,node/11339406823,no,39.5596832,-8.9780367,Galp Geste,yes,24/7,Mobi.E,,,,,+351 800 249 249,https://www.mobie.pt/,0,0,0,0,0,0,0,0,0,0,0,0,0,0,0,0,0,0,0,0,2,200,180 kW,1000
ACB-00020,unassigned_point,node/12036502409,no,39.5456985,-8.9702655,EDP,yes,24/7,Mobi.E,,,,,+351 800 222 222,https://www.mobie.pt/,1,125,60 kW,500,0,0,0,0,0,0,0,0,0,0,0,0,0,0,0,0,1,300,120 kW,1000
ACB-00024,unassigned_point,node/11955742241,no,39.5083203,-9.1326371,Galp Power,yes,24/7,Mobi.E,,,,,+351 800 249 249,https://www.mobie.pt/,0,0,0,0,0,0,0,0,0,0,0,0,0,0,0,0,0,0,0,0,2,200,120 kW,1000
ACB-00025,unassigned_point,node/13178537193,no,39.4240544,-8.9624866,EDP,yes,09:00-20:00,Mobi.E,,,,,+351 800 222 222,https://www.mobie.pt/,0,0,0,0,0,0,0,0,0,0,0,0,2,32,22 kW,400,0,0,0,0,0,0,0,0
ACB-00026,unassigned_point,node/10217456272,no,39.5450815,-8.9698857,EDP,yes,24/7,Mobi.E,,,,,+351 800 222 222,https://www.mobie.pt/,0,0,0,0,0,0,0,0,0,0,0,0,2,32,22 kW,400,0,0,0,0,0,0,0,0
ACB-00027,unassigned_point,node/8224722880,no,39.5458059,-8.9695376,Charging Together,yes,24/7,Mobi.E,,Alcobaça,,,+351 800 917 576,https://www.mobie.pt,0,0,0,0,0,0,0,0,0,0,0,0,0,0,0,0,0,0,0,0,2,150,50 kW,1000
ACB-00032,unassigned_point,node/12434408963,no,39.4622327,-9.1193671,Prio.E,yes,24/7,Mobi.E,,,,,+351 800 100 303,https://www.mobie.pt/,0,0,0,0,0,0,0,0,0,0,0,0,0,0,0,0,0,0,0,0,2,400,180 kW,1000
ACB-00035,unassigned_point,node/12871879956,no,39.4306829,-8.9775588,SOLX,yes,24/7,Mobi.E,,,,,,https://www.mobie.pt/,0,0,0,0,0,0,0,0,0,0,0,0,2,16,11 kW,400,0,0,0,0,0,0,0,0
ACB-00037,unassigned_point,node/12020159638,no,39.4265496,-8.9800732,Galp Power,yes,24/7,Mobi.E,,,,,+351 800 249 249,https://www.mobie.pt/,0,0,0,0,0,0,0,0,0,0,0,0,0,0,0,0,0,0,0,0,2,250,120 kW,1000
ACB-00038,unassigned_point,node/9848120746,no,39.4331284,-8.9792402,Galp Power,yes,24/7,Mobi.E,,,,,+351 800 249 249,https://www.mobie.pt/,1,120,50 kW,500,0,0,0,0,0,0,0,0,0,0,0,0,1,32,22 kW,400,1,125,50 kW,500
ACB-00039,unassigned_point,node/12063966301,no,39.5477842,-8.9670991,Galp Power,yes,24/7,Mobi.E,,,,,+351 800 249 249,https://www.mobie.pt/,1,120,50 kW,500,0,0,0,0,0,0,0,0,0,0,0,0,1,32,22 kW,400,1,125,50 kW,500
ACB-00041,unassigned_point,node/13805665352,no,39.5454398,-8.9675339,Powerdot,yes,24/7,Mobi.E,,,,,+351 800 180 292,https://www.mobie.pt/,0,0,0,0,0,0,0,0,0,0,0,0,1,32,22 kW,400,0,0,0,0,2,400,100 kW,1000
ACB-90001,unassigned_point,node/8089510671,no,39.552,-8.9756006,Powerdot,yes,24/7,Mobi.E,,,,,+351 800 180 292,https://www.mobie.pt,0,0,0,0,0,0,0,0,0,0,0,0,2,32,22 kW,400,0,0,0,0,0,0,0,0
ACH-00002,unassigned_point,node/7773723046,no,38.7258093,-8.9876448,Galp Geste,yes,24/7,Mobi.E,,,,,+351 800 249 249,https://www.mobie.pt,1,120,50 kW,500,0,0,0,0,0,0,0,0,0,0,0,0,1,63,43 kW,400,1,125,50 kW,500
ACH-00003,unassigned_point,node/7773747775,no,38.7277184,-8.9871474,Galp Geste,yes,24/7,Mobi.E,,,,,+351 800 249 249,https://www.mobie.pt,1,120,50 kW,500,0,0,0,0,0,0,0,0,0,0,0,0,1,63,43 kW,400,1,125,50 kW,500
ACH-00008,unassigned_point,node/9735458931,no,38.74532,-8.9306999,Repsol,yes,24/7,Mobi.E,,,,,+351 800 226 624,https://www.mobie.pt,1,80,30 kW,500,0,0,0,0,0,0,0,0,0,0,0,0,1,32,22 kW,400,1,80,30 kW,500
ACH-00010,unassigned_point,node/11017553885,no,38.7500615,-8.9622398,Galp Geste,yes,24/7,Mobi.E,,,,,+351 800 249 249,https://www.mobie.pt/,0,0,0,0,0,0,0,0,0,0,0,0,0,0,0,0,0,0,0,0,2,200,120 kW,1000
ACH-00018,unassigned_point,node/11692095474,no,38.7510052,-8.9590354,EDP,yes,24/7,Mobi.E,,,,,+351 800 222 222,https://www.mobie.pt/,1,125,50 kW,500,0,0,0,0,0,0,0,0,1,32,22 kW,400,0,0,0,0,1,200,90 kW,1000
ACH-00019,unassigned_point,node/11349894184,no,38.7517122,-8.9460476,Charging Together,yes,24/7,Mobi.E,,,,,+351 800 917 576,https://www.mobie.pt,0,0,0,0,0,0,0,0,0,0,0,0,0,0,0,0,0,0,0,0,2,500,150 kW,1000
ACH-00037,unassigned_point,node/8232492562,no,38.7512646,-8.9578861,Galp Power,yes,24/7,Mobi.E,,Alcochete,,,+351 800 249 249,https://www.mobie.pt,1,120,50 kW,500,0,0,0,0,0,0,0,0,0,0,0,0,1,63,43 kW,400,1,125,50 kW,500
ACN-00002,unassigned_point,node/8109599759,no,39.4630695,-8.6578886,Mobiletric,yes,24/7,Mobi.E,,,,,+351 800 249 249,https://www.mobie.pt,0,0,0,0,0,0,0,0,0,0,0,0,2,32,22 kW,400,0,0,0,0,0,0,0,0
ACN-00010,unassigned_point,node/11466710917,no,39.5199385,-8.6862442,Atlante,yes,24/7,Mobi.E,,,,,+351 800 296 929;+351 234 246 050,https://www.mobie.pt/,1,125,50 kW,500,0,0,0,0,0,0,0,0,0,0,0,0,1,32,22 kW,400,1,150,60 kW,500
ACN-00011,unassigned_point,node/12437201693,no,39.518936,-8.6887276,Helexia II,yes,24/7,Mobi.E,,,,,+351 210 181 157,https://www.mobie.pt/,0,0,0,0,0,0,0,0,0,0,0,0,0,0,0,0,0,0,0,0,2,375,150 kW,1000
ACN-00012,unassigned_point,node/9848183332,no,39.4631553,-8.6620066,Galp Power,yes,24/7,Mobi.E,,,,,+351 800 249 249,https://www.mobie.pt/,1,120,50 kW,500,0,0,0,0,0,0,0,0,0,0,0,0,1,32,22 kW,400,1,125,50 kW,500
ACN-00014,unassigned_point,node/13534432028,no,39.4423673,-8.7097909,EcoInside,yes,24/7,Mobi.E,,,,,+351 22 617 33 43,https://www.mobie.pt/,0,0,0,0,0,0,0,0,0,0,0,0,2,32,22 kW,400,0,0,0,0,0,0,0,0
ACN-00016,unassigned_point,node/14110963731,no,39.4555392,-8.6668879,EcoInside,yes,24/7,Mobi.E,,,,,+351 22 617 33 43,https://www.mobie.pt/,0,0,0,0,0,0,0,0,0,0,0,0,2,32,22 kW,400,0,0,0,0,0,0,0,0
ACN-00017,unassigned_point,node/14110963730,no,39.4681198,-8.6630228,EcoInside,yes,24/7,Mobi.E,,,,,+351 22 617 33 43,https://www.mobie.pt/,0,0,0,0,0,0,0,0,0,0,0,0,2,32,22 kW,400,0,0,0,0,0,0,0,0
ACN-90001,unassigned_point,node/8089510670,no,39.4569873,-8.6682907,Powerdot,yes,24/7,Mobi.E,,,,,+351 800 180 292,https://www.mobie.pt,0,0,0,0,0,0,0,0,0,0,0,0,2,32,22 kW,400,0,0,0,0,0,0,0,0
ACT-00004,unassigned_point,node/9986743355,no,37.476927,-7.4709697,Galp Power,yes,24/7,Mobi.E,,,,,+351 800 249 249,https://www.mobie.pt/,0,0,0,0,0,0,0,0,0,0,0,0,2,32,22 kW,400,0,0,0,0,0,0,0,0
ACT-80002,unassigned_point,node/8974461104,no,37.4417409,-7.770162,Atlante,yes,24/7,Mobi.E,,,,,+351 800 296 929;+351 234 246 050,https://www.mobie.pt,0,0,0,0,0,0,0,0,0,0,0,0,2,32,22 kW,400,0,0,0,0,0,0,0,0
ACT-90001,unassigned_point,node/7070360267,no,37.4690413,-7.4736938,EDP,yes,24/7,Mobi.E,,,,,+351 800 222 222,https://www.mobie.pt,0,0,0,0,0,0,0,0,0,0,0,0,2,32,22 kW,400,0,0,0,0,0,0,0,0
ADL-90001,unassigned_point,node/8289278913,no,38.7023813,-7.4056153,EDP,yes,24/7,Mobi.E,,,,,+351 800 222 222,https://www.mobie.pt,0,0,0,0,0,0,0,0,0,0,0,0,2,32,22 kW,400,0,0,0,0,0,0,0,0
ADV-00016,unassigned_point,node/10722216485,no,37.5118587,-8.0652652,Atlante,yes,24/7,Mobi.E,,,,,+351 800 296 929;+351 234 246 050,https://www.mobie.pt/,1,125,50 kW,500,0,0,0,0,0,0,0,0,0,0,0,0,1,32,22 kW,400,1,150,60 kW,500
ADV-90001,unassigned_point,node/8270263996,no,37.5129029,-8.0600777,Powerdot,yes,24/7,Mobi.E,,,,,+351 800 180 292,https://www.mobie.pt,0,0,0,0,0,0,0,0,0,0,0,0,2,32,22 kW,400,0,0,0,0,0,0,0,0
AFE-00001,unassigned_point,node/8309577432,no,41.3447786,-6.9619164,Powerdot,yes,24/7,Mobi.E,,,,,+351 800 180 292,https://www.mobie.pt,0,0,0,0,0,0,0,0,0,0,0,0,2,32,22 kW,400,0,0,0,0,0,0,0,0
AFE-00002,unassigned_point,node/11767297700,no,41.341181,-6.9613807,EDP,yes,24/7,Mobi.E,,,,,+351 800 222 222,https://www.mobie.pt/,1,120,50 kW,500,0,0,0,0,0,0,0,0,0,0,0,0,1,63,43 kW,400,1,125,50 kW,500
AGB-00001,unassigned_point,node/8286530711,no,40.8179452,-7.5413015,Atlante,yes,24/7,Mobi.E,,,,PT,+351 800 296 929;+351 234 246 050,https://www.mobie.pt,0,0,0,0,0,0,0,0,0,0,0,0,2,32,22 kW,400,0,0,0,0,0,0,0,0
AGB-00002,unassigned_point,node/11896601089,no,40.8570734,-7.5068002,EDP,yes,24/7,Mobi.E,,,,PT,+351 800 222 222,https://www.mobie.pt/,0,0,0,0,0,0,0,0,0,0,0,0,2,32,22 kW,400,0,0,0,0,0,0,0,0
AGB-00003,unassigned_point,node/12959167087,no,40.7876944,-7.5920611,Charging Together,yes,24/7,Mobi.E,,,,PT,+351 800 917 576,https://www.mobie.pt/,0,0,0,0,0,0,0,0,0,0,0,0,0,0,0,0,0,0,0,0,2,600,165 kW,1000
AGD-00005,unassigned_point,node/8419294373,no,40.5726252,-8.4393923,Iberdrola,yes,09:00-21:30,Mobi.E,,,,,+351 800 607 717,https://www.mobie.pt,0,0,0,0,0,0,0,0,0,0,0,0,2,32,22 kW,400,0,0,0,0,0,0,0,0
AGD-00007,unassigned_point,node/8397323490,no,40.5778264,-8.4463915,Powerdot,yes,24/7,Mobi.E,,,,,+351 800 180 292,https://www.mobie.pt,0,0,0,0,0,0,0,0,0,0,0,0,2,32,22 kW,400,0,0,0,0,0,0,0,0
AGD-00009,unassigned_point,node/9247173585,no,40.594583,-8.457604,EDP,yes,24/7,Mobi.E,,,,,+351 800 222 222,https://www.mobie.pt,1,125,50 kW,500,0,0,0,0,0,0,0,0,1,32,22 kW,400,0,0,0,0,1,200,90 kW,1000
AGD-00013,unassigned_point,node/10967642830,no,40.6003169,-8.4621252,EDP,yes,24/7,Mobi.E,,,,,+351 800 222 222,https://www.mobie.pt/,0,0,0,0,0,0,0,0,0,0,0,0,2,32,22 kW,400,0,0,0,0,0,0,0,0
AGD-00017,unassigned_point,node/11746437179,no,40.5719242,-8.515332,Iberdrola,yes,24/7,Mobi.E,,,,,+351 800 607 717,https://www.mobie.pt/,1,120,50 kW,500,0,0,0,0,0,0,0,0,0,0,0,0,0,0,0,0,1,125,50 kW,500
AGD-00018,unassigned_point,node/12132803535,no,40.528079,-8.448711,Charging Together,yes,24/7,Mobi.E,,,,,+351 800 917 576,https://www.mobie.pt,1,200,80 kW,500,0,0,0,0,0,0,0,0,0,0,0,0,0,0,0,0,2,500,150 kW,1000
AGD-00020,unassigned_point,node/13763158793,no,40.6273008,-8.3729526,DTE,yes,24/7,Mobi.E,,,,,,https://www.mobie.pt/,0,0,0,0,0,0,0,0,0,0,0,0,1,32,22 kW,400,0,0,0,0,2,150,60 kW,1000
AGD-00022,unassigned_point,node/13861312602,no,40.5183555,-8.427545,DTE,yes,24/7,Mobi.E,,,,,+351 912 872 459,https://www.mobie.pt/,0,0,0,0,0,0,0,0,0,0,0,0,1,32,22 kW,400,0,0,0,0,2,150,60 kW,1000
AGD-00023,unassigned_point,node/13763128357,no,40.5748051,-8.4433345,DTE,yes,24/7,Mobi.E,,,,,,https://www.mobie.pt/,0,0,0,0,0,0,0,0,0,0,0,0,1,32,22 kW,400,0,0,0,0,2,150,60 kW,1000
AGD-00024,unassigned_point,node/13763160251,no,40.5841312,-8.4489651,DTE,yes,24/7,Mobi.E,,,,,,https://www.mobie.pt,0,0,0,0,0,0,0,0,0,0,0,0,2,32,22 kW,400,0,0,0,0,0,0,0,0
AGD-00025,unassigned_point,node/13763166026,no,40.5318228,-8.3670786,DTE,yes,24/7,Mobi.E,,,,,,https://www.mobie.pt,0,0,0,0,0,0,0,0,0,0,0,0,2,32,22 kW,400,0,0,0,0,0,0,0,0
AGD-00026,unassigned_point,node/13946013312,no,40.5608391,-8.4392591,DTE,yes,24/7,Mobi.E,,,,,+351 912 872 459,https://dte.pt/,0,0,0,0,0,0,0,0,0,0,0,0,1,32,22 kW,400,0,0,0,0,2,150,60 kW,1000
AGD-00027,unassigned_point,node/13850642503,no,40.5581248,-8.4378232,DTE,yes,24/7,Mobi.E,,,,,,https://www.mobie.pt,0,0,0,0,0,0,0,0,0,0,0,0,2,32,22 kW,400,0,0,0,0,0,0,0,0
AGD-00028,unassigned_point,node/13763165772,no,40.5695405,-8.3671792,DTE,yes,24/7,Mobi.E,,,,,,https://www.mobie.pt,0,0,0,0,0,0,0,0,0,0,0,0,2,32,22 kW,400,0,0,0,0,0,0,0,0
AGD-00029,unassigned_point,node/13763165770,no,40.5686889,-8.4903073,DTE,yes,24/7,Mobi.E,,,,,,https://www.mobie.pt,0,0,0,0,0,0,0,0,0,0,0,0,2,32,22 kW,400,0,0,0,0,0,0,0,0
AGD-00030,unassigned_point,node/13850642502,no,40.5645629,-8.5276222,DTE,yes,24/7,Mobi.E,,,,,,https://www.mobie.pt,0,0,0,0,0,0,0,0,0,0,0,0,2,32,22 kW,400,0,0,0,0,0,0,0,0
AGD-00031,unassigned_point,node/13763180342,no,40.6532142,-8.4583931,DTE,yes,24/7,Mobi.E,,,,,,https://www.mobie.pt,0,0,0,0,0,0,0,0,0,0,0,0,2,32,22 kW,400,0,0,0,0,0,0,0,0
AGD-00032,unassigned_point,node/13987670052,no,40.60808,-8.46223,DTE,yes,24/7,Mobi.E,,,,,+351 912 872 459,https://dte.pt/,0,0,0,0,0,0,0,0,0,0,0,0,2,32,22 kW,400,0,0,0,0,0,0,0,0
AGD-00033,unassigned_point,node/13763161719,no,40.5825841,-8.5021922,DTE,yes,24/7,Mobi.E,,,,,,https://www.mobie.pt,0,0,0,0,0,0,0,0,0,0,0,0,2,32,22 kW,400,0,0,0,0,0,0,0,0
AGD-00034,unassigned_point,node/13850642501,no,40.56208,-8.4641511,DTE,yes,24/7,Mobi.E,,,,,,https://www.mobie.pt,0,0,0,0,0,0,0,0,0,0,0,0,2,32,22 kW,400,0,0,0,0,0,0,0,0
AGD-00035,unassigned_point,node/13763204887,no,40.5963552,-8.5059795,DTE,yes,24/7,Mobi.E,,,,,,https://www.mobie.pt,0,0,0,0,0,0,0,0,0,0,0,0,2,32,22 kW,400,0,0,0,0,0,0,0,0
AGD-00038,unassigned_point,node/13563851492,no,40.572414,-8.440548,Galp Power,yes,24/7,Mobi.E,,,,,+351 800 249 249,https://www.mobie.pt/,1,125,50 kW,500,0,0,0,0,0,0,0,0,0,0,0,0,1,32,22 kW,400,1,125,50 kW,500
AGD-00041,unassigned_point,node/13946119394,no,40.57533,-8.445067,DTE,yes,24/7,Mobi.E,,,,,,https://www.mobie.pt/,0,0,0,0,0,0,0,0,0,0,0,0,0,0,0,0,0,0,0,0,2,250,160 kW,1000
AGD-00042,unassigned_point,node/13987661886,no,40.536354,-8.470663,DTE,yes,24/7,Mobi.E,,,,,+351 912 872 459,https://dte.pt/,0,0,0,0,0,0,0,0,0,0,0,0,2,32,22 kW,400,0,0,0,0,0,0,0,0
AGD-90001,unassigned_point,node/8112609047,no,40.57724,-8.444938,EDP,yes,24/7,Mobi.E,,,,,+351 800 222 222,https://www.mobie.pt,0,0,0,0,0,0,0,0,0,0,0,0,2,32,22 kW,400,0,0,0,0,0,0,0,0
AGH-00001,unassigned_point,node/8082089909,no,38.6609449,-27.2332701,Galp Geste,yes,24/7,Mobi.E,Estrada Circular,Angra do Heroísmo,,PT,+351 800 249 249,https://www.mobie.pt,1,120,50 kW,500,0,0,0,0,0,0,0,0,0,0,0,0,1,63,43 kW,400,1,125,50 kW,500
AGH-00002,unassigned_point,node/9458801230,no,38.6684338,-27.2159209,EDP,yes,24/7,Mobi.E,,,,PT,+351 800 222 222,https://www.mobie.pt/,0,0,0,0,0,0,0,0,0,0,0,0,2,32,22 kW,400,0,0,0,0,0,0,0,0
AGH-00003,unassigned_point,node/8220729785,no,38.6655184,-27.2035064,SEGMA,yes,24/7,Mobi.E,Via Rápida - Via Vitorino Nemésio,Angra do Heroísmo,,PT,+351 296 20 22 09,https://www.mobie.pt,1,120,50 kW,500,0,0,0,0,0,0,0,0,0,0,0,0,1,63,43 kW,400,1,125,50 kW,500
AGH-00005,unassigned_point,node/9848051174,no,38.65563,-27.211655,EDP,yes,24/7,Mobi.E,,,,PT,+351 800 222 222,https://www.mobie.pt,1,125,50 kW,500,0,0,0,0,0,0,0,0,1,32,22 kW,400,0,0,0,0,1,200,90 kW,1000
AGH-00006,unassigned_point,node/9932668658,no,38.6556453,-27.2252382,SEGMA,yes,24/7,Mobi.E,,,,PT,+351 296 20 22 09,https://www.mobie.pt/,0,0,0,0,0,0,0,0,0,0,0,0,2,32,22 kW,400,0,0,0,0,0,0,0,0
AGH-00007,unassigned_point,node/9932668657,no,38.6529725,-27.2239628,SEGMA,yes,24/7,Mobi.E,,,,PT,+351 296 20 22 09,https://www.mobie.pt/,0,0,0,0,0,0,0,0,0,0,0,0,2,32,22 kW,400,0,0,0,0,0,0,0,0
AGH-00008,unassigned_point,node/9932668656,no,38.6566192,-27.2130892,SEGMA,yes,24/7,Mobi.E,,,,PT,+351 296 20 22 09,https://www.mobie.pt/,0,0,0,0,0,0,0,0,0,0,0,0,2,32,22 kW,400,0,0,0,0,0,0,0,0
AGH-00010,unassigned_point,node/11033268447,no,38.6566565,-27.2191947,SEGMA,yes,24/7,Mobi.E,,,,PT,+351 296 20 22 09,https://www.mobie.pt/,0,0,0,0,0,0,0,0,0,0,0,0,2,32,22 kW,400,0,0,0,0,0,0,0,0
AGH-00012,unassigned_point,node/11829164598,no,38.6684326,-27.2635027,SEGMA,yes,24/7,Mobi.E,,,,PT,+351 296 20 22 09,https://www.mobie.pt/,0,0,0,0,0,0,0,0,0,0,0,0,0,0,0,0,1,32,22 kW,400,0,0,0,0
AGH-00013,unassigned_point,node/11829164597,no,38.6577698,-27.2143946,SEGMA,yes,24/7,Mobi.E,,,,PT,+351 296 20 22 09,https://www.mobie.pt/,0,0,0,0,0,0,0,0,0,0,0,0,0,0,0,0,1,32,22 kW,400,0,0,0,0
AGH-00014,unassigned_point,node/11829164596,no,38.6594232,-27.1191575,SEGMA,yes,24/7,Mobi.E,,,,PT,+351 296 20 22 09,https://www.mobie.pt/,0,0,0,0,0,0,0,0,0,0,0,0,0,0,0,0,1,32,22 kW,400,0,0,0,0
AGH-00015,unassigned_point,node/13959955370,no,38.656906,-27.231888,SEGMA,yes,24/7,Mobi.E,,,,,+351 296 20 22 09,https://www.segma.pt/,0,0,0,0,0,0,0,0,0,0,0,0,2,32,22 kW,400,0,0,0,0,0,0,0,0
AGN-00001,unassigned_point,node/8510418198,no,40.2180218,-8.0550659,Powerdot,yes,24/7,Mobi.E,,,,,+351 800 180 292,https://www.mobie.pt,0,0,0,0,0,0,0,0,0,0,0,0,2,32,22 kW,400,0,0,0,0,0,0,0,0
AGN-00003,unassigned_point,node/11305975102,no,40.2188902,-8.0574567,EDP,yes,24/7,Mobi.E,,,,,+351 800 222 222,https://www.mobie.pt/,0,0,0,0,0,0,0,0,0,0,0,0,2,32,22 kW,400,0,0,0,0,0,0,0,0
AGN-00006,unassigned_point,node/11773467674,no,40.2582149,-7.942912,Luzigás,yes,24/7,Mobi.E,,,,,+351 808 203 825,https://www.mobie.pt/,0,0,0,0,0,0,0,0,0,0,0,0,2,32,22 kW,400,0,0,0,0,0,0,0,0
AGN-00007,unassigned_point,node/8225031756,no,40.2242828,-8.0580166,Galp Power,yes,24/7,Mobi.E,EN 342-4,Arganil,,,+351 800 249 249,https://www.mobie.pt,1,120,50 kW,500,0,0,0,0,0,0,0,0,0,0,0,0,1,63,43 kW,400,1,125,50 kW,500
AJT-00001,unassigned_point,node/5137692863,no,37.9228613,-8.2415166,Galp Geste,yes,24/7,Mobi.E,Area de Serviço de Aljustrel sentido S/N,Aljustrel,,,+351 800 249 249,https://www.mobie.pt,1,120,50 kW,500,0,0,0,0,0,0,0,0,0,0,0,0,1,63,43 kW,400,1,125,50 kW,500
AJT-00002,unassigned_point,node/5137692864,no,37.9243842,-8.2438763,Galp Geste,yes,24/7,Mobi.E,Area de Serviço de Aljustrel sentido N/S,Aljustrel,,,+351 800 249 249,https://www.mobie.pt,1,120,50 kW,500,0,0,0,0,0,0,0,0,0,0,0,0,1,63,43 kW,400,1,125,50 kW,500
AJT-00004,unassigned_point,node/8435997505,no,37.878103,-8.1635943,Powerdot,yes,24/7,Mobi.E,,,,,+351 800 180 292,https://www.mobie.pt,0,0,0,0,0,0,0,0,0,0,0,0,2,32,22 kW,400,0,0,0,0,0,0,0,0
AJT-00011,unassigned_point,node/10831642485,no,37.8845323,-8.1517417,Atlante,yes,24/7,Mobi.E,,,,,+351 800 296 929;+351 234 246 050,https://www.mobie.pt/,1,125,50 kW,500,0,0,0,0,0,0,0,0,0,0,0,0,1,32,22 kW,400,1,150,60 kW,500
AJZ-00001,unassigned_point,node/7296518412,no,37.4346502,-8.7686294,EDP,yes,24/7,Mobi.E,,,,,+351 800 222 222,https://www.mobie.pt,0,0,0,0,0,0,0,0,0,0,0,0,2,32,22 kW,400,0,0,0,0,0,0,0,0
AJZ-00004,unassigned_point,node/9783866981,no,37.3171999,-8.7981988,KLC Serviços,yes,24/7,Mobi.E,,,,,+351 800 202 060,https://www.mobie.pt/,0,0,0,0,0,0,0,0,0,0,0,0,2,32,22 kW,400,0,0,0,0,0,0,0,0
AJZ-00008,unassigned_point,node/12115804084,no,37.3184471,-8.7984391,Galp Power,yes,24/7,Mobi.E,,,,,+351 800 249 249,https://www.mobie.pt/,0,0,0,0,0,0,0,0,0,0,0,0,0,0,0,0,0,0,0,0,2,200,120 kW,1000
ALB-00003,unassigned_point,node/7249654002,no,40.7134582,-8.4827369,Helexia II,yes,24/7,Mobi.E,,,,,+351 210 181 157,https://www.mobie.pt,0,0,0,0,0,0,0,0,0,0,0,0,2,32,22 kW,400,0,0,0,0,0,0,0,0
ALB-00004,unassigned_point,node/8440774859,no,40.68515,-8.52118,Powerdot,yes,24/7,Mobi.E,EN 16,Albergaria-a-Velha,,,+351 800 180 292,https://www.mobie.pt,1,120,50 kW,500,0,0,0,0,0,0,0,0,0,0,0,0,1,63,43 kW,400,1,125,50 kW,500
ALB-00007,unassigned_point,node/10109931967,no,40.7129191,-8.4818165,EDP,yes,24/7,Mobi.E,,,,,+351 800 222 222,https://www.mobie.pt/,1,120,50 kW,500,0,0,0,0,0,0,0,0,0,0,0,0,0,0,0,0,1,200,120 kW,1000
ALB-00008,unassigned_point,node/7241151692,no,40.6908867,-8.4792229,Galp Power,yes,24/7,Mobi.E,,,,,+351 800 249 249,https://www.mobie.pt,0,0,0,0,0,0,0,0,0,0,0,0,2,32,22 kW,400,0,0,0,0,0,0,0,0
ALB-00010,unassigned_point,node/11910670627,no,40.690039,-8.474714,Galp Power,yes,24/7,Mobi.E,,,,,+351 800 249 249,https://www.mobie.pt/,0,0,0,0,0,0,0,0,0,0,0,0,2,32,22 kW,400,0,0,0,0,0,0,0,0
ALB-00011,unassigned_point,node/12396659292,no,40.689876,-8.482333,Galp Power,yes,24/7,Mobi.E,,,,,+351 800 249 249,https://www.mobie.pt/,0,0,0,0,0,0,0,0,0,0,0,0,0,0,0,0,0,0,0,0,2,200,80 kW,500
ALB-00012,unassigned_point,node/11910670620,no,40.68654,-8.472074,Galp Power,yes,24/7,Mobi.E,,,,,+351 800 249 249,https://www.mobie.pt/,0,0,0,0,0,0,0,0,0,0,0,0,2,32,22 kW,400,0,0,0,0,0,0,0,0
ALB-00013,unassigned_point,node/12063761615,no,40.6873221,-8.47493,Galp Power,yes,24/7,Mobi.E,,,,,+351 800 249 249,https://www.mobie.pt/,0,0,0,0,0,0,0,0,0,0,0,0,2,32,22 kW,400,0,0,0,0,0,0,0,0
ALB-00014,unassigned_point,node/12063761614,no,40.747133,-8.485678,Galp Power,yes,24/7,Mobi.E,,,,,+351 800 249 249,https://www.mobie.pt/,0,0,0,0,0,0,0,0,0,0,0,0,2,32,22 kW,400,0,0,0,0,0,0,0,0
ALB-00015,unassigned_point,node/11910670626,no,40.6713508,-8.5579183,Galp Power,yes,24/7,Mobi.E,,,,,+351 800 249 249,https://www.mobie.pt/,0,0,0,0,0,0,0,0,0,0,0,0,2,32,22 kW,400,0,0,0,0,0,0,0,0
ALB-00016,unassigned_point,node/11910670625,no,40.6390379,-8.5474361,Galp Power,yes,24/7,Mobi.E,,,,,+351 800 249 249,https://www.mobie.pt/,0,0,0,0,0,0,0,0,0,0,0,0,2,32,22 kW,400,0,0,0,0,0,0,0,0
ALB-00025,unassigned_point,node/11762202550,no,40.6967356,-8.4804293,Galp Power,yes,24/7,Mobi.E,,,,,+351 800 249 249,https://www.mobie.pt/,0,0,0,0,0,0,0,0,0,0,0,0,2,32,22 kW,400,0,0,0,0,0,0,0,0
ALB-00026,unassigned_point,node/13822480037,no,40.7543585,-8.485938,Galp Power,yes,24/7,Mobi.E,,,,,,https://www.mobie.pt/,0,0,0,0,0,0,0,0,0,0,0,0,0,0,0,0,0,0,0,0,2,250,120 kW,1000
ALB-00027,unassigned_point,node/12075901733,no,40.6588431,-8.5363458,Galp Power,yes,24/7,Mobi.E,,,,,+351 800 249 249,https://www.mobie.pt/,0,0,0,0,0,0,0,0,0,0,0,0,2,32,22 kW,400,0,0,0,0,0,0,0,0
ALB-00028,unassigned_point,node/12075901732,no,40.7412519,-8.4456028,Galp Power,yes,24/7,Mobi.E,,,,,+351 800 249 249,https://www.mobie.pt/,0,0,0,0,0,0,0,0,0,0,0,0,2,32,22 kW,400,0,0,0,0,0,0,0,0
ALB-00029,unassigned_point,node/12075901731,no,40.6990963,-8.4615818,Galp Power,yes,24/7,Mobi.E,,,,,+351 800 249 249,https://www.mobie.pt/,0,0,0,0,0,0,0,0,0,0,0,0,2,32,22 kW,400,0,0,0,0,0,0,0,0
ALB-00030,unassigned_point,node/12219380412,no,40.6208392,-8.5083627,Galp Power,yes,24/7,Mobi.E,,,,,+351 800 249 249,https://www.mobie.pt/,0,0,0,0,0,0,0,0,0,0,0,0,2,32,22 kW,400,0,0,0,0,0,0,0,0
ALB-00031,unassigned_point,node/12607338151,no,40.6819397,-8.4886812,EDP,yes,24/7,Mobi.E,,,,,+351 800 222 222,https://www.mobie.pt/,0,0,0,0,0,0,0,0,0,0,0,0,0,0,0,0,0,0,0,0,2,300,120 kW,1000
ALB-00032,unassigned_point,node/13720872592,no,40.70529,-8.483313,Galp Power,yes,24/7,Mobi.E,,,,,+351 800 249 249,https://www.mobie.pt/,1,125,50 kW,500,0,0,0,0,0,0,0,0,0,0,0,0,1,32,22 kW,400,1,125,50 kW,500
ALB-90002,unassigned_point,node/8112745324,no,40.6869052,-8.4803309,Galp Power,yes,24/7,Mobi.E,,,,,+351 800 249 249,https://www.mobie.pt,0,0,0,0,0,0,0,0,0,0,0,0,2,20,14 kW,400,0,0,0,0,0,0,0,0
ALD-00003,unassigned_point,node/9605768233,no,40.6185436,-6.8443239,Powerdot,yes,24/7,Mobi.E,,,,,+351 800 180 292,https://www.mobie.pt/,1,120,50 kW,500,0,0,0,0,0,0,0,0,0,0,0,0,1,32,22 kW,400,1,125,50 kW,500
ALD-00004,unassigned_point,node/11033968440,no,40.6073791,-6.8274039,Powerdot,yes,24/7,Mobi.E,,,,,+351 800 180 292,https://www.mobie.pt/,0,0,0,0,0,0,0,0,0,0,0,0,0,0,0,0,1,32,22 kW,400,2,375,100 kW,1000
ALD-00007,unassigned_point,node/8225144350,no,40.6084942,-6.8279909,Prio.E,yes,24/7,Mobi.E,Avenida da Fronteira,Vilar Formoso,,,+351 800 100 303,https://www.mobie.pt,1,120,50 kW,500,0,0,0,0,0,0,0,0,0,0,0,0,0,0,0,0,1,250,90 kW,1000
ALD-00012,unassigned_point,node/10572522106,no,40.610646,-6.830446,Repsol,yes,24/7,Mobi.E,,,,,+351 800 226 624,https://www.mobie.pt/,1,125,50 kW,500,0,0,0,0,0,0,0,0,0,0,0,0,1,32,22 kW,400,1,150,60 kW,500
ALJ-80001,unassigned_point,node/8113054721,no,41.275828,-7.4771163,Atlante,yes,24/7,Mobi.E,,,,PT,+351 800 296 929;+351 234 246 050,https://www.mobie.pt,0,0,0,0,0,0,0,0,0,0,0,0,2,32,22 kW,400,0,0,0,0,0,0,0,0
ALM-00004,unassigned_point,node/8119362926,no,38.6813853,-9.1595054,Powerdot,yes,24/7,Mobi.E,,,,,+351 800 180 292,https://www.mobie.pt,0,0,0,0,0,0,0,0,0,0,0,0,2,16,3.7 kW,230,0,0,0,0,0,0,0,0
ALM-00007,unassigned_point,node/8119362927,no,38.669354,-9.1654864,Atlante,yes,24/7,Mobi.E,,,,,+351 800 296 929;+351 234 246 050,https://www.mobie.pt,0,0,0,0,0,0,0,0,0,0,0,0,2,16,3.7 kW,230,0,0,0,0,0,0,0,0
ALM-00012,unassigned_point,node/7778155514,no,38.6475446,-9.2407981,Powerdot,yes,24/7,Mobi.E,,,,,+351 800 180 292,https://www.mobie.pt,0,0,0,0,0,0,0,0,0,0,0,0,2,16,3.7 kW,230,0,0,0,0,0,0,0,0
ALM-00016,unassigned_point,node/9033085853,no,38.6870406,-9.1474526,Galp Power,yes,24/7,Mobi.E,,,,,+351 800 249 249,https://www.mobie.pt,0,0,0,0,0,0,0,0,0,0,0,0,2,32,7.4 kW,230,0,0,0,0,0,0,0,0
ALM-00017,unassigned_point,node/9036258145,no,38.6412148,-9.2366971,Galp Power,yes,24/7,Mobi.E,,,,,+351 800 249 249,https://www.mobie.pt,0,0,0,0,0,0,0,0,0,0,0,0,2,32,7.4 kW,230,0,0,0,0,0,0,0,0
ALM-00018,unassigned_point,node/9036258144,no,38.6621788,-9.2016032,Galp Power,yes,24/7,Mobi.E,,,,,+351 800 249 249,https://www.mobie.pt,0,0,0,0,0,0,0,0,0,0,0,0,2,32,7.4 kW,230,0,0,0,0,0,0,0,0
ALM-00021,unassigned_point,node/7778234093,no,38.6702063,-9.1704163,Atlante,yes,24/7,Mobi.E,,,,,+351 800 296 929;+351 234 246 050,https://www.mobie.pt,0,0,0,0,0,0,0,0,0,0,0,0,2,16,3.7 kW,230,0,0,0,0,0,0,0,0
ALM-00022,unassigned_point,node/7778302985,no,38.6481653,-9.1834836,EDP,yes,24/7,Mobi.E,,,,,+351 800 222 222,https://www.mobie.pt,0,0,0,0,0,0,0,0,0,0,0,0,2,16,3.7 kW,230,0,0,0,0,0,0,0,0
ALM-00030,unassigned_point,node/9033085852,no,38.6576149,-9.1600628,Galp Power,yes,24/7,Mobi.E,,,,,+351 800 249 249,https://www.mobie.pt,0,0,0,0,0,0,0,0,0,0,0,0,2,32,7.4 kW,230,0,0,0,0,0,0,0,0
ALM-00031,unassigned_point,node/9440272696,no,38.665951,-9.197431,Galp Power,yes,24/7,Mobi.E,,,,,+351 800 249 249,https://www.mobie.pt/,0,0,0,0,0,0,0,0,0,0,0,0,2,32,22 kW,400,0,0,0,0,0,0,0,0
ALM-00032,unassigned_point,node/9458380038,no,38.6652084,-9.1797316,Powerdot,yes,24/7,Mobi.E,,,,,+351 800 180 292,https://www.mobie.pt/,0,0,0,0,0,0,0,0,0,0,0,0,2,32,7.4 kW,230,0,0,0,0,0,0,0,0
ALM-00034,unassigned_point,node/9716350583,no,38.6624311,-9.1633099,EDP,yes,24/7,Mobi.E,,,,,+351 800 222 222,https://www.mobie.pt,0,0,0,0,0,0,0,0,0,0,0,0,1,32,22 kW,400,0,0,0,0,2,200,120 kW,1000
ALM-00040,unassigned_point,node/7778396981,no,38.6356089,-9.1958276,Galp Geste,yes,24/7,Mobi.E,,,,,+351 800 249 249,https://www.mobie.pt,1,120,50 kW,500,0,0,0,0,0,0,0,0,0,0,0,0,1,63,43 kW,400,1,125,50 kW,500
ALM-00042,unassigned_point,node/9848264276,no,38.6678421,-9.1598906,Repsol,yes,24/7,Mobi.E,,,,,+351 800 226 624,https://www.mobie.pt/,1,125,50 kW,500,0,0,0,0,0,0,0,0,0,0,0,0,1,63,43 kW,400,1,150,60 kW,1000
ALM-00043,unassigned_point,node/9902496781,no,38.612967,-9.1889715,EDP,yes,08:00-24:00,Mobi.E,,,,,+351 800 222 222,https://www.mobie.pt,0,0,0,0,0,0,0,0,0,0,0,0,1,32,22 kW,400,0,0,0,0,2,200,120 kW,1000
ALM-00062,unassigned_point,node/11071979376,no,38.5784438,-9.1730946,Powerdot,yes,24/7,Mobi.E,,,,,+351 800 180 292,https://www.mobie.pt/,0,0,0,0,0,0,0,0,0,0,0,0,2,32,22 kW,400,0,0,0,0,0,0,0,0
ALM-00071,unassigned_point,node/11333727921,no,38.647101,-9.2198105,Atlante,yes,09:00-21:00,Mobi.E,,,,,+351 800 296 929;+351 234 246 050,https://www.mobie.pt/,1,125,50 kW,500,0,0,0,0,0,0,0,0,0,0,0,0,1,32,22 kW,400,1,150,60 kW,500
ALM-00073,unassigned_point,node/10246995937,no,38.6739955,-9.1598609,Atlante,yes,07:30-21:30,Mobi.E,,,,,+351 800 296 929;+351 234 246 050,https://www.mobie.pt/,1,120,50 kW,500,0,0,0,0,0,0,0,0,0,0,0,0,0,0,0,0,1,150,60 kW,500
ALM-00084,unassigned_point,node/8207182589,no,38.6304865,-9.1767379,Galp Power,yes,24/7,Mobi.E,Estrada Quinta da Carcereira,Almada,,,+351 800 249 249,https://www.mobie.pt,1,120,50 kW,500,0,0,0,0,0,0,0,0,0,0,0,0,1,63,43 kW,400,1,125,50 kW,500
ALM-00087,unassigned_point,node/12236156362,no,38.6330647,-9.1790352,Green Evolut,yes,10:00-20:00,Mobi.E,,,,,,https://www.mobie.pt/,0,0,0,0,0,0,0,0,0,0,0,0,2,32,22 kW,400,0,0,0,0,0,0,0,0
ALM-00095,unassigned_point,node/7778139838,no,38.6734506,-9.1615489,Powerdot,yes,24/7,Mobi.E,,,,,+351 800 180 292,https://www.mobie.pt,0,0,0,0,0,0,0,0,0,0,0,0,2,16,11 kW,400,0,0,0,0,0,0,0,0
ALM-00096,unassigned_point,node/8119344297,no,38.6543514,-9.1678219,Powerdot,yes,24/7,Mobi.E,,,,,+351 800 180 292,https://www.mobie.pt,0,0,0,0,0,0,0,0,0,0,0,0,2,16,11 kW,400,0,0,0,0,0,0,0,0
ALM-00100,unassigned_point,node/9458380039,no,38.6706943,-9.1706188,Galp Power,yes,09:00-21:00,Mobi.E,,,,,+351 800 249 249,https://www.mobie.pt/,1,120,50 kW,500,0,0,0,0,0,0,0,0,0,0,0,0,1,32,22 kW,400,1,125,50 kW,500
ALM-00112,unassigned_point,node/13983780477,no,38.6624208,-9.1997347,Mota Engil II,yes,24/7,Mobi.E,,,,,+351 800 020 940,https://www.mobie.pt/,0,0,0,0,0,0,0,0,0,0,0,0,0,0,0,0,0,0,0,0,2,150,50 kW,1000
ALM-00118,unassigned_point,node/13207352146,no,38.6232941,-9.1943095,Galp Power,yes,08:00-21:00,Mobi.E,,,,,+351 800 249 249,https://www.mobie.pt/,1,125,50 kW,500,0,0,0,0,0,0,0,0,0,0,0,0,1,32,22 kW,400,1,125,50 kW,500
ALM-00150,unassigned_point,node/13805699202,no,38.675854,-9.207157,Mota Engil II,yes,24/7,Mobi.E,,,,,+351 800 020 940,https://www.mobie.pt/,0,0,0,0,0,0,0,0,0,0,0,0,0,0,0,0,0,0,0,0,2,150,50 kW,1000
ALM-00163,unassigned_point,node/14023307317,no,38.6701173,-9.2353777,EDP,yes,24/7,Mobi.E,,,,,+351 800 222 222,https://www.edp.pt/,0,0,0,0,0,0,0,0,0,0,0,0,2,32,22 kW,400,0,0,0,0,0,0,0,0
ALM-00164,unassigned_point,node/13976142306,no,38.6454957,-9.1742113,EDP,yes,24/7,Mobi.E,,,,,+351 800 222 222,https://www.mobie.pt/,0,0,0,0,0,0,0,0,0,0,0,0,2,32,22 kW,400,0,0,0,0,0,0,0,0
ALM-00167,unassigned_point,node/13976132631,no,38.6757023,-9.1586338,EDP,yes,24/7,Mobi.E,,,,,+351 800 222 222,https://www.mobie.pt/,0,0,0,0,0,0,0,0,0,0,0,0,2,32,22 kW,400,0,0,0,0,0,0,0,0
ALM-00168,unassigned_point,node/13976169610,no,38.6699517,-9.1698196,EDP,yes,24/7,Mobi.E,,,,,+351 800 222 222,https://www.mobie.pt/,0,0,0,0,0,0,0,0,0,0,0,0,0,0,0,0,1,32,22 kW,400,2,200,60 kW,1000
ALM-00169,unassigned_point,node/13976182876,no,38.6045292,-9.183099,EDP,yes,24/7,Mobi.E,,,,,+351 800 222 222,https://www.mobie.pt/,0,0,0,0,0,0,0,0,0,0,0,0,2,32,22 kW,400,0,0,0,0,0,0,0,0
ALM-00172,unassigned_point,node/13976182875,no,38.651529,-9.1506876,EDP,yes,24/7,Mobi.E,,,,,+351 800 222 222,https://www.mobie.pt/,0,0,0,0,0,0,0,0,0,0,0,0,2,32,22 kW,400,0,0,0,0,0,0,0,0
ALM-00174,unassigned_point,node/13976182874,no,38.6700626,-9.1580561,EDP,yes,24/7,Mobi.E,,,,,+351 800 222 222,https://www.mobie.pt/,0,0,0,0,0,0,0,0,0,0,0,0,0,0,0,0,1,32,22 kW,400,2,200,60 kW,1000
ALM-00181,unassigned_point,node/13976219367,no,38.6619792,-9.2016176,EDP,yes,24/7,Mobi.E,,,,,+351 800 222 222,https://www.mobie.pt/,0,0,0,0,0,0,0,0,0,0,0,0,2,32,22 kW,400,0,0,0,0,0,0,0,0
ALM-00185,unassigned_point,node/14032137114,no,38.6790565,-9.1589493,EDP,yes,24/7,Mobi.E,,,,,+351 800 222 222,https://www.edp.pt/,0,0,0,0,0,0,0,0,0,0,0,0,1,32,22 kW,400,0,0,0,0,2,200,60 kW,1000
ALM-00192,unassigned_point,node/14095417057,no,38.6464226,-9.1693735,EDP,yes,24/7,Mobi.E,,,,,+351 800 222 222,https://www.edp.pt/,0,0,0,0,0,0,0,0,0,0,0,0,0,0,0,0,2,32,22 kW,400,0,0,0,0
ALM-00194,unassigned_point,node/10760048721,no,38.6483048,-9.15386,Atlante,yes,08:00-22:00,Mobi.E,,,,,+351 800 296 929;+351 234 246 050,https://www.mobie.pt/,0,0,0,0,0,0,0,0,0,0,0,0,0,0,0,0,0,0,0,0,2,300,70 kW,1000
ALM-80024,unassigned_point,node/8119339963,no,38.6175877,-9.1911136,Atlante,yes,24/7,Mobi.E,,,,,+351 800 296 929;+351 234 246 050,https://www.mobie.pt,0,0,0,0,0,0,0,0,0,0,0,0,2,16,3.7 kW,230,0,0,0,0,0,0,0,0
ALM-90003,unassigned_point,node/7777964422,no,38.6790717,-9.1583733,Powerdot,yes,24/7,Mobi.E,,,,,+351 800 180 292,https://www.mobie.pt,0,0,0,0,0,0,0,0,0,0,0,0,2,32,7.4 kW,230,0,0,0,0,0,0,0,0
ALM-90008,unassigned_point,node/8119362928,no,38.6545749,-9.1529471,Galp Power,yes,24/7,Mobi.E,,,,,+351 800 249 249,https://www.mobie.pt,0,0,0,0,0,0,0,0,0,0,0,0,2,16,3.7 kW,230,0,0,0,0,0,0,0,0
ALM-90010,unassigned_point,node/7778138484,no,38.6672496,-9.1607663,Galp Power,yes,24/7,Mobi.E,,,,,+351 800 249 249,https://www.mobie.pt,0,0,0,0,0,0,0,0,0,0,0,0,2,16,11 kW,400,0,0,0,0,0,0,0,0
ALM-90020,unassigned_point,node/7778201066,no,38.6068785,-9.2099775,Powerdot,yes,24/7,Mobi.E,,,,,+351 800 180 292,https://www.mobie.pt,0,0,0,0,0,0,0,0,0,0,0,0,2,16,3.7 kW,230,0,0,0,0,0,0,0,0
ALM-90023,unassigned_point,node/7778307066,no,38.6720872,-9.1560463,EDP,yes,24/7,Mobi.E,,,,,+351 800 222 222,https://www.mobie.pt,0,0,0,0,0,0,0,0,0,0,0,0,2,16,3.7 kW,230,0,0,0,0,0,0,0,0
ALM-90027,unassigned_point,node/7778337443,no,38.6630555,-9.165473,Galp Power,yes,24/7,Mobi.E,,,,,+351 800 249 249,https://www.mobie.pt,0,0,0,0,0,0,0,0,0,0,0,0,2,32,7.4 kW,230,0,0,0,0,0,0,0,0
ALM-90028,unassigned_point,node/7778377116,no,38.672855,-9.232158,Powerdot,yes,24/7,Mobi.E,,,,,+351 800 180 292,https://www.mobie.pt,0,0,0,0,0,0,0,0,0,0,0,0,2,16,3.7 kW,230,0,0,0,0,0,0,0,0
ALQ-00001,unassigned_point,node/8086093763,no,39.0508884,-9.0038317,Atlante,yes,24/7,Mobi.E,,,,,+351 800 296 929;+351 234 246 050,https://www.mobie.pt,0,0,0,0,0,0,0,0,0,0,0,0,2,32,22 kW,400,0,0,0,0,0,0,0,0
ALQ-00010,unassigned_point,node/10708033834,no,39.0281903,-8.9811381,Powerdot,yes,24/7,Mobi.E,,,,,+351 800 180 292,https://www.mobie.pt,0,0,0,0,0,0,0,0,0,0,0,0,2,32,22 kW,400,0,0,0,0,0,0,0,0
ALQ-00011,unassigned_point,node/10759838504,no,39.0394314,-8.9897853,Repsol,yes,24/7,Mobi.E,,,,,+351 800 226 624,https://www.mobie.pt/,0,0,0,0,0,0,0,0,0,0,0,0,0,0,0,0,1,32,22 kW,400,0,0,0,0
ALQ-00015,unassigned_point,node/10605859725,no,39.0268418,-8.9802012,Atlante,yes,24/7,Mobi.E,,,,,+351 800 296 929;+351 234 246 050,https://www.mobie.pt/,1,120,50 kW,500,0,0,0,0,0,0,0,0,0,0,0,0,1,32,22 kW,400,1,125,50 kW,500
ALQ-00017,unassigned_point,node/11808082244,no,39.0219756,-8.9750328,Atlante,yes,24/7,Mobi.E,,,,,+351 800 296 929;+351 234 246 050,https://www.mobie.pt/,1,125,50 kW,500,0,0,0,0,0,0,0,0,0,0,0,0,0,0,0,0,1,250,120 kW,1000
ALQ-00019,unassigned_point,node/11418595553,no,39.0975244,-9.1198121,EDP,yes,24/7,Mobi.E,,,,PT,+351 800 222 222,https://www.mobie.pt/,0,0,0,0,0,0,0,0,0,0,0,0,2,16,11 kW,400,0,0,0,0,0,0,0,0
ALQ-00020,unassigned_point,node/11808082243,no,39.024304,-8.979769,Atlante,yes,24/7,Mobi.E,,,,,+351 800 296 929;+351 234 246 050,https://www.mobie.pt/,0,0,0,0,0,0,0,0,0,0,0,0,2,32,22 kW,400,0,0,0,0,0,0,0,0
ALQ-00021,unassigned_point,node/11418595554,no,39.0571422,-9.0056147,Galp Power,yes,24/7,Mobi.E,,,,,+351 800 249 249,https://www.mobie.pt/,0,0,0,0,0,0,0,0,0,0,0,0,2,32,22 kW,400,0,0,0,0,0,0,0,0
ALQ-00024,unassigned_point,node/12639672665,no,39.0219497,-8.9773346,Galp Power,yes,24/7,Mobi.E,,,,,+351 800 249 249,https://www.mobie.pt/,0,0,0,0,0,0,0,0,0,0,0,0,2,32,22 kW,400,0,0,0,0,0,0,0,0
ALQ-00025,unassigned_point,node/13688379233,no,39.0325748,-8.9574991,Charging Together,yes,24/7,Mobi.E,,,,,+351 800 917 576,https://www.mobie.pt/,1,200,80 kW,500,0,0,0,0,0,0,0,0,0,0,0,0,0,0,0,0,2,500,150 kW,1000
ALQ-00027,unassigned_point,node/12691154252,no,39.023354,-8.97721,Galp Power,yes,24/7,Mobi.E,,,,,+351 800 249 249,https://www.mobie.pt/,0,0,0,0,0,0,0,0,0,0,0,0,2,32,22 kW,400,0,0,0,0,0,0,0,0
ALQ-00028,unassigned_point,node/9848183330,no,39.0405304,-8.9875834,Galp Power,yes,24/7,Mobi.E,,,,,+351 800 249 249,https://www.mobie.pt/,1,120,50 kW,500,0,0,0,0,0,0,0,0,0,0,0,0,1,32,22 kW,400,1,125,50 kW,500
ALQ-00029,unassigned_point,node/13034653274,no,39.050667,-9.006527,Galp Power,yes,24/7,Mobi.E,,,,,,https://www.mobie.pt/,0,0,0,0,0,0,0,0,0,0,0,0,0,0,0,0,0,0,0,0,2,150,60 kW,1000
ALQ-00030,unassigned_point,node/11418595555,no,39.0555116,-9.0073635,Galp Power,yes,24/7,Mobi.E,,,,,+351 800 249 249,https://www.mobie.pt/,0,0,0,0,0,0,0,0,0,0,0,0,2,32,22 kW,400,0,0,0,0,0,0,0,0
ALR-00005,unassigned_point,node/8833398841,no,39.1904343,-8.6241502,Atlante,yes,24/7,Mobi.E,,Almeirim,,,+351 800 296 929;+351 234 246 050,https://www.mobie.pt,1,120,50 kW,500,0,0,0,0,0,0,0,0,0,0,0,0,1,32,22 kW,400,1,125,50 kW,500
ALR-00007,unassigned_point,node/11892126463,no,39.2008764,-8.6183384,EDP,yes,24/7,Mobi.E,,,,,+351 800 222 222,https://www.mobie.pt/,0,0,0,0,0,0,0,0,0,0,0,0,2,32,22 kW,400,0,0,0,0,0,0,0,0
ALR-00008,unassigned_point,node/12109953977,no,39.196201,-8.6260923,EDP,yes,24/7,Mobi.E,,,,,+351 800 222 222,https://www.mobie.pt/,0,0,0,0,0,0,0,0,0,0,0,0,2,16,11 kW,400,0,0,0,0,0,0,0,0
ALR-00010,unassigned_point,node/12854287398,no,39.192935,-8.6189758,EDP,yes,Mo-Sa 08:30-19:30,Mobi.E,,,,,+351 800 222 222,https://www.mobie.pt/,0,0,0,0,0,0,0,0,0,0,0,0,2,32,22 kW,400,0,0,0,0,0,0,0,0
ALR-00011,unassigned_point,node/9254470432,no,39.1941443,-8.6188412,Galp Power,yes,24/7,Mobi.E,,,,,+351 800 249 249,https://www.mobie.pt/,1,120,50 kW,500,0,0,0,0,0,0,0,0,0,0,0,0,1,63,43 kW,400,1,125,50 kW,500
ALR-80001,unassigned_point,node/8280683076,no,39.201053,-8.6278027,Atlante,yes,24/7,Mobi.E,,,,,+351 800 296 929;+351 234 246 050,https://www.mobie.pt,0,0,0,0,0,0,0,0,0,0,0,0,2,32,22 kW,400,0,0,0,0,0,0,0,0
ALT-00001,unassigned_point,node/7765084153,no,39.1975111,-7.6594301,Atlante,yes,24/7,Mobi.E,,,,PT,+351 800 296 929;+351 234 246 050,https://www.mobie.pt,0,0,0,0,0,0,0,0,0,0,0,0,2,32,22 kW,400,0,0,0,0,0,0,0,0
ALT-00007,unassigned_point,node/12202535201,no,39.189592,-7.655618,Galp Power,yes,24/7,Mobi.E,,,,,+351 800 249 249,https://www.mobie.pt/,0,0,0,0,0,0,0,0,0,0,0,0,0,0,0,0,0,0,0,0,2,250,90 kW,1000
AMD-00032,unassigned_point,node/8207445160,no,38.7644531,-9.2114272,Galp Geste,yes,24/7,Mobi.E,Avenida Ruy Luís Gomes,Brandoa,,,+351 800 249 249,https://www.mobie.pt,1,120,50 kW,500,0,0,0,0,0,0,0,0,0,0,0,0,1,63,43 kW,400,1,125,50 kW,500
AMD-00047,unassigned_point,node/9571079476,no,38.7482306,-9.2294542,Mobiletric,yes,24/7,Mobi.E,,,,,+351 800 249 249,https://www.mobie.pt/,0,0,0,0,0,0,0,0,0,0,0,0,2,32,22 kW,400,0,0,0,0,0,0,0,0
AMD-00051,unassigned_point,node/9993453123,no,38.7879471,-9.2268004,EZ-Charg3,yes,Mo-Fr 08:00-19:00; Sa 08:00-13:00,Mobi.E,,,,,,https://www.mobie.pt/,0,0,0,0,0,0,0,0,0,0,0,0,1,16,11 kW,400,0,0,0,0,0,0,0,0
AMD-00101,unassigned_point,node/7633987960,no,38.7635512,-9.2036707,Prio.E,yes,24/7,Mobi.E,Avenida Ruy Luís Gomes,Amadora,,,+351 800 100 303,https://www.mobie.pt,1,120,50 kW,500,0,0,0,0,0,0,0,0,0,0,0,0,0,0,0,0,1,125,50 kW,500
AMD-00102,unassigned_point,node/10891755086,no,38.757645,-9.2302022,Powerdot,yes,24/7,Mobi.E,,,,,+351 800 180 292,https://www.mobie.pt/,0,0,0,0,0,0,0,0,0,0,0,0,1,32,22 kW,400,0,0,0,0,2,400,100 kW,1000
AMD-00103,unassigned_point,node/11443337435,no,38.7373166,-9.2288707,Galp Power,yes,07:00-23:00,Mobi.E,,,,,+351 800 249 249,https://www.mobie.pt/,0,0,0,0,0,0,0,0,0,0,0,0,1,32,22 kW,400,0,0,0,0,2,350,180 kW,1000
AMD-00105,unassigned_point,node/10246995936,no,38.7377516,-9.2255394,Atlante,yes,09:00-21:00,Mobi.E,,,,,+351 800 296 929;+351 234 246 050,https://www.mobie.pt/,0,0,0,0,0,0,0,0,0,0,0,0,0,0,0,0,0,0,0,0,2,200,100 kW,1000
AMD-00108,unassigned_point,node/11784499366,no,38.7347755,-9.2213496,Green Evolut,yes,24/7,Mobi.E,,,,,,https://www.mobie.pt/,0,0,0,0,0,0,0,0,0,0,0,0,2,32,22 kW,400,0,0,0,0,0,0,0,0
AMD-00109,unassigned_point,node/10990283016,no,38.7590619,-9.2446919,Galp Power,yes,09:00-21:00,Mobi.E,,,,,+351 800 249 249,https://www.mobie.pt/,1,120,50 kW,500,0,0,0,0,0,0,0,0,0,0,0,0,1,32,22 kW,400,1,125,50 kW,500
AMD-00110,unassigned_point,node/9848264266,no,38.7543938,-9.2177686,Galp Power,yes,24/7,Mobi.E,,,,,+351 800 249 249,https://www.mobie.pt/,1,120,50 kW,500,0,0,0,0,0,0,0,0,0,0,0,0,1,32,22 kW,400,1,125,50 kW,500
AMD-00111,unassigned_point,node/8009768345,no,38.7412768,-9.2246627,Galp Power,yes,24/7,Mobi.E,,Alfragide,,,+351 800 249 249,https://www.mobie.pt,1,120,50 kW,500,0,0,0,0,0,0,0,0,0,0,0,0,1,63,43 kW,400,1,125,50 kW,500
AMD-00112,unassigned_point,node/8009843628,no,38.7335985,-9.2237051,Galp Power,yes,24/7,Mobi.E,Estrada dos Cabos de Ávila,Alfragide,,,+351 800 249 249,https://www.mobie.pt,0,0,0,0,0,0,0,0,0,0,0,0,0,0,0,0,0,0,0,0,2,250,90 kW,1000
AMD-00120,unassigned_point,node/13994673066,no,38.7572105,-9.2246461,EDP,yes,08:00-21:00,Mobi.E,,,,,+351 800 222 222,https://www.edp.pt/,0,0,0,0,0,0,0,0,0,0,0,0,0,0,0,0,0,0,0,0,2,300,120 kW,1000
AMD-90017,unassigned_point,node/8280572403,no,38.7594613,-9.233284,Galp Power,yes,24/7,Mobi.E,,,,,+351 800 249 249,https://www.mobie.pt,0,0,0,0,0,0,0,0,0,0,0,0,2,32,22 kW,400,0,0,0,0,0,0,0,0
AMM-00004,unassigned_point,node/10981449250,no,41.0991555,-7.6862699,EDP,yes,24/7,Mobi.E,,,,,+351 800 222 222,https://www.mobie.pt/,0,0,0,0,0,0,0,0,0,0,0,0,2,32,22 kW,400,0,0,0,0,0,0,0,0
AMM-90001,unassigned_point,node/8112945348,no,41.1086937,-7.6936577,EDP,yes,24/7,Mobi.E,,,,,+351 800 222 222,https://www.mobie.pt,0,0,0,0,0,0,0,0,0,0,0,0,2,32,22 kW,400,0,0,0,0,0,0,0,0
AMR-00004,unassigned_point,node/8486684186,no,41.625662,-8.360425,Powerdot,yes,24/7,Mobi.E,,,,,+351 800 180 292,https://www.mobie.pt,0,0,0,0,0,0,0,0,0,0,0,0,2,32,22 kW,400,0,0,0,0,0,0,0,0
AMR-00005,unassigned_point,node/12084087273,no,41.6374984,-8.4146546,EDP,yes,24/7,Mobi.E,,,,,+351 800 222 222,https://www.mobie.pt/,0,0,0,0,0,0,0,0,0,0,0,0,2,32,7.4 kW,230,0,0,0,0,0,0,0,0
AMR-00006,unassigned_point,node/13004335504,no,41.62822,-8.3443456,Mota Engil II,yes,24/7,Mobi.E,,,,,,https://www.mobie.pt/,0,0,0,0,0,0,0,0,0,0,0,0,0,0,0,0,0,0,0,0,2,250,120 kW,1000
AMR-90001,unassigned_point,node/8313038145,no,41.6274167,-8.3647323,Galp Power,yes,24/7,Mobi.E,,,,,+351 800 249 249,https://www.mobie.pt,0,0,0,0,0,0,0,0,0,0,0,0,2,32,22 kW,400,0,0,0,0,0,0,0,0
AMT-00012,unassigned_point,node/8309551644,no,41.2675506,-8.0735417,EDP,yes,24/7,Mobi.E,,,,,+351 800 222 222,https://www.mobie.pt,0,0,0,0,0,0,0,0,0,0,0,0,2,32,22 kW,400,0,0,0,0,0,0,0,0
AMT-00014,unassigned_point,node/11329891928,no,41.266947,-8.080829,EDP,yes,24/7,Mobi.E,,,,,+351 800 222 222,https://www.mobie.pt/,0,0,0,0,0,0,0,0,0,0,0,0,2,32,22 kW,400,0,0,0,0,0,0,0,0
AMT-00020,unassigned_point,node/12676275904,no,41.2725408,-8.0897828,EDP,yes,24/7,Mobi.E,,,,,+351 800 222 222,https://www.mobie.pt/,1,125,50 kW,500,0,0,0,0,0,0,0,0,0,0,0,0,0,0,0,0,1,300,120 kW,1000
AMT-00021,unassigned_point,node/11748946633,no,41.273455,-8.077664,EDP,yes,24/7,Mobi.E,,,,,+351 800 222 222,https://www.mobie.pt/,0,0,0,0,0,0,0,0,0,0,0,0,2,32,22 kW,400,0,0,0,0,0,0,0,0
AMT-00025,unassigned_point,node/12094195211,no,41.2542861,-8.0732497,Mota Engil II,yes,24/7,Mobi.E,,,,,+351 800 020 940,https://www.mobie.pt/,0,0,0,0,0,0,0,0,0,0,0,0,0,0,0,0,0,0,0,0,2,200,60 kW,1000
AMT-00026,unassigned_point,node/12302440937,no,41.272575,-8.0895558,Galp Power,yes,24/7,Mobi.E,,,,,+351 800 249 249,https://www.mobie.pt/,0,0,0,0,0,0,0,0,0,0,0,0,0,0,0,0,0,0,0,0,2,250,180 kW,1000
AMT-00028,unassigned_point,node/13154179722,no,41.2757684,-8.0821372,Charging Together,yes,24/7,Mobi.E,,,,,+351 800 917 576,https://www.mobie.pt/,1,200,80 kW,500,0,0,0,0,0,0,0,0,0,0,0,0,0,0,0,0,2,500,150 kW,1000
AMT-00031,unassigned_point,node/8235050365,no,41.2735358,-8.0896656,Galp Power,yes,24/7,Mobi.E,,Amarante,,PT,+351 800 249 249,https://www.mobie.pt,1,120,50 kW,500,0,0,0,0,0,0,0,0,0,0,0,0,1,63,43 kW,400,1,125,50 kW,500
AMT-00033,unassigned_point,node/13647709841,no,41.2797786,-8.0825297,Galp Power,yes,24/7,Mobi.E,,,,,+351 800 249 249,https://www.mobie.pt/,0,0,0,0,0,0,0,0,0,0,0,0,0,0,0,0,0,0,0,0,2,300,120 kW,1000
AMT-00037,unassigned_point,node/11896590198,no,41.2625231,-8.062615,Prio.E,yes,24/7,Mobi.E,,,,,+351 800 100 303,https://www.mobie.pt/,0,0,0,0,0,0,0,0,0,0,0,0,0,0,0,0,0,0,0,0,2,250,90 kW,1000
AMT-00041,unassigned_point,node/13606582864,no,41.2477844,-8.1754398,Atlante,yes,24/7,Mobi.E,,,,,+351 800 296 929;+351 234 246 050,https://www.mobie.pt/,1,125,50 kW,500,0,0,0,0,0,0,0,0,1,32,22 kW,400,0,0,0,0,1,500,150 kW,1000
AMT-00042,unassigned_point,node/13572718274,no,41.2871287,-8.0954921,Atlante,yes,24/7,Mobi.E,,,,,+351 800 296 929;+351 234 246 050,https://www.mobie.pt/,0,0,0,0,0,0,0,0,0,0,0,0,0,0,0,0,0,0,0,0,2,500,100 kW,1000
AMT-00043,unassigned_point,node/13608259979,no,41.334766,-8.1525135,REMO,yes,24/7,Mobi.E,,,,,+351 800 020 940,https://www.mobie.pt/,0,0,0,0,0,0,0,0,0,0,0,0,0,0,0,0,0,0,0,0,2,500,200 kW,1000
AMT-90005,unassigned_point,node/8307436488,no,41.2499411,-8.1934793,EDP,yes,24/7,Mobi.E,,,,,+351 800 222 222,https://www.mobie.pt,0,0,0,0,0,0,0,0,0,0,0,0,2,32,22 kW,400,0,0,0,0,0,0,0,0
AND-00003,unassigned_point,node/8436153032,no,40.4428309,-8.4344383,Powerdot,yes,24/7,Mobi.E,,,,,+351 800 180 292,https://www.mobie.pt,0,0,0,0,0,0,0,0,0,0,0,0,2,32,22 kW,400,0,0,0,0,0,0,0,0
AND-00007,unassigned_point,node/11359073363,no,40.4415899,-8.4402013,Atlante,yes,24/7,Mobi.E,,,,,+351 800 296 929;+351 234 246 050,https://www.mobie.pt/,1,125,50 kW,500,0,0,0,0,0,0,0,0,0,0,0,0,1,32,22 kW,400,1,150,60 kW,500
AND-00014,unassigned_point,node/12345011087,no,40.435826,-8.440924,Alfa Energia,yes,24/7,Mobi.E,,,,,+351 234 661 194,https://www.mobie.pt/,0,0,0,0,0,0,0,0,0,0,0,0,0,0,0,0,0,0,0,0,2,200,40 kW,1000
AND-00017,unassigned_point,node/12590086138,no,40.429356,-8.437912,EDP,yes,24/7,Mobi.E,,,,,+351 800 222 222,https://www.mobie.pt,0,0,0,0,0,0,0,0,0,0,0,0,1,32,22 kW,400,0,0,0,0,2,300,120 kW,1000
AND-00018,unassigned_point,node/13252990950,no,40.4507693,-8.4532487,Galp Power,yes,24/7,Mobi.E,,,,,+351 800 249 249,https://www.mobie.pt/,0,0,0,0,0,0,0,0,0,0,0,0,0,0,0,0,0,0,0,0,2,250,90 kW,1000
AND-00019,unassigned_point,node/12666559762,no,40.4804867,-8.4762893,Alfa Energia,yes,24/7,Mobi.E,,,,,+351 234 661 194,https://www.mobie.pt/,0,0,0,0,0,0,0,0,0,0,0,0,2,32,22 kW,400,0,0,0,0,0,0,0,0
AND-00020,unassigned_point,node/12666528673,no,40.4774153,-8.4532194,Alfa Energia,yes,24/7,Mobi.E,,,,,+351 234 661 194,https://www.mobie.pt/,0,0,0,0,0,0,0,0,0,0,0,0,2,32,22 kW,400,0,0,0,0,0,0,0,0
AND-00021,unassigned_point,node/12666433755,no,40.4413,-8.4136,Alfa Energia,yes,24/7,Mobi.E,,,,,+351 234 661 194,https://www.mobie.pt/,0,0,0,0,0,0,0,0,0,0,0,0,2,32,22 kW,400,0,0,0,0,0,0,0,0
AND-00023,unassigned_point,node/12703414554,no,40.4171747,-8.4661674,Alfa Energia,yes,24/7,Mobi.E,,,,,+351 234 661 194,https://www.mobie.pt/,0,0,0,0,0,0,0,0,0,0,0,0,2,32,22 kW,400,0,0,0,0,0,0,0,0
AND-00025,unassigned_point,node/12703460036,no,40.4471747,-8.4330744,Alfa Energia,yes,24/7,Mobi.E,,,,,+351 234 661 194,https://www.mobie.pt/,0,0,0,0,0,0,0,0,0,0,0,0,2,32,22 kW,400,0,0,0,0,0,0,0,0
AND-00026,unassigned_point,node/12703460037,no,40.4831215,-8.4923531,Alfa Energia,yes,24/7,Mobi.E,,,,,+351 234 661 194,https://www.mobie.pt/,0,0,0,0,0,0,0,0,0,0,0,0,0,0,0,0,2,32,22 kW,400,0,0,0,0
AND-00027,unassigned_point,node/12712826731,no,40.420364,-8.521187,EDP,yes,24/7,Mobi.E,,,,,+351 800 222 222,https://www.mobie.pt/,0,0,0,0,0,0,0,0,0,0,0,0,2,32,22 kW,400,0,0,0,0,0,0,0,0
AND-00028,unassigned_point,node/12871918219,no,40.4763173,-8.4790423,EDP,yes,24/7,Mobi.E,,,,,+351 800 222 222,https://www.mobie.pt/,0,0,0,0,0,0,0,0,0,0,0,0,1,32,22 kW,400,0,0,0,0,2,300,120 kW,1000
AND-00030,unassigned_point,node/12988018365,no,40.431442,-8.436643,EcoInside,yes,24/7,Mobi.E,,,,,+351 22 617 33 43,https://www.mobie.pt/,0,0,0,0,0,0,0,0,0,0,0,0,2,32,22 kW,400,0,0,0,0,0,0,0,0
AND-00031,unassigned_point,node/12176539848,no,40.4424673,-8.4498379,Galp Power,yes,24/7,Mobi.E,,,,,+351 800 249 249,https://www.mobie.pt/,1,120,50 kW,500,0,0,0,0,0,0,0,0,0,0,0,0,1,32,22 kW,400,1,125,50 kW,500
AND-90002,unassigned_point,node/8109709286,no,40.4244005,-8.4566416,Galp Power,yes,24/7,Mobi.E,,,,,+351 800 249 249,https://www.mobie.pt,0,0,0,0,0,0,0,0,0,0,0,0,2,32,22 kW,400,0,0,0,0,0,0,0,0
ANS-00002,unassigned_point,node/11352573318,no,39.9178959,-8.3595006,EDP,yes,24/7,Mobi.E,,,,,+351 800 222 222,https://www.mobie.pt/,0,0,0,0,0,0,0,0,0,0,0,0,2,16,11 kW,400,0,0,0,0,0,0,0,0
ANS-90001,unassigned_point,node/8219434234,no,39.9106113,-8.4368997,Powerdot,yes,24/7,Mobi.E,,Ansião,,,+351 800 180 292,https://www.mobie.pt,0,0,0,0,0,0,0,0,0,0,0,0,2,32,22 kW,400,0,0,0,0,0,0,0,0
APC-00001,unassigned_point,node/8089463449,no,39.2573114,-8.5852367,Powerdot,yes,24/7,Mobi.E,,,,,+351 800 180 292,https://www.mobie.pt,0,0,0,0,0,0,0,0,0,0,0,0,2,32,22 kW,400,0,0,0,0,0,0,0,0
ARC-00004,unassigned_point,node/10919981881,no,40.8910029,-8.3491828,EDP,yes,24/7,Mobi.E,,,,PT,+351 800 222 222,https://www.mobie.pt/,0,0,0,0,0,0,0,0,0,0,0,0,2,16,11 kW,400,0,0,0,0,0,0,0,0
ARC-00006,unassigned_point,node/9065817478,no,40.9255469,-8.2492448,Atlante,yes,24/7,Mobi.E,,,,,+351 800 296 929;+351 234 246 050,https://www.mobie.pt,1,120,45 kW,500,0,0,0,0,0,0,0,0,1,32,22 kW,400,0,0,0,0,1,125,45 kW,500
ARC-00007,unassigned_point,node/9455267554,no,40.9921649,-8.2168937,KLC Serviços,yes,24/7,Mobi.E,,,,,+351 800 202 060,https://www.mobie.pt,0,0,0,0,0,0,0,0,0,0,0,0,2,32,22 kW,400,0,0,0,0,0,0,0,0
ARC-00010,unassigned_point,node/13373719800,no,40.9283616,-8.2773664,Repsol,yes,24/7,Mobi.E,,,,,+351 800 226 624,https://www.mobie.pt/,1,125,50 kW,500,0,0,0,0,0,0,0,0,0,0,0,0,0,0,0,0,1,250,120 kW,1000
ARC-90001,unassigned_point,node/8309478322,no,40.9297791,-8.2481605,EDP,yes,24/7,Mobi.E,,,,,+351 800 222 222,https://www.mobie.pt,0,0,0,0,0,0,0,0,0,0,0,0,2,32,22 kW,400,0,0,0,0,0,0,0,0
ARL-00001,unassigned_point,node/8289314764,no,38.7229675,-7.9856399,Atlante,yes,24/7,Mobi.E,,,,PT,+351 800 296 929;+351 234 246 050,https://www.mobie.pt,0,0,0,0,0,0,0,0,0,0,0,0,2,32,22 kW,400,0,0,0,0,0,0,0,0
ARL-00004,unassigned_point,node/13252891651,no,38.8294909,-7.8295119,Prio.E,yes,24/7,Mobi.E,,,,,+351 800 100 303,https://www.mobie.pt/,0,0,0,0,0,0,0,0,0,0,0,0,0,0,0,0,0,0,0,0,2,300,150 kW,1000
ARR-80001,unassigned_point,node/8089464285,no,39.1229316,-7.281417,Atlante,yes,24/7,Mobi.E,,,,PT,+351 800 296 929;+351 234 246 050,https://www.mobie.pt,0,0,0,0,0,0,0,0,0,0,0,0,2,32,22 kW,400,0,0,0,0,0,0,0,0
ARV-00003,unassigned_point,node/8086055749,no,38.9833294,-9.0779002,Powerdot,yes,24/7,Mobi.E,,,,PT,+351 800 180 292,https://www.mobie.pt,0,0,0,0,0,0,0,0,0,0,0,0,2,32,22 kW,400,0,0,0,0,0,0,0,0
ARV-00005,unassigned_point,node/8553020014,no,38.952917,-9.1358859,Plug,yes,24/7,Mobi.E,,,,,+351 211 648 577,https://www.mobie.pt,0,0,0,0,0,0,0,0,0,0,0,0,2,32,22 kW,400,0,0,0,0,0,0,0,0
ARV-00006,unassigned_point,node/8553065250,no,38.941026,-9.104255,Plug,yes,24/7,Mobi.E,,,,,+351 211 648 577,https://www.mobie.pt,0,0,0,0,0,0,0,0,0,0,0,0,2,32,22 kW,400,0,0,0,0,0,0,0,0
ARV-00008,unassigned_point,node/10663367915,no,38.9808503,-9.0768716,Galp Power,yes,24/7,Mobi.E,,,,,+351 800 249 249,https://www.mobie.pt/,1,125,50 kW,500,0,0,0,0,0,0,0,0,0,0,0,0,0,0,0,0,1,200,120 kW,1000
ARV-00009,unassigned_point,node/10218086016,no,38.9884197,-9.0782843,Galp Power,yes,24/7,Mobi.E,,,,,+351 800 249 249,https://www.mobie.pt/,1,125,50 kW,500,0,0,0,0,0,0,0,0,0,0,0,0,0,0,0,0,1,200,120 kW,1000
ARV-00012,unassigned_point,node/10814626457,no,38.9982332,-9.0837246,EV Power,yes,24/7,Mobi.E,,,,,+351 800 254 565,https://www.mobie.pt/,1,120,50 kW,500,0,0,0,0,0,0,0,0,0,0,0,0,1,32,22 kW,400,1,150,60 kW,1000
ARV-00013,unassigned_point,node/10853407451,no,38.9914819,-9.0769273,Atlante,yes,24/7,Mobi.E,,,,PT,+351 800 296 929;+351 234 246 050,https://www.mobie.pt/,1,125,50 kW,500,0,0,0,0,0,0,0,0,0,0,0,0,0,0,0,0,1,150,60 kW,500
ARV-00016,unassigned_point,node/12174849216,no,38.9515453,-9.1273901,Galp Power,yes,24/7,Mobi.E,,,,,+351 800 249 249,https://www.mobie.pt/,0,0,0,0,0,0,0,0,0,0,0,0,2,32,22 kW,400,0,0,0,0,0,0,0,0
ARV-00017,unassigned_point,node/12219380411,no,38.998271,-9.08295,Galp Power,yes,24/7,Mobi.E,,,,,+351 800 249 249,https://www.mobie.pt/,0,0,0,0,0,0,0,0,0,0,0,0,0,0,0,0,0,0,0,0,2,150,50 kW,1000
ARV-00018,unassigned_point,node/12195761296,no,38.9806434,-9.0806287,Galp Power,yes,24/7,Mobi.E,,,,,+351 800 249 249,https://www.mobie.pt/,0,0,0,0,0,0,0,0,0,0,0,0,0,0,0,0,0,0,0,0,2,150,50 kW,1000
ARV-00019,unassigned_point,node/12586078757,no,38.9799752,-9.0406694,Galp Power,yes,24/7,Mobi.E,,,,,+351 800 249 249,https://www.mobie.pt/,0,0,0,0,0,0,0,0,0,0,0,0,2,32,22 kW,400,0,0,0,0,0,0,0,0
ARV-00020,unassigned_point,node/9848264267,no,38.9928027,-9.0789487,Galp Power,yes,24/7,Mobi.E,,,,PT,+351 800 249 249,https://www.mobie.pt/,1,125,50 kW,500,0,0,0,0,0,0,0,0,0,0,0,0,1,32,22 kW,400,1,125,50 kW,500
ASL-00021,unassigned_point,node/8001247045,no,38.3801399,-8.512972,Galp Power,yes,24/7,Mobi.E,,Alcácer do Sal,,,+351 800 249 249,https://www.mobie.pt,1,120,50 kW,500,0,0,0,0,0,0,0,0,0,0,0,0,1,63,43 kW,400,1,125,50 kW,500
AVR-00010,unassigned_point,node/8112640731,no,40.6388106,-8.6525012,EDP,yes,24/7,Mobi.E,,,,,+351 800 222 222,https://www.mobie.pt,0,0,0,0,0,0,0,0,0,0,0,0,2,32,22 kW,400,0,0,0,0,0,0,0,0
AVR-00011,unassigned_point,node/8286363089,no,40.6503142,-8.6147455,Powerdot,yes,24/7,Mobi.E,,,,,+351 800 180 292,https://www.mobie.pt,0,0,0,0,0,0,0,0,0,0,0,0,2,32,22 kW,400,0,0,0,0,0,0,0,0
AVR-00014,unassigned_point,node/8225295433,no,40.6649576,-8.610937,Galp Geste,yes,24/7,Mobi.E,Avenida da Europa,Cacia,,,+351 800 249 249,https://www.mobie.pt,1,120,50 kW,500,0,0,0,0,0,0,0,0,0,0,0,0,1,63,43 kW,400,1,125,50 kW,500
AVR-00029,unassigned_point,node/8781101651,no,40.644672,-8.608196,Powerdot,yes,24/7,Mobi.E,,Aveiro,,,+351 800 180 292,https://www.mobie.pt,1,125,50 kW,500,0,0,0,0,0,0,0,0,0,0,0,0,1,63,43 kW,400,1,125,50 kW,500
AVR-00031,unassigned_point,node/9289779712,no,40.665836,-8.609402,Galp Geste,yes,24/7,Mobi.E,Avenida da Europa,Cacia,,,+351 800 249 249,https://www.mobie.pt,1,120,50 kW,500,0,0,0,0,0,0,0,0,0,0,0,0,1,63,43 kW,400,1,125,50 kW,500
AVR-00032,unassigned_point,node/9247173584,no,40.618878,-8.655322,Prio.E,yes,24/7,Mobi.E,,,,,+351 800 100 303,https://www.mobie.pt/,1,120,50 kW,500,0,0,0,0,0,0,0,0,0,0,0,0,0,0,0,0,1,125,50 kW,500
AVR-00033,unassigned_point,node/9403235634,no,40.6324727,-8.650968,EDP,yes,10:00-02:00,Mobi.E,,Aveiro,,,+351 800 222 222,https://www.mobie.pt,0,0,0,0,0,0,0,0,0,0,0,0,1,32,22 kW,400,0,0,0,0,2,200,120 kW,1000
AVR-00034,unassigned_point,node/9535871518,no,40.6267218,-8.6527078,Repsol,yes,24/7,Mobi.E,,,,,+351 800 226 624,https://www.mobie.pt/,1,125,50 kW,500,0,0,0,0,0,0,0,0,0,0,0,0,1,63,43 kW,400,1,150,60 kW,500
AVR-00036,unassigned_point,node/9731276115,no,40.7820164,-8.5651886,Powerdot,yes,24/7,Mobi.E,,,,,+351 800 180 292,https://www.mobie.pt/,1,120,50 kW,500,0,0,0,0,0,0,0,0,0,0,0,0,1,63,43 kW,400,1,125,50 kW,500
AVR-00037,unassigned_point,node/9899480370,no,40.6318543,-8.6384339,Powerdot,yes,24/7,Mobi.E,Rua Nova de Vilar,Aveiro,,,+351 800 180 292,https://www.mobie.pt/,1,125,50 kW,500,0,0,0,0,0,0,0,0,1,32,22 kW,400,0,0,0,0,1,200,120 kW,1000
AVR-00038,unassigned_point,node/9920099815,no,40.6400963,-8.6090013,Repsol,yes,24/7,Mobi.E,,,,,+351 800 226 624,https://www.mobie.pt/,1,125,50 kW,500,0,0,0,0,0,0,0,0,0,0,0,0,1,63,43 kW,400,1,150,60 kW,1000
AVR-00039,unassigned_point,node/9919852899,no,40.6601946,-8.5910712,Galp Geste,yes,24/7,Mobi.E,Rua Nova de Vilar,Aveiro,,,+351 800 249 249,https://www.mobie.pt/,0,0,0,0,0,0,0,0,0,0,0,0,0,0,0,0,0,0,0,0,2,200,120 kW,1000
AVR-00040,unassigned_point,node/9919852898,no,40.6619464,-8.5926322,Galp Geste,yes,24/7,Mobi.E,Rua Nova de Vilar,Aveiro,,,+351 800 249 249,https://www.mobie.pt/,0,0,0,0,0,0,0,0,0,0,0,0,0,0,0,0,0,0,0,0,2,200,120 kW,1000
AVR-00041,unassigned_point,node/10282402310,no,40.651464,-8.6085765,Repsol,yes,24/7,Mobi.E,,,,,+351 800 226 624,https://www.mobie.pt/,1,125,50 kW,500,0,0,0,0,0,0,0,0,0,0,0,0,1,32,22 kW,400,1,150,60 kW,500
AVR-00049,unassigned_point,node/11382360063,no,40.64103,-8.652738,Atlante,yes,24/7,Mobi.E,,,,,+351 800 296 929;+351 234 246 050,https://www.mobie.pt/,1,125,50 kW,500,0,0,0,0,0,0,0,0,0,0,0,0,0,0,0,0,1,150,60 kW,500
AVR-00050,unassigned_point,node/11483114393,no,40.648952,-8.5979502,EDP,yes,09:00-23:00,Mobi.E,,,,,+351 800 222 222,https://www.mobie.pt/,0,0,0,0,0,0,0,0,0,0,0,0,2,16,11 kW,400,0,0,0,0,0,0,0,0
AVR-00051,unassigned_point,node/10246901801,no,40.630195,-8.643531,Atlante,yes,24/7,Mobi.E,,,,,+351 800 296 929;+351 234 246 050,https://www.mobie.pt/,1,120,50 kW,500,0,0,0,0,0,0,0,0,0,0,0,0,0,0,0,0,1,150,60 kW,500
AVR-00052,unassigned_point,node/8225316562,no,40.6411675,-8.6099057,Atlante,yes,24/7,Mobi.E,Rua da Boavista,Aveiro,,,+351 800 296 929;+351 234 246 050,https://www.mobie.pt,1,120,50 kW,500,0,0,0,0,0,0,0,0,0,0,0,0,1,32,22 kW,400,1,125,50 kW,500
AVR-00054,unassigned_point,node/8112640730,no,40.6411374,-8.6527936,KLC Serviços,yes,24/7,Mobi.E,,,,,+351 800 202 060,https://www.mobie.pt,0,0,0,0,0,0,0,0,0,0,0,0,2,32,22 kW,400,0,0,0,0,0,0,0,0
AVR-00062,unassigned_point,node/11910728951,no,40.6472698,-8.6466224,Atlante,yes,08:00-21:00,Mobi.E,,,,,+351 800 296 929;+351 234 246 050,https://www.mobie.pt/,1,125,50 kW,500,0,0,0,0,0,0,0,0,0,0,0,0,0,0,0,0,1,150,60 kW,500
AVR-00064,unassigned_point,node/7441663987,no,40.6313259,-8.6407135,Charging Together,yes,24/7,Mobi.E,Avenida Europa,Aveiro,,,+351 800 917 576,https://www.mobie.pt,0,0,0,0,0,0,0,0,0,0,0,0,0,0,0,0,0,0,0,0,2,150,50 kW,1000
AVR-00068,unassigned_point,node/12383165346,no,40.5199746,-8.4261481,Frontrow,yes,24/7,Mobi.E,,,,,,https://www.mobie.pt/,0,0,0,0,0,0,0,0,0,0,0,0,1,32,22 kW,400,0,0,0,0,0,0,0,0
AVR-00091,unassigned_point,node/13072110984,no,40.7685363,-8.695377,Galp Power,yes,24/7,Mobi.E,,,,,,https://www.mobie.pt/,0,0,0,0,0,0,0,0,0,0,0,0,0,0,0,0,0,0,0,0,2,250,90 kW,1000
AVR-00092,unassigned_point,node/8286412765,no,40.6630609,-8.6121279,Galp Power,yes,24/7,Mobi.E,,Aveiro,,,+351 800 249 249,https://www.mobie.pt,1,120,50 kW,500,0,0,0,0,0,0,0,0,0,0,0,0,1,63,43 kW,400,1,125,50 kW,500
AVR-00093,unassigned_point,node/13468796863,no,40.613487,-8.6551604,Galp Power,yes,24/7,Mobi.E,,,,,+351 800 249 249,https://www.mobie.pt/,1,120,50 kW,500,0,0,0,0,0,0,0,0,0,0,0,0,1,32,22 kW,400,1,125,50 kW,500
AVR-00097,unassigned_point,node/13608316487,no,40.60966,-8.6161398,Prio.E,yes,24/7,Mobi.E,,,,,+351 800 100 303,https://www.mobie.pt/,0,0,0,0,0,0,0,0,0,0,0,0,0,0,0,0,0,0,0,0,2,250,90 kW,1000
AVR-00105,unassigned_point,node/8286347752,no,40.6619627,-8.6123626,KLC Serviços,yes,24/7,Mobi.E,,,,,+351 800 296 929;+351 234 246 050,https://www.mobie.pt,0,0,0,0,0,0,0,0,0,0,0,0,2,32,22 kW,400,0,0,0,0,0,0,0,0
AVR-00107,unassigned_point,node/13736018088,no,40.6476709,-8.6078603,Helexia II,yes,Mo-Sa 08:30-20:00; Su 09:00-13:00,Mobi.E,,,,,+351 210 181 157,https://www.mobie.pt/,0,0,0,0,0,0,0,0,0,0,0,0,0,0,0,0,0,0,0,0,2,250,100 kW,1000
AVR-80004,unassigned_point,node/8143122694,no,40.6432958,-8.6485,Galp Power,yes,24/7,Mobi.E,,,,,+351 800 249 249,https://www.mobie.pt,0,0,0,0,0,0,0,0,0,0,0,0,2,32,7.4 kW,230,0,0,0,0,0,0,0,0
AVR-90003,unassigned_point,node/3171161357,no,40.6395565,-8.6519205,EDP,yes,24/7,Mobi.E,Rua do Principe Perfeito,Aveiro,3800,,+351 800 222 222,https://www.mobie.pt,0,0,0,0,0,0,0,0,0,0,0,0,2,32,22 kW,400,0,0,0,0,0,0,0,0
AVS-90001,unassigned_point,node/8280533871,no,39.0544556,-7.8904802,Galp Power,yes,24/7,Mobi.E,,,,PT,+351 800 249 249,https://www.mobie.pt,0,0,0,0,0,0,0,0,0,0,0,0,2,32,22 kW,400,0,0,0,0,0,0,0,0
AVT-00002,unassigned_point,node/12090328638,no,38.25969,-7.993317,True Kare,yes,24/7,Mobi.E,,,,,,https://www.mobie.pt/,0,0,0,0,0,0,0,0,0,0,0,0,2,32,22 kW,400,0,0,0,0,0,0,0,0
AVT-00003,unassigned_point,node/12090328637,no,38.2899841,-8.0392195,True Kare,yes,24/7,Mobi.E,,,,,,https://www.mobie.pt/,0,0,0,0,0,0,0,0,0,0,0,0,2,32,22 kW,400,0,0,0,0,0,0,0,0
AVT-00004,unassigned_point,node/12090328636,no,38.2935354,-8.0353352,True Kare,yes,24/7,Mobi.E,,,,,,https://www.mobie.pt/,0,0,0,0,0,0,0,0,0,0,0,0,2,32,22 kW,400,0,0,0,0,0,0,0,0
AVT-90001,unassigned_point,node/8085742769,no,38.2571944,-7.9919717,EDP,yes,24/7,Mobi.E,,,,PT,+351 800 222 222,https://www.mobie.pt,0,0,0,0,0,0,0,0,0,0,0,0,2,32,22 kW,400,0,0,0,0,0,0,0,0
AVV-00007,unassigned_point,node/11043038723,no,41.8516745,-8.4176809,EDP,yes,24/7,Mobi.E,,,,,+351 800 222 222,https://www.mobie.pt/,0,0,0,0,0,0,0,0,0,0,0,0,2,32,7.4 kW,230,0,0,0,0,0,0,0,0
AVV-00008,unassigned_point,node/8902326545,no,41.851137,-8.4171222,EDP,yes,24/7,Mobi.E,,,,PT,+351 800 222 222,https://www.mobie.pt/,0,0,0,0,0,0,0,0,0,0,0,0,2,32,22 kW,400,0,0,0,0,0,0,0,0
AVV-00010,unassigned_point,node/11017553883,no,41.829429,-8.4154494,Atlante,yes,24/7,Mobi.E,,,,,+351 800 296 929;+351 234 246 050,https://www.mobie.pt/,1,125,50 kW,500,0,0,0,0,0,0,0,0,0,0,0,0,1,32,22 kW,400,1,150,60 kW,500
AVV-00011,unassigned_point,node/11599401141,no,41.8510118,-8.4236493,EVCE,yes,24/7,Mobi.E,,,,,+351 800 301 303,https://www.mobie.pt/,0,0,0,0,0,0,0,0,0,0,0,0,2,20,14 kW,400,0,0,0,0,0,0,0,0
AVV-00013,unassigned_point,node/12115804083,no,41.826875,-8.4156769,Galp Power,yes,24/7,Mobi.E,,,,,+351 800 249 249,https://www.mobie.pt/,1,120,50 kW,500,0,0,0,0,0,0,0,0,0,0,0,0,1,32,22 kW,400,1,125,50 kW,500
AVZ-00002,unassigned_point,node/8040865546,no,39.879477,-8.34174,Prio.E,yes,24/7,Mobi.E,A13 km 167,,,,+351 800 100 303,https://www.mobie.pt,1,120,50 kW,500,0,0,0,0,0,0,0,0,0,0,0,0,0,0,0,0,1,125,50 kW,500
AVZ-00004,unassigned_point,node/10870494274,no,39.879167,-8.3431664,Prio.E,yes,24/7,Mobi.E,,,,,+351 800 100 303,https://www.mobie.pt/,1,120,50 kW,500,0,0,0,0,0,0,0,0,0,0,0,0,0,0,0,0,1,125,50 kW,500
AVZ-00005,unassigned_point,node/11914242917,no,39.805424,-8.358571,EDP,yes,24/7,Mobi.E,,,,PT,+351 800 222 222,https://www.mobie.pt/,0,0,0,0,0,0,0,0,0,0,0,0,2,32,7.4 kW,230,0,0,0,0,0,0,0,0
AVZ-00006,unassigned_point,node/12427153300,no,39.8165795,-8.3788282,EDP,yes,24/7,Mobi.E,,,,PT,+351 800 222 222,https://www.mobie.pt/,0,0,0,0,0,0,0,0,0,0,0,0,2,32,22 kW,400,0,0,0,0,0,0,0,0
AVZ-80001,unassigned_point,node/8290364807,no,39.8237249,-8.3819568,Atlante,yes,24/7,Mobi.E,,,,PT,+351 800 296 929;+351 234 246 050,https://www.mobie.pt,0,0,0,0,0,0,0,0,0,0,0,0,2,32,22 kW,400,0,0,0,0,0,0,0,0
AZB-00004,unassigned_point,node/8413287634,no,39.066098,-8.876414,Powerdot,yes,24/7,Mobi.E,EN 3,Azambuja,,,+351 800 180 292,https://www.mobie.pt,1,120,50 kW,500,0,0,0,0,0,0,0,0,0,0,0,0,1,63,43 kW,400,1,125,50 kW,500
AZB-00005,unassigned_point,node/8833233513,no,39.0734407,-8.8634487,Powerdot,yes,24/7,Mobi.E,Rua da EPAC,Azambuja,,,+351 800 180 292,https://www.mobie.pt,1,120,50 kW,500,0,0,0,0,0,0,0,0,0,0,0,0,1,32,22 kW,400,1,125,50 kW,500
AZB-00012,unassigned_point,node/11415569060,no,39.2203623,-8.9725134,EDP,yes,24/7,Mobi.E,,,,,+351 800 222 222,https://www.mobie.pt/,0,0,0,0,0,0,0,0,0,0,0,0,2,32,22 kW,400,0,0,0,0,0,0,0,0
AZB-90003,unassigned_point,node/8086089310,no,39.0677188,-8.8748087,Galp Power,yes,24/7,Mobi.E,,,,,+351 800 249 249,https://www.mobie.pt,0,0,0,0,0,0,0,0,0,0,0,0,2,32,22 kW,400,0,0,0,0,0,0,0,0
BAO-00002,unassigned_point,node/11386032324,no,41.1048296,-8.0607895,EDP,yes,24/7,Mobi.E,,,,,+351 800 222 222,https://www.mobie.pt/,0,0,0,0,0,0,0,0,0,0,0,0,2,32,22 kW,400,0,0,0,0,0,0,0,0
BAO-00003,unassigned_point,node/11616428066,no,41.142806,-7.9499296,EDP,yes,24/7,Mobi.E,,,,,+351 800 222 222,https://www.mobie.pt/,0,0,0,0,0,0,0,0,0,0,0,0,2,32,22 kW,400,0,0,0,0,0,0,0,0
BAO-90001,unassigned_point,node/8307408382,no,41.1642766,-8.0359914,Powerdot,yes,24/7,Mobi.E,,,,,+351 800 180 292,https://www.mobie.pt,0,0,0,0,0,0,0,0,0,0,0,0,2,32,22 kW,400,0,0,0,0,0,0,0,0
BBR-00001,unassigned_point,node/8089429851,no,39.2679748,-9.1545564,Atlante,yes,24/7,Mobi.E,,,,,+351 800 296 929;+351 234 246 050,https://www.mobie.pt,0,0,0,0,0,0,0,0,0,0,0,0,2,32,22 kW,400,0,0,0,0,0,0,0,0
BBR-00002,unassigned_point,node/11519910351,no,39.2645144,-9.1632504,Atlante,yes,24/7,Mobi.E,,,,,+351 800 296 929;+351 234 246 050,https://www.mobie.pt/,0,0,0,0,0,0,0,0,0,0,0,0,2,32,22 kW,400,0,0,0,0,0,0,0,0
BBR-00010,unassigned_point,node/12144604604,no,39.2661949,-9.1570062,Galp Power,yes,24/7,Mobi.E,,,,,+351 800 249 249,,0,0,0,0,0,0,0,0,0,0,0,0,0,0,0,0,0,0,0,0,2,150,60 kW,1000
BBR-00011,unassigned_point,node/12059982440,no,39.2645433,-9.1549449,Galp Power,yes,24/7,Mobi.E,,,,,+351 800 249 249,https://www.mobie.pt/,1,125,50 kW,500,0,0,0,0,0,0,0,0,0,0,0,0,1,32,22 kW,400,1,125,50 kW,500
BBR-00012,unassigned_point,node/14111010841,no,39.2628683,-9.1555864,Galp Power,yes,24/7,Mobi.E,,,,,+351 800 249 249,https://www.mobie.pt/,0,0,0,0,0,0,0,0,0,0,0,0,0,0,0,0,0,0,0,0,2,300,120 kW,1000
BCL-00005,unassigned_point,node/8232022683,no,41.5484899,-8.6234025,Powerdot,yes,24/7,Mobi.E,Rua do Faial,Barcelos,,,+351 800 180 292,https://www.mobie.pt,1,120,50 kW,500,0,0,0,0,0,0,0,0,0,0,0,0,1,63,43 kW,400,1,125,50 kW,500
BCL-00013,unassigned_point,node/9630154648,no,41.537781,-8.614059,Repsol,yes,24/7,Mobi.E,,,,,+351 800 226 624,https://www.mobie.pt,1,80,30 kW,500,0,0,0,0,0,0,0,0,0,0,0,0,1,32,22 kW,400,1,80,30 kW,1000
BCL-00018,unassigned_point,node/9989152750,no,41.5387463,-8.6197319,EDP,yes,24/7,Mobi.E,,,,,+351 800 222 222,https://www.mobie.pt,1,125,50 kW,500,0,0,0,0,0,0,0,0,1,32,22 kW,400,0,0,0,0,1,200,90 kW,1000
BCL-00019,unassigned_point,node/10005184510,no,41.533726,-8.621336,Helexia II,yes,24/7,Mobi.E,,,,,+351 210 181 157,https://www.mobie.pt/,1,120,50 kW,500,0,0,0,0,0,0,0,0,0,0,0,0,1,32,22 kW,400,1,125,50 kW,500
BCL-00020,unassigned_point,node/11143550454,no,41.5238254,-8.6259087,Powerdot,yes,24/7,Mobi.E,,,,,+351 800 180 292,https://www.mobie.pt/,1,125,50 kW,500,0,0,0,0,0,0,0,0,0,0,0,0,0,0,0,0,1,150,90 kW,1000
BCL-00022,unassigned_point,node/11047843444,no,41.5640532,-8.6599232,Powerdot,yes,24/7,Mobi.E,,,,,+351 800 180 292,https://www.mobie.pt,1,125,50 kW,500,0,0,0,0,0,0,0,0,1,32,22 kW,400,0,0,0,0,2,125,100 kW,500
BCL-00023,unassigned_point,node/11861626513,no,41.5357829,-8.6137773,Goldenergy,yes,24/7,Mobi.E,,,,,,https://www.mobie.pt/,0,0,0,0,0,0,0,0,0,0,0,0,2,32,22 kW,400,0,0,0,0,0,0,0,0
BCL-00024,unassigned_point,node/12368554422,no,41.5323668,-8.6222269,Powerdot,yes,24/7,Mobi.E,,,,,+351 800 180 292,https://www.mobie.pt,1,125,50 kW,500,0,0,0,0,0,0,0,0,1,32,22 kW,400,0,0,0,0,2,250,100 kW,1000
BCL-00025,unassigned_point,node/11949726700,no,41.5339653,-8.6164941,Powerdot,yes,24/7,Mobi.E,,,,,+351 800 180 292,https://www.mobie.pt/,0,0,0,0,0,0,0,0,0,0,0,0,1,32,22 kW,400,0,0,0,0,2,125,100 kW,1000
BCL-00032,unassigned_point,node/12437231914,no,41.5339313,-8.6144689,EVCE,yes,24/7,Mobi.E,,,,,+351 800 301 303,https://www.mobie.pt/,0,0,0,0,0,0,0,0,0,0,0,0,2,32,22 kW,400,0,0,0,0,0,0,0,0
BCL-00033,unassigned_point,node/12345024685,no,41.540634,-8.6145549,EVCE,yes,24/7,Mobi.E,,,,,+351 800 301 303,https://www.mobie.pt/,0,0,0,0,0,0,0,0,0,0,0,0,2,32,22 kW,400,0,0,0,0,0,0,0,0
BCL-00034,unassigned_point,node/12197675021,no,41.503245,-8.6691623,Galp Power,yes,24/7,Mobi.E,,,,,+351 800 249 249,https://www.mobie.pt/,0,0,0,0,0,0,0,0,0,0,0,0,0,0,0,0,0,0,0,0,2,250,120 kW,1000
BCL-00038,unassigned_point,node/12437650930,no,41.5363347,-8.6098314,EVCE,yes,24/7,Mobi.E,,,,,+351 800 301 303,https://www.mobie.pt/,0,0,0,0,0,0,0,0,0,0,0,0,2,32,22 kW,400,0,0,0,0,0,0,0,0
BCL-00039,unassigned_point,node/12282116300,no,41.5207867,-8.6306812,EDP,yes,09:00-20:00,Mobi.E,,,,,+351 800 222 222,https://www.mobie.pt/,0,0,0,0,0,0,0,0,0,0,0,0,2,32,22 kW,400,0,0,0,0,0,0,0,0
BCL-00042,unassigned_point,node/12718992300,no,41.5353072,-8.6115326,Atlante,yes,24/7,Mobi.E,,,,,+351 800 296 929;+351 234 246 050,https://www.mobie.pt,1,125,50 kW,500,0,0,0,0,0,0,0,0,1,32,22 kW,400,0,0,0,0,1,150,60 kW,500
BCL-00044,unassigned_point,node/8781193942,no,41.5320692,-8.6266556,Galp Power,yes,24/7,Mobi.E,,Barcelos,,,+351 800 249 249,https://www.mobie.pt,1,120,50 kW,500,0,0,0,0,0,0,0,0,0,0,0,0,1,63,43 kW,400,1,125,50 kW,500
BCL-00045,unassigned_point,node/12090525388,no,41.5225837,-8.5927121,Galp Power,yes,24/7,Mobi.E,,,,,+351 800 249 249,https://www.mobie.pt/,1,120,50 kW,500,0,0,0,0,0,0,0,0,0,0,0,0,1,32,22 kW,400,1,125,50 kW,500
BCL-00050,unassigned_point,node/13722802706,no,41.5318884,-8.6090713,REMO,yes,24/7,Mobi.E,,,,,+351 800 020 940,https://www.mobie.pt/,0,0,0,0,0,0,0,0,0,0,0,0,0,0,0,0,0,0,0,0,2,500,120 kW,1000
BCL-90004,unassigned_point,node/8958085916,no,41.5317729,-8.6180333,Powerdot,yes,24/7,Mobi.E,,,,,+351 800 180 292,https://www.mobie.pt,0,0,0,0,0,0,0,0,0,0,0,0,2,32,22 kW,400,0,0,0,0,0,0,0,0
BGC-00002,unassigned_point,node/966120976,no,41.80483,-6.758,Powerdot,yes,24/7,Mobi.E,Jardim António José de Almeida,Bragança,5300,,+351 800 180 292,https://www.mobie.pt,0,0,0,0,0,0,0,0,0,0,0,0,2,16,3.7 kW,230,0,0,0,0,0,0,0,0
BGC-00007,unassigned_point,node/9455267555,no,41.7992522,-6.7707876,Repsol,yes,24/7,Mobi.E,,,,,+351 800 226 624,https://www.mobie.pt/,1,120,50 kW,500,0,0,0,0,0,0,0,0,0,0,0,0,1,63,43 kW,400,1,200,60 kW,500
BGC-00009,unassigned_point,node/9847571323,no,41.7974116,-6.7719618,EDP,yes,24/7,Mobi.E,,,,,+351 800 222 222,https://www.mobie.pt,0,0,0,0,0,0,0,0,0,0,0,0,1,32,22 kW,400,0,0,0,0,2,200,120 kW,1000
BGC-00010,unassigned_point,node/10217263455,no,41.7876585,-6.7745474,EDP,yes,24/7,Mobi.E,,,,,+351 800 222 222,https://www.mobie.pt/,1,125,50 kW,500,0,0,0,0,0,0,0,0,0,0,0,0,0,0,0,0,1,200,120 kW,1000
BGC-00012,unassigned_point,node/11097527423,no,41.818547,-6.749031,EDP,yes,24/7,Mobi.E,,,,,+351 800 222 222,https://www.mobie.pt/,0,0,0,0,0,0,0,0,0,0,0,0,2,32,22 kW,400,0,0,0,0,0,0,0,0
BGC-00013,unassigned_point,node/11332057552,no,41.768431,-6.7952008,Iberdrola,yes,24/7,Mobi.E,,,,,+351 800 607 717,https://www.mobie.pt/,0,0,0,0,0,0,0,0,0,0,0,0,2,16,11 kW,400,0,0,0,0,0,0,0,0
BGC-00014,unassigned_point,node/11359073362,no,41.7874313,-6.7808052,EDP,yes,24/7,Mobi.E,,,,,+351 800 222 222,https://www.mobie.pt/,1,120,50 kW,500,0,0,0,0,0,0,0,0,0,0,0,0,1,63,43 kW,400,1,125,50 kW,500
BGC-00021,unassigned_point,node/12132211018,no,41.8082134,-6.7931088,Charging Together,yes,24/7,Mobi.E,,,,,+351 800 917 576,https://www.mobie.pt,1,200,80 kW,500,0,0,0,0,0,0,0,0,0,0,0,0,0,0,0,0,2,500,150 kW,1000
BGC-00026,unassigned_point,node/8227598015,no,41.8105999,-6.7625275,Galp Power,yes,24/7,Mobi.E,,Bragança,,,+351 800 249 249,https://www.mobie.pt,1,120,50 kW,500,0,0,0,0,0,0,0,0,0,0,0,0,1,63,43 kW,400,1,125,50 kW,500
BGC-00027,unassigned_point,node/14026590557,no,41.817866,-6.754703,Iberdrola,yes,24/7,Mobi.E,,,,,,https://www.mobie.pt/,1,125,50 kW,500,0,0,0,0,0,0,0,0,0,0,0,0,0,0,0,0,1,300,180 kW,1000
BGC-00028,unassigned_point,node/8833382346,no,41.7879525,-6.7781699,Atlante,yes,24/7,Mobi.E,,Bragança,,,+351 800 296 929;+351 234 246 050,https://www.mobie.pt,0,0,0,0,0,0,0,0,0,0,0,0,0,0,0,0,0,0,0,0,2,150,50 kW,1000
BGC-90003,unassigned_point,node/2933883404,no,41.8052856,-6.7599625,Galp Power,yes,24/7,Mobi.E,,,,,+351 800 249 249,https://www.mobie.pt,0,0,0,0,0,0,0,0,0,0,0,0,2,16,11 kW,400,0,0,0,0,0,0,0,0
BJA-00006,unassigned_point,node/7745098848,no,38.0048179,-7.866632,Galp Power,yes,24/7,Mobi.E,,Beja,,,+351 800 249 249,https://www.mobie.pt,0,0,0,0,0,0,0,0,0,0,0,0,2,32,22 kW,400,0,0,0,0,0,0,0,0
BJA-00009,unassigned_point,node/8416573815,no,38.0224559,-7.8492906,Powerdot,yes,Mo-Sa 09:00-20:00,Mobi.E,,,,,+351 800 180 292,https://www.mobie.pt,0,0,0,0,0,0,0,0,0,0,0,0,2,32,22 kW,400,0,0,0,0,0,0,0,0
BJA-00013,unassigned_point,node/9749864563,no,38.0111876,-7.8756015,Iberdrola,yes,24/7,Mobi.E,Rua 1º de Maio,Beja,,,+351 800 607 717,https://www.mobie.pt/,1,120,50 kW,500,0,0,0,0,0,0,0,0,0,0,0,0,0,0,0,0,1,350,160 kW,1000
BJA-00014,unassigned_point,node/10247064567,no,38.0109372,-7.8745137,Powerdot,yes,24/7,Mobi.E,,,,,+351 800 180 292,https://www.mobie.pt/,0,0,0,0,0,0,0,0,0,0,0,0,1,32,22 kW,400,0,0,0,0,2,300,150 kW,500
BJA-00017,unassigned_point,node/10809116538,no,38.0203164,-7.8491645,Prio.E,yes,24/7,Mobi.E,,,,,+351 800 100 303,https://www.mobie.pt/,1,120,50 kW,500,0,0,0,0,0,0,0,0,0,0,0,0,0,0,0,0,1,125,50 kW,500
BJA-00026,unassigned_point,node/11143615509,no,38.0037959,-7.8659603,EDP,yes,24/7,Mobi.E,,,,,+351 800 222 222,https://www.mobie.pt,1,125,50 kW,500,0,0,0,0,0,0,0,0,1,32,22 kW,400,0,0,0,0,1,200,90 kW,1000
BJA-00027,unassigned_point,node/11292042511,no,38.0206319,-7.8714842,Galp Power,yes,24/7,Mobi.E,,,,,+351 800 249 249,https://www.mobie.pt/,0,0,0,0,0,0,0,0,0,0,0,0,0,0,0,0,0,0,0,0,2,200,120 kW,1000
BJA-00028,unassigned_point,node/11002148884,no,38.0108257,-7.8558312,Atlante,yes,24/7,Mobi.E,,,,,+351 800 296 929;+351 234 246 050,https://www.mobie.pt/,1,125,50 kW,500,0,0,0,0,0,0,0,0,0,0,0,0,1,32,22 kW,400,1,150,60 kW,500
BJA-00031,unassigned_point,node/11413377051,no,38.0194201,-7.8529933,Charging Together,yes,24/7,Mobi.E,,,,,+351 800 917 576,https://www.mobie.pt,1,200,80 kW,500,0,0,0,0,0,0,0,0,0,0,0,0,0,0,0,0,2,500,150 kW,1000
BJA-00032,unassigned_point,node/11892203456,no,38.0216172,-7.8646834,True Kare,yes,24/7,Mobi.E,,,,,,https://www.mobie.pt/,0,0,0,0,0,0,0,0,0,0,0,0,2,32,22 kW,400,0,0,0,0,0,0,0,0
BJA-00033,unassigned_point,node/11889655233,no,38.0174,-7.8683,True Kare,yes,24/7,Mobi.E,,,,,,https://www.mobie.pt/,0,0,0,0,0,0,0,0,0,0,0,0,2,32,22 kW,400,0,0,0,0,0,0,0,0
BJA-00034,unassigned_point,node/11920596430,no,38.013883,-7.8732209,True Kare,yes,24/7,Mobi.E,,,,,,https://www.mobie.pt/,0,0,0,0,0,0,0,0,0,0,0,0,2,32,22 kW,400,0,0,0,0,0,0,0,0
BJA-00035,unassigned_point,node/11889655232,no,38.0153037,-7.87288,True Kare,yes,24/7,Mobi.E,,,,,,https://www.mobie.pt/,0,0,0,0,0,0,0,0,0,0,0,0,2,32,22 kW,400,0,0,0,0,0,0,0,0
BJA-00036,unassigned_point,node/12861331421,no,38.0199323,-7.8723019,True Kare,yes,24/7,Mobi.E,,,,,,https://www.mobie.pt/,0,0,0,0,0,0,0,0,0,0,0,0,2,32,22 kW,400,0,0,0,0,0,0,0,0
BJA-00037,unassigned_point,node/11889655231,no,38.01452,-7.86328,True Kare,yes,24/7,Mobi.E,,,,,,https://www.mobie.pt/,0,0,0,0,0,0,0,0,0,0,0,0,2,32,22 kW,400,0,0,0,0,0,0,0,0
BJA-00038,unassigned_point,node/12800068199,no,38.0130466,-7.8656478,True Kare,yes,24/7,Mobi.E,,,,,,https://www.mobie.pt/,0,0,0,0,0,0,0,0,0,0,0,0,2,32,22 kW,400,0,0,0,0,0,0,0,0
BJA-00039,unassigned_point,node/11889655230,no,38.0102415,-7.8654374,True Kare,yes,24/7,Mobi.E,,,,,,https://www.mobie.pt/,0,0,0,0,0,0,0,0,0,0,0,0,2,32,22 kW,400,0,0,0,0,0,0,0,0
BJA-00040,unassigned_point,node/12800149619,no,38.00661,-7.862391,True Kare,yes,24/7,Mobi.E,,,,,,https://www.mobie.pt/,0,0,0,0,0,0,0,0,0,0,0,0,2,32,22 kW,400,0,0,0,0,0,0,0,0
BJA-00041,unassigned_point,node/11920596429,no,38.0076674,-7.8648372,True Kare,yes,24/7,Mobi.E,,,,,,https://www.mobie.pt/,0,0,0,0,0,0,0,0,0,0,0,0,2,32,22 kW,400,0,0,0,0,0,0,0,0
BJA-00042,unassigned_point,node/11920596428,no,38.0151871,-7.8690578,True Kare,yes,24/7,Mobi.E,,,,,,https://www.mobie.pt/,0,0,0,0,0,0,0,0,0,0,0,0,2,32,22 kW,400,0,0,0,0,0,0,0,0
BJA-00043,unassigned_point,node/11920596427,no,38.01353,-7.860436,True Kare,yes,24/7,Mobi.E,,,,,,https://www.mobie.pt/,0,0,0,0,0,0,0,0,0,0,0,0,2,32,22 kW,400,0,0,0,0,0,0,0,0
BJA-00044,unassigned_point,node/11920596426,no,38.009967,-7.8603245,True Kare,yes,24/7,Mobi.E,,,,,,https://www.mobie.pt/,0,0,0,0,0,0,0,0,0,0,0,0,2,32,22 kW,400,0,0,0,0,0,0,0,0
BJA-00045,unassigned_point,node/13171993921,no,38.006892,-7.8575962,True Kare,yes,24/7,Mobi.E,,,,,,https://www.mobie.pt/,0,0,0,0,0,0,0,0,0,0,0,0,2,32,22 kW,400,0,0,0,0,0,0,0,0
BJA-00046,unassigned_point,node/11920596425,no,38.0114942,-7.8681447,True Kare,yes,24/7,Mobi.E,,,,,,https://www.mobie.pt/,0,0,0,0,0,0,0,0,0,0,0,0,2,32,22 kW,400,0,0,0,0,0,0,0,0
BJA-00047,unassigned_point,node/11712531215,no,38.0072176,-7.8539023,True Kare,yes,24/7,Mobi.E,,,,,,https://www.mobie.pt/,0,0,0,0,0,0,0,0,0,0,0,0,2,32,22 kW,400,0,0,0,0,0,0,0,0
BJA-00048,unassigned_point,node/11920596424,no,38.0561201,-7.9848761,True Kare,yes,24/7,Mobi.E,,,,,,https://www.mobie.pt/,0,0,0,0,0,0,0,0,0,0,0,0,2,32,22 kW,400,0,0,0,0,0,0,0,0
BJA-00049,unassigned_point,node/12090328635,no,37.92456,-7.793642,True Kare,yes,24/7,Mobi.E,,,,,,https://www.mobie.pt/,0,0,0,0,0,0,0,0,0,0,0,0,2,32,22 kW,400,0,0,0,0,0,0,0,0
BJA-00050,unassigned_point,node/11920596423,no,38.0208524,-7.80926,True Kare,yes,24/7,Mobi.E,,,,,,https://www.mobie.pt/,0,0,0,0,0,0,0,0,0,0,0,0,2,32,22 kW,400,0,0,0,0,0,0,0,0
BJA-00051,unassigned_point,node/11990818009,no,38.1103132,-7.8567787,True Kare,yes,24/7,Mobi.E,,,,,,https://www.mobie.pt/,0,0,0,0,0,0,0,0,0,0,0,0,2,32,22 kW,400,0,0,0,0,0,0,0,0
BJA-00052,unassigned_point,node/11920596422,no,38.018347,-7.854745,True Kare,yes,24/7,Mobi.E,,,,,,https://www.mobie.pt/,0,0,0,0,0,0,0,0,0,0,0,0,2,32,22 kW,400,0,0,0,0,0,0,0,0
BJA-00057,unassigned_point,node/12132803540,no,38.009847,-7.875002,Charging Together,yes,24/7,Mobi.E,,,,,+351 800 917 576,https://www.mobie.pt,1,200,80 kW,500,0,0,0,0,0,0,0,0,0,0,0,0,0,0,0,0,2,500,150 kW,1000
BJA-00058,unassigned_point,node/10884713937,no,38.0045052,-7.8650432,EDP,yes,24/7,Mobi.E,,,,,+351 800 222 222,https://www.mobie.pt/,0,0,0,0,0,0,0,0,0,0,0,0,2,32,22 kW,400,0,0,0,0,0,0,0,0
BJA-00059,unassigned_point,node/12132803541,no,38.010404,-7.86432,Charging Together,yes,24/7,Mobi.E,,,,,+351 800 917 576,https://www.mobie.pt,1,200,80 kW,500,0,0,0,0,0,0,0,0,0,0,0,0,0,0,0,0,2,500,150 kW,1000
BJA-00060,unassigned_point,node/12892739014,no,38.0188,-7.867196,True Kare,yes,24/7,Mobi.E,,,,,,https://www.mobie.pt/,0,0,0,0,0,0,0,0,0,0,0,0,2,32,22 kW,400,0,0,0,0,0,0,0,0
BJA-00062,unassigned_point,node/8733712597,no,38.0061219,-7.8715083,Galp Power,yes,24/7,Mobi.E,,Beja,,,+351 800 249 249,https://www.mobie.pt,1,120,50 kW,500,0,0,0,0,0,0,0,0,0,0,0,0,1,63,43 kW,400,1,125,50 kW,500
BJA-00065,unassigned_point,node/13398920960,no,38.0058049,-7.8534427,Frontrow,yes,24/7,Mobi.E,,,,,,https://www.mobie.pt/,0,0,0,0,0,0,0,0,0,0,0,0,0,0,0,0,0,0,0,0,2,133,50 kW,1000
BJA-00069,unassigned_point,node/13718226781,no,38.0107061,-7.8706091,True Kare,yes,24/7,Mobi.E,,,,,,https://www.mobie.pt/,0,0,0,0,0,0,0,0,0,0,0,0,2,32,22 kW,400,0,0,0,0,0,0,0,0
BJA-90001,unassigned_point,node/7716628055,no,38.0156608,-7.865418,Galp Power,yes,24/7,Mobi.E,Praça da República,Beja,,,+351 800 249 249,https://www.mobie.pt,0,0,0,0,0,0,0,0,0,0,0,0,2,16,3.7 kW,230,0,0,0,0,0,0,0,0
BJA-90003,unassigned_point,node/7716685370,no,38.013322,-7.8728829,EDP,yes,24/7,Mobi.E,Rua de Pedro Soares,Beja,7800-295,,+351 800 222 222,https://www.mobie.pt,0,0,0,0,0,0,0,0,0,0,0,0,2,16,3.7 kW,230,0,0,0,0,0,0,0,0
BJA-90005,unassigned_point,node/7716780557,no,38.0267144,-7.8674622,Galp Power,yes,24/7,Mobi.E,,Beja,,,+351 800 249 249,https://www.mobie.pt,0,0,0,0,0,0,0,0,0,0,0,0,2,16,3.7 kW,230,0,0,0,0,0,0,0,0
BMT-90001,unassigned_point,node/9181018563,no,40.3581252,-7.3525306,Powerdot,yes,24/7,Mobi.E,,,,PT,+351 800 180 292,https://www.mobie.pt/,0,0,0,0,0,0,0,0,0,0,0,0,2,32,22 kW,400,0,0,0,0,0,0,0,0
BNV-00001,unassigned_point,node/8289429365,no,38.9782065,-8.8102157,Powerdot,yes,24/7,Mobi.E,,,,,+351 800 180 292,https://www.mobie.pt,0,0,0,0,0,0,0,0,0,0,0,0,2,32,22 kW,400,0,0,0,0,0,0,0,0
BNV-00004,unassigned_point,node/9456735230,no,38.9179535,-8.8697152,Prio.E,yes,24/7,Mobi.E,,,,,+351 800 100 303,https://www.mobie.pt/,1,120,50 kW,500,0,0,0,0,0,0,0,0,0,0,0,0,0,0,0,0,1,125,50 kW,500
BNV-00007,unassigned_point,node/10855773198,no,38.9474398,-8.8294823,Prio.E,yes,24/7,Mobi.E,,,,,+351 800 100 303,https://www.mobie.pt/,1,120,50 kW,500,0,0,0,0,0,0,0,0,0,0,0,0,0,0,0,0,1,125,50 kW,500
BNV-00008,unassigned_point,node/11386032326,no,38.9788427,-8.8095473,Atlante,yes,09:00-21:00,Mobi.E,,,,,+351 800 296 929;+351 234 246 050,https://www.mobie.pt/,1,125,50 kW,500,0,0,0,0,0,0,0,0,0,0,0,0,1,32,22 kW,400,1,150,60 kW,500
BNV-00012,unassigned_point,node/12140868083,no,38.9220758,-8.8828293,EDP,yes,24/7,Mobi.E,,,,,+351 800 222 222,https://www.mobie.pt/,1,125,50 kW,500,0,0,0,0,0,0,0,0,0,0,0,0,0,0,0,0,1,300,120 kW,1000
BNV-00013,unassigned_point,node/12437684157,no,38.915859,-8.8810752,Charging Together,yes,24/7,Mobi.E,,,,,+351 800 917 576,https://www.mobie.pt,1,200,80 kW,500,0,0,0,0,0,0,0,0,0,0,0,0,0,0,0,0,2,500,150 kW,1000
BNV-00014,unassigned_point,node/12887030442,no,38.9160662,-8.8819663,Charging Together,yes,24/7,Mobi.E,,,,,+351 800 917 576,https://www.mobie.pt,1,200,80 kW,500,0,0,0,0,0,0,0,0,0,0,0,0,0,0,0,0,2,500,150 kW,1000
BNV-00018,unassigned_point,node/9848264269,no,38.922113,-8.8819187,Galp Power,yes,24/7,Mobi.E,,,,,+351 800 249 249,https://www.mobie.pt/,1,120,50 kW,500,0,0,0,0,0,0,0,0,0,0,0,0,1,32,22 kW,400,1,125,50 kW,500
BNV-00021,unassigned_point,node/11359196945,no,38.9206968,-8.8796882,Atlante,yes,24/7,Mobi.E,,,,,+351 800 296 929;+351 234 246 050,https://www.mobie.pt/,0,0,0,0,0,0,0,0,0,0,0,0,0,0,0,0,0,0,0,0,2,300,60 kW,1000
BRB-00003,unassigned_point,node/10990150877,no,38.809693,-7.450686,Atlante,yes,24/7,Mobi.E,,,,,+351 800 296 929;+351 234 246 050,https://www.mobie.pt/,1,125,50 kW,500,0,0,0,0,0,0,0,0,0,0,0,0,1,32,22 kW,400,1,150,60 kW,500
BRB-90001,unassigned_point,node/8280533096,no,38.8070514,-7.4535175,Galp Power,yes,24/7,Mobi.E,,,,PT,+351 800 249 249,https://www.mobie.pt,0,0,0,0,0,0,0,0,0,0,0,0,2,32,22 kW,400,0,0,0,0,0,0,0,0
BRC-90001,unassigned_point,node/8273859231,no,38.1341986,-6.9800824,Powerdot,yes,24/7,Mobi.E,,,,PT,+351 800 180 292,https://www.mobie.pt,0,0,0,0,0,0,0,0,0,0,0,0,2,32,22 kW,400,0,0,0,0,0,0,0,0
BRG-00001,unassigned_point,node/8146818845,no,41.5512112,-8.4281549,Atlante,yes,24/7,Mobi.E,,,,,+351 800 296 929;+351 234 246 050,https://www.mobie.pt,0,0,0,0,0,0,0,0,0,0,0,0,2,32,7.4 kW,230,0,0,0,0,0,0,0,0
BRG-00010,unassigned_point,node/8146818841,no,41.596518,-8.4119371,Mobi.E,yes,24/7,Mobi.E,,,,,,https://www.mobie.pt,0,0,0,0,0,0,0,0,0,0,0,0,2,16,3.7 kW,230,0,0,0,0,0,0,0,0
BRG-00012,unassigned_point,node/8146818844,no,41.5617677,-8.4449008,Atlante,yes,24/7,Mobi.E,,,,,+351 800 296 929;+351 234 246 050,https://www.mobie.pt,0,0,0,0,0,0,0,0,0,0,0,0,2,16,3.7 kW,230,0,0,0,0,0,0,0,0
BRG-00013,unassigned_point,node/8132613483,no,41.5098819,-8.4534189,Powerdot,yes,24/7,Mobi.E,,,,,+351 800 180 292,https://www.mobie.pt,0,0,0,0,0,0,0,0,0,0,0,0,2,16,3.7 kW,230,0,0,0,0,0,0,0,0
BRG-00015,unassigned_point,node/5370207527,no,41.5531944,-8.4303465,Mobiletric,yes,24/7,Mobi.E,Rua de São Martinho,Braga,,,+351 800 249 249,https://www.mobie.pt,1,120,50 kW,500,0,0,0,0,0,0,0,0,0,0,0,0,1,63,43 kW,400,1,125,50 kW,500
BRG-00018,unassigned_point,node/9196500832,no,41.540535,-8.4326283,Prio.E,yes,24/7,Mobi.E,,,,,+351 800 100 303,https://www.mobie.pt/,1,120,50 kW,500,0,0,0,0,0,0,0,0,0,0,0,0,0,0,0,0,1,125,50 kW,500
BRG-00027,unassigned_point,node/8231973083,no,41.5520095,-8.4091249,Galp Geste,yes,24/7,Mobi.E,Avenida João Paulo II,Braga,,,+351 800 249 249,https://www.mobie.pt,1,120,50 kW,500,0,0,0,0,0,0,0,0,0,0,0,0,1,63,43 kW,400,1,125,50 kW,500
BRG-00029,unassigned_point,node/12647441035,no,41.5649208,-8.4482012,MEO,yes,Mo-Sa 08:30-19:30,Mobi.E,,,,,,https://www.mobie.pt/,0,0,0,0,0,0,0,0,0,0,0,0,2,32,22 kW,400,0,0,0,0,0,0,0,0
BRG-00045,unassigned_point,node/9426410193,no,41.5506864,-8.4064291,Repsol,yes,24/7,Mobi.E,,,,,+351 800 226 624,https://www.mobie.pt/,1,120,50 kW,500,0,0,0,0,0,0,0,0,0,0,0,0,1,32,22 kW,400,1,125,50 kW,500
BRG-00049,unassigned_point,node/9554967229,no,41.4825958,-8.4793948,EVCE,yes,24/7,Mobi.E,,,,,+351 800 301 303,https://www.mobie.pt/,0,0,0,0,0,0,0,0,0,0,0,0,2,32,22 kW,400,0,0,0,0,0,0,0,0
BRG-00050,unassigned_point,node/13226674894,no,41.5437833,-8.3997895,EVCE,yes,08:00-22:00,Mobi.E,,,,,+351 800 301 303,https://www.mobie.pt/,0,0,0,0,0,0,0,0,0,0,0,0,2,32,7.4 kW,230,0,0,0,0,0,0,0,0
BRG-00051,unassigned_point,node/9484803988,no,41.54367,-8.3997647,EVCE,yes,08:00-22:00,Mobi.E,,,,,+351 800 301 303,https://www.mobie.pt/,0,0,0,0,0,0,0,0,0,0,0,0,2,32,7.4 kW,230,0,0,0,0,0,0,0,0
BRG-00057,unassigned_point,node/9567015128,no,41.565316,-8.4060863,Neureifen,yes,09:00-22:00,Mobi.E,,,,,,https://www.mobie.pt,0,0,0,0,0,0,0,0,0,0,0,0,2,32,22 kW,400,0,0,0,0,0,0,0,0
BRG-00058,unassigned_point,node/9847762712,no,41.5252611,-8.4180254,Iberdrola,yes,09:00-21:30,Mobi.E,,,,,+351 800 607 717,https://www.mobie.pt,0,0,0,0,0,0,0,0,0,0,0,0,2,32,22 kW,400,0,0,0,0,0,0,0,0
BRG-00071,unassigned_point,node/10056853550,no,41.5602038,-8.4464607,EDP,yes,24/7,Mobi.E,,,,,+351 800 222 222,https://www.mobie.pt/,1,125,50 kW,500,0,0,0,0,0,0,0,0,0,0,0,0,0,0,0,0,1,200,120 kW,1000
BRG-00080,unassigned_point,node/11033318060,no,41.5121148,-8.4520643,Galp Geste,yes,24/7,Mobi.E,,,,,+351 800 249 249,https://www.mobie.pt/,0,0,0,0,0,0,0,0,0,0,0,0,0,0,0,0,0,0,0,0,2,200,120 kW,1000
BRG-00082,unassigned_point,node/11301244262,no,41.5560067,-8.4324686,Iberdrola,yes,09:00-21:30,Mobi.E,,,,,+351 800 607 717,https://www.mobie.pt/,0,0,0,0,0,0,0,0,0,0,0,0,2,32,22 kW,400,0,0,0,0,0,0,0,0
BRG-00085,unassigned_point,node/11339406820,no,41.4879087,-8.4300559,Zunder,yes,24/7,Mobi.E,,,,,,https://www.mobie.pt/,0,0,0,0,0,0,0,0,0,0,0,0,0,0,0,0,0,0,0,0,2,63,25 kW,1000
BRG-00086,unassigned_point,node/11404287203,no,41.5596673,-8.4182238,EDP,yes,24/7,Mobi.E,,,,,+351 800 222 222,https://www.mobie.pt/,1,125,50 kW,500,0,0,0,0,0,0,0,0,0,0,0,0,0,0,0,0,1,300,120 kW,1000
BRG-00087,unassigned_point,node/11404287206,no,41.5427171,-8.3987838,EDP,yes,24/7,Mobi.E,,,,,+351 800 222 222,https://www.mobie.pt/,1,125,50 kW,500,0,0,0,0,0,0,0,0,0,0,0,0,0,0,0,0,1,200,120 kW,1000
BRG-00094,unassigned_point,node/11418482352,no,41.531628,-8.4738186,EDP,yes,24/7,Mobi.E,,,,,+351 800 222 222,https://www.mobie.pt/,0,0,0,0,0,0,0,0,0,0,0,0,2,32,22 kW,400,0,0,0,0,0,0,0,0
BRG-00096,unassigned_point,node/11234513328,no,41.5253658,-8.399868,Iberdrola,yes,24/7,Mobi.E,,,,,+351 800 607 717,https://www.mobie.pt/,0,0,0,0,0,0,0,0,0,0,0,0,0,0,0,0,2,16,11 kW,400,0,0,0,0
BRG-00102,unassigned_point,node/11410771628,no,41.5463746,-8.2768556,EDP,yes,24/7,Mobi.E,,,,,+351 800 222 222,https://www.mobie.pt/,0,0,0,0,0,0,0,0,0,0,0,0,2,32,22 kW,400,0,0,0,0,0,0,0,0
BRG-00105,unassigned_point,node/11753862877,no,41.5658932,-8.4398366,EDP,yes,24/7,Mobi.E,,,,,+351 800 222 222,https://www.mobie.pt,1,125,50 kW,500,0,0,0,0,0,0,0,0,1,32,22 kW,400,0,0,0,0,1,200,90 kW,1000
BRG-00111,unassigned_point,node/10040504083,no,41.558388,-8.4166413,Atlante,yes,24/7,Mobi.E,,,,,+351 800 296 929;+351 234 246 050,https://www.mobie.pt/,1,125,50 kW,500,0,0,0,0,0,0,0,0,0,0,0,0,1,32,22 kW,400,1,150,60 kW,500
BRG-00117,unassigned_point,node/11705037617,no,41.552679,-8.3950978,EDP,yes,24/7,Mobi.E,,,,,+351 800 222 222,https://www.mobie.pt/,0,0,0,0,0,0,0,0,0,0,0,0,2,32,7.4 kW,230,0,0,0,0,0,0,0,0
BRG-00127,unassigned_point,node/12101523366,no,41.5649216,-8.4496188,Atlante,yes,24/7,Mobi.E,,,,,+351 800 296 929;+351 234 246 050,https://www.mobie.pt/,1,125,50 kW,500,0,0,0,0,0,0,0,0,0,0,0,0,1,32,22 kW,400,1,150,60 kW,500
BRG-00128,unassigned_point,node/12282138636,no,41.5407876,-8.3983398,EDP,yes,09:00-20:00,Mobi.E,,,,,+351 800 222 222,https://www.mobie.pt/,0,0,0,0,0,0,0,0,0,0,0,0,1,32,22 kW,400,0,0,0,0,2,200,60 kW,1000
BRG-00135,unassigned_point,node/13762106215,no,41.5076147,-8.4889414,Charging Together,yes,24/7,Mobi.E,,,,,,https://www.mobie.pt/,0,0,0,0,0,0,0,0,0,0,0,0,0,0,0,0,0,0,0,0,2,500,150 kW,1000
BRG-00136,unassigned_point,node/12605308313,no,41.564719,-8.4200352,Galp Power,yes,24/7,Mobi.E,,,,,+351 800 249 249,https://www.mobie.pt/,0,0,0,0,0,0,0,0,0,0,0,0,0,0,0,0,0,0,0,0,2,250,120 kW,1000
BRG-00139,unassigned_point,node/10635011296,no,41.5421503,-8.4000069,Galp Power,yes,08:00-21:30,Mobi.E,,,,,+351 800 249 249,https://www.mobie.pt/,1,120,50 kW,500,0,0,0,0,0,0,0,0,0,0,0,0,1,32,22 kW,400,1,125,50 kW,500
BRG-00140,unassigned_point,node/10635011295,no,41.5438713,-8.4272975,Galp Power,yes,24/7,Mobi.E,,,,,+351 800 249 249,https://www.mobie.pt/,1,120,50 kW,500,0,0,0,0,0,0,0,0,0,0,0,0,1,32,22 kW,400,1,125,50 kW,500
BRG-00141,unassigned_point,node/8231975400,no,41.5594158,-8.4175041,Galp Power,yes,24/7,Mobi.E,Rua Américo Rodrigues Barbosa,Braga,,,+351 800 249 249,https://www.mobie.pt,1,120,50 kW,500,0,0,0,0,0,0,0,0,0,0,0,0,1,63,43 kW,400,1,125,50 kW,500
BRG-00147,unassigned_point,node/13474275062,no,41.5340707,-8.4614663,Cepsa,yes,24/7,Mobi.E,,,,,,https://www.mobie.pt/,0,0,0,0,0,0,0,0,0,0,0,0,0,0,0,0,0,0,0,0,2,500,300 kW,1000
BRG-00148,unassigned_point,node/13398905316,no,41.556988,-8.440553,Prio.E,yes,24/7,Mobi.E,,,,,+351 800 100 303,https://www.mobie.pt/,0,0,0,0,0,0,0,0,0,0,0,0,0,0,0,0,0,0,0,0,2,300,150 kW,1000
BRG-00149,unassigned_point,node/8989497400,no,41.543306,-8.440549,Evaz Energy,yes,24/7,Mobi.E,,,,,+351 800 181 742,https://www.mobie.pt/,1,125,50 kW,500,0,0,0,0,0,0,0,0,1,32,22 kW,400,0,0,0,0,1,125,60 kW,500
BRG-00150,unassigned_point,node/8989497401,no,41.5426581,-8.4396971,Evaz Energy,yes,24/7,Mobi.E,,,,,+351 800 181 742,https://www.mobie.pt,1,120,50 kW,500,0,0,0,0,0,0,0,0,0,0,0,0,0,0,0,0,1,125,60 kW,500
BRG-00151,unassigned_point,node/8440779645,no,41.5678334,-8.3816996,Prio.E,yes,24/7,Mobi.E,Rua Infante Dom Henrique,Braga,,,+351 800 100 303,https://www.mobie.pt/,0,0,0,0,0,0,0,0,0,0,0,0,0,0,0,0,0,0,0,0,2,200,90 kW,1000
BRG-00170,unassigned_point,node/13893867808,no,41.5655267,-8.4502815,Repsol,yes,24/7,Mobi.E,,,,,+351 800 226 624,https://www.mobie.pt/,1,125,50 kW,500,0,0,0,0,0,0,0,0,0,0,0,0,1,63,43 kW,400,1,125,50 kW,500
BRG-80005,unassigned_point,node/8146818847,no,41.5463584,-8.4195315,Atlante,yes,24/7,Mobi.E,,,,,+351 800 296 929;+351 234 246 050,https://www.mobie.pt,0,0,0,0,0,0,0,0,0,0,0,0,2,16,3.7 kW,230,0,0,0,0,0,0,0,0
BRG-80007,unassigned_point,node/8146818848,no,41.5466804,-8.4229179,Atlante,yes,24/7,Mobi.E,,,,,+351 800 296 929;+351 234 246 050,https://www.mobie.pt,0,0,0,0,0,0,0,0,0,0,0,0,2,16,3.7 kW,230,0,0,0,0,0,0,0,0
BRG-90003,unassigned_point,node/5484497721,no,41.5493755,-8.4345261,Galp Power,yes,24/7,Mobi.E,,,,,+351 800 249 249,https://www.mobie.pt,0,0,0,0,0,0,0,0,0,0,0,0,2,16,3.7 kW,230,0,0,0,0,0,0,0,0
BRG-90009,unassigned_point,node/8146818843,no,41.5578309,-8.3987342,Powerdot,yes,24/7,Mobi.E,,,,,+351 800 180 292,https://www.mobie.pt,0,0,0,0,0,0,0,0,0,0,0,0,2,16,3.7 kW,230,0,0,0,0,0,0,0,0
BRG-90011,unassigned_point,node/8146818842,no,41.582572,-8.4235031,Galp Power,yes,24/7,Mobi.E,,,,,+351 800 249 249,https://www.mobie.pt,0,0,0,0,0,0,0,0,0,0,0,0,2,16,3.7 kW,230,0,0,0,0,0,0,0,0
BRG-90014,unassigned_point,node/7133311288,no,41.5665537,-8.3979814,Galp Power,yes,24/7,Mobi.E,,,,,+351 800 249 249,https://www.mobie.pt,0,0,0,0,0,0,0,0,0,0,0,0,2,16,3.7 kW,230,0,0,0,0,0,0,0,0
BRR-00004,unassigned_point,node/8085770812,no,38.5837139,-9.044394,Mota Engil II,yes,10:00-22:00,Mobi.E,,,,,+351 800 020 940,https://www.mobie.pt,0,0,0,0,0,0,0,0,0,0,0,0,2,32,22 kW,400,0,0,0,0,0,0,0,0
BRR-00005,unassigned_point,node/13002755911,no,38.5836322,-9.0437423,Mota Engil II,yes,10:00-22:00,Mobi.E,,,,,+351 800 020 940,https://www.mobie.pt,0,0,0,0,0,0,0,0,0,0,0,0,2,32,22 kW,400,0,0,0,0,0,0,0,0
BRR-00016,unassigned_point,node/9630154649,no,38.6423171,-9.0603468,EDP,yes,24/7,Mobi.E,,,,,+351 800 222 222,https://www.mobie.pt,1,125,50 kW,500,0,0,0,0,0,0,0,0,1,32,22 kW,400,0,0,0,0,1,200,90 kW,1000
BRR-00019,unassigned_point,node/10061965477,no,38.6240814,-9.0474853,True Kare,yes,24/7,Mobi.E,,,,,,https://www.mobie.pt/,0,0,0,0,0,0,0,0,0,0,0,0,2,32,22 kW,400,0,0,0,0,0,0,0,0
BRR-00020,unassigned_point,node/10224578352,no,38.6570744,-9.0600004,True Kare,yes,24/7,Mobi.E,,,,,,https://www.mobie.pt/,0,0,0,0,0,0,0,0,0,0,0,0,2,32,22 kW,400,0,0,0,0,0,0,0,0
BRR-00021,unassigned_point,node/10061965476,no,38.6268192,-9.0343619,True Kare,yes,24/7,Mobi.E,,,,,,https://www.mobie.pt/,0,0,0,0,0,0,0,0,0,0,0,0,2,32,22 kW,400,0,0,0,0,0,0,0,0
BRR-00022,unassigned_point,node/10061965479,no,38.6532689,-9.0489645,True Kare,yes,24/7,Mobi.E,,,,,,https://www.mobie.pt/,0,0,0,0,0,0,0,0,0,0,0,0,2,32,22 kW,400,0,0,0,0,0,0,0,0
BRR-00023,unassigned_point,node/10061965478,no,38.6553562,-9.0764015,True Kare,yes,24/7,Mobi.E,,,,,,https://www.mobie.pt/,0,0,0,0,0,0,0,0,0,0,0,0,2,32,22 kW,400,0,0,0,0,0,0,0,0
BRR-00024,unassigned_point,node/10134101805,no,38.5948726,-9.0447119,True Kare,yes,24/7,Mobi.E,,,,,,https://www.mobie.pt/,0,0,0,0,0,0,0,0,0,0,0,0,2,32,22 kW,400,0,0,0,0,0,0,0,0
BRR-00025,unassigned_point,node/9919933655,no,38.6620174,-9.0780435,True Kare,yes,24/7,Mobi.E,,,,,,https://www.mobie.pt/,0,0,0,0,0,0,0,0,0,0,0,0,2,32,22 kW,400,0,0,0,0,0,0,0,0
BRR-00026,unassigned_point,node/10218080758,no,38.581431,-9.0428282,EDP,yes,24/7,Mobi.E,,,,,+351 800 222 222,https://www.mobie.pt/,0,0,0,0,0,0,0,0,0,0,0,0,2,32,22 kW,400,0,0,0,0,0,0,0,0
BRR-00027,unassigned_point,node/10727506838,no,38.665086,-9.0763601,True Kare,yes,24/7,Mobi.E,,,,,,https://www.mobie.pt/,0,0,0,0,0,0,0,0,0,0,0,0,2,32,22 kW,400,0,0,0,0,0,0,0,0
BRR-00028,unassigned_point,node/10792390028,no,38.649599,-9.0473163,True Kare,yes,24/7,Mobi.E,,,,,,https://www.mobie.pt/,0,0,0,0,0,0,0,0,0,0,0,0,2,32,22 kW,400,0,0,0,0,0,0,0,0
BRR-00029,unassigned_point,node/10809116537,no,38.652708,-9.060147,True Kare,yes,24/7,Mobi.E,,,,,,https://www.mobie.pt/,0,0,0,0,0,0,0,0,0,0,0,0,2,32,22 kW,400,0,0,0,0,0,0,0,0
BRR-00030,unassigned_point,node/10634795502,no,38.6339848,-9.0423241,True Kare,yes,24/7,Mobi.E,,,,,,https://www.mobie.pt/,0,0,0,0,0,0,0,0,0,0,0,0,2,32,22 kW,400,0,0,0,0,0,0,0,0
BRR-00035,unassigned_point,node/10827932893,no,38.652266,-9.0665903,True Kare,yes,24/7,Mobi.E,,,,,,https://www.mobie.pt/,0,0,0,0,0,0,0,0,0,0,0,0,2,32,22 kW,400,0,0,0,0,0,0,0,0
BRR-00036,unassigned_point,node/10827932892,no,38.6495632,-9.0645984,True Kare,yes,24/7,Mobi.E,,,,,,https://www.mobie.pt/,0,0,0,0,0,0,0,0,0,0,0,0,2,32,22 kW,400,0,0,0,0,0,0,0,0
BRR-00037,unassigned_point,node/10827932891,no,38.6537329,-9.0729879,True Kare,yes,24/7,Mobi.E,,,,,,https://www.mobie.pt/,0,0,0,0,0,0,0,0,0,0,0,0,2,32,22 kW,400,0,0,0,0,0,0,0,0
BRR-00038,unassigned_point,node/10827932890,no,38.6452067,-9.0530131,True Kare,yes,24/7,Mobi.E,,,,,,https://www.mobie.pt/,0,0,0,0,0,0,0,0,0,0,0,0,2,32,22 kW,400,0,0,0,0,0,0,0,0
BRR-00039,unassigned_point,node/10827988414,no,38.6428923,-9.0518932,True Kare,yes,24/7,Mobi.E,,,,,,https://www.mobie.pt/,0,0,0,0,0,0,0,0,0,0,0,0,2,32,22 kW,400,0,0,0,0,0,0,0,0
BRR-00040,unassigned_point,node/10827988413,no,38.6408825,-9.0578543,True Kare,yes,24/7,Mobi.E,,,,,,https://www.mobie.pt/,0,0,0,0,0,0,0,0,0,0,0,0,2,32,22 kW,400,0,0,0,0,0,0,0,0
BRR-00041,unassigned_point,node/10827988412,no,38.6499684,-9.0631339,True Kare,yes,24/7,Mobi.E,,,,,,https://www.mobie.pt/,0,0,0,0,0,0,0,0,0,0,0,0,2,32,22 kW,400,0,0,0,0,0,0,0,0
BRR-00042,unassigned_point,node/10827988411,no,38.6564896,-9.0685397,True Kare,yes,24/7,Mobi.E,,,,,,https://www.mobie.pt/,0,0,0,0,0,0,0,0,0,0,0,0,2,32,22 kW,400,0,0,0,0,0,0,0,0
BRR-00043,unassigned_point,node/10827988410,no,38.6615393,-9.0634579,True Kare,yes,24/7,Mobi.E,,,,,,https://www.mobie.pt/,0,0,0,0,0,0,0,0,0,0,0,0,2,32,22 kW,400,0,0,0,0,0,0,0,0
BRR-00045,unassigned_point,node/10827988408,no,38.6669418,-9.0542264,True Kare,yes,24/7,Mobi.E,,,,,,https://www.mobie.pt/,0,0,0,0,0,0,0,0,0,0,0,0,2,32,22 kW,400,0,0,0,0,0,0,0,0
BRR-00046,unassigned_point,node/10827988407,no,38.651806,-9.055217,True Kare,yes,24/7,Mobi.E,,,,,,https://www.mobie.pt/,0,0,0,0,0,0,0,0,0,0,0,0,2,32,22 kW,400,0,0,0,0,0,0,0,0
BRR-00048,unassigned_point,node/10827988405,no,38.6445452,-9.0628168,True Kare,yes,24/7,Mobi.E,,,,,,https://www.mobie.pt/,0,0,0,0,0,0,0,0,0,0,0,0,2,32,22 kW,400,0,0,0,0,0,0,0,0
BRR-00049,unassigned_point,node/10827980704,no,38.6453635,-9.0574373,True Kare,yes,24/7,Mobi.E,,,,,,https://www.mobie.pt/,0,0,0,0,0,0,0,0,0,0,0,0,2,32,22 kW,400,0,0,0,0,0,0,0,0
BRR-00050,unassigned_point,node/10828006288,no,38.6366956,-9.0467175,True Kare,yes,24/7,Mobi.E,,,,,,https://www.mobie.pt/,0,0,0,0,0,0,0,0,0,0,0,0,2,32,22 kW,400,0,0,0,0,0,0,0,0
BRR-00051,unassigned_point,node/10828006287,no,38.646098,-9.054752,True Kare,yes,24/7,Mobi.E,,,,,,https://www.mobie.pt/,0,0,0,0,0,0,0,0,0,0,0,0,2,32,22 kW,400,0,0,0,0,0,0,0,0
BRR-00052,unassigned_point,node/10828006286,no,38.6467182,-9.0642049,True Kare,yes,24/7,Mobi.E,,,,,,https://www.mobie.pt/,0,0,0,0,0,0,0,0,0,0,0,0,2,32,22 kW,400,0,0,0,0,0,0,0,0
BRR-00053,unassigned_point,node/10828006285,no,38.650214,-9.055092,True Kare,yes,24/7,Mobi.E,,,,,,https://www.mobie.pt/,0,0,0,0,0,0,0,0,0,0,0,0,2,32,22 kW,400,0,0,0,0,0,0,0,0
BRR-00054,unassigned_point,node/10828006284,no,38.6470982,-9.0648544,True Kare,yes,24/7,Mobi.E,,,,,,https://www.mobie.pt/,0,0,0,0,0,0,0,0,0,0,0,0,2,32,22 kW,400,0,0,0,0,0,0,0,0
BRR-00055,unassigned_point,node/10828006283,no,38.654628,-9.071011,True Kare,yes,24/7,Mobi.E,,,,,,https://www.mobie.pt/,0,0,0,0,0,0,0,0,0,0,0,0,2,32,22 kW,400,0,0,0,0,0,0,0,0
BRR-00056,unassigned_point,node/10828006282,no,38.6617789,-9.0800582,True Kare,yes,24/7,Mobi.E,,,,,,https://www.mobie.pt/,0,0,0,0,0,0,0,0,0,0,0,0,2,32,22 kW,400,0,0,0,0,0,0,0,0
BRR-00057,unassigned_point,node/10828006281,no,38.6625973,-9.0795067,True Kare,yes,24/7,Mobi.E,,,,,,https://www.mobie.pt/,0,0,0,0,0,0,0,0,0,0,0,0,2,32,22 kW,400,0,0,0,0,0,0,0,0
BRR-00058,unassigned_point,node/10828006280,no,38.6600531,-9.075839,True Kare,yes,24/7,Mobi.E,,,,,,https://www.mobie.pt/,0,0,0,0,0,0,0,0,0,0,0,0,2,32,22 kW,400,0,0,0,0,0,0,0,0
BRR-00059,unassigned_point,node/10828006279,no,38.6594068,-9.0800811,True Kare,yes,24/7,Mobi.E,,,,,,https://www.mobie.pt/,0,0,0,0,0,0,0,0,0,0,0,0,2,32,22 kW,400,0,0,0,0,0,0,0,0
BRR-00060,unassigned_point,node/10828006278,no,38.6642609,-9.0763084,True Kare,yes,24/7,Mobi.E,,,,,,https://www.mobie.pt/,0,0,0,0,0,0,0,0,0,0,0,0,2,32,22 kW,400,0,0,0,0,0,0,0,0
BRR-00061,unassigned_point,node/10828006277,no,38.6613056,-9.0757639,True Kare,yes,24/7,Mobi.E,,,,,,https://www.mobie.pt/,0,0,0,0,0,0,0,0,0,0,0,0,2,32,22 kW,400,0,0,0,0,0,0,0,0
BRR-00062,unassigned_point,node/10828006276,no,38.6598184,-9.0766029,True Kare,yes,24/7,Mobi.E,,,,,,https://www.mobie.pt/,0,0,0,0,0,0,0,0,0,0,0,0,2,32,22 kW,400,0,0,0,0,0,0,0,0
BRR-00063,unassigned_point,node/10828006275,no,38.65915,-9.0787778,True Kare,yes,24/7,Mobi.E,,,,,,https://www.mobie.pt/,0,0,0,0,0,0,0,0,0,0,0,0,2,32,22 kW,400,0,0,0,0,0,0,0,0
BRR-00064,unassigned_point,node/10828006274,no,38.6674727,-9.0512243,True Kare,yes,24/7,Mobi.E,,,,,,https://www.mobie.pt/,0,0,0,0,0,0,0,0,0,0,0,0,2,32,22 kW,400,0,0,0,0,0,0,0,0
BRR-00065,unassigned_point,node/10828006273,no,38.6550486,-9.0634861,True Kare,yes,24/7,Mobi.E,,,,,,https://www.mobie.pt/,0,0,0,0,0,0,0,0,0,0,0,0,2,32,22 kW,400,0,0,0,0,0,0,0,0
BRR-00066,unassigned_point,node/10828006272,no,38.6549628,-9.060534,True Kare,yes,24/7,Mobi.E,,,,,,https://www.mobie.pt/,0,0,0,0,0,0,0,0,0,0,0,0,2,32,22 kW,400,0,0,0,0,0,0,0,0
BRR-00067,unassigned_point,node/10828006271,no,38.6534731,-9.0662444,True Kare,yes,24/7,Mobi.E,,,,,,https://www.mobie.pt/,0,0,0,0,0,0,0,0,0,0,0,0,2,32,22 kW,400,0,0,0,0,0,0,0,0
BRR-00076,unassigned_point,node/11089368474,no,38.658822,-9.080653,True Kare,yes,24/7,Mobi.E,,,,,,https://www.mobie.pt/,0,0,0,0,0,0,0,0,0,0,0,0,2,32,22 kW,400,0,0,0,0,0,0,0,0
BRR-00077,unassigned_point,node/11506741423,no,38.6601654,-9.0818717,True Kare,yes,24/7,Mobi.E,,,,,,https://www.mobie.pt/,0,0,0,0,0,0,0,0,0,0,0,0,2,32,22 kW,400,0,0,0,0,0,0,0,0
BRR-00078,unassigned_point,node/11047154693,no,38.659797,-9.078553,True Kare,yes,24/7,Mobi.E,,,,,,https://www.mobie.pt/,0,0,0,0,0,0,0,0,0,0,0,0,2,32,22 kW,400,0,0,0,0,0,0,0,0
BRR-00079,unassigned_point,node/11506741422,no,38.6645154,-9.0501945,True Kare,yes,24/7,Mobi.E,,,,,,https://www.mobie.pt/,0,0,0,0,0,0,0,0,0,0,0,0,2,32,22 kW,400,0,0,0,0,0,0,0,0
BRR-00080,unassigned_point,node/11047154699,no,38.669631,-9.050072,True Kare,yes,24/7,Mobi.E,,,,,,https://www.mobie.pt/,0,0,0,0,0,0,0,0,0,0,0,0,2,32,22 kW,400,0,0,0,0,0,0,0,0
BRR-00081,unassigned_point,node/11047154698,no,38.6659542,-9.0507793,True Kare,yes,24/7,Mobi.E,,,,,,https://www.mobie.pt/,0,0,0,0,0,0,0,0,0,0,0,0,2,32,22 kW,400,0,0,0,0,0,0,0,0
BRR-00082,unassigned_point,node/11047154697,no,38.6519301,-9.0478717,True Kare,yes,24/7,Mobi.E,,,,,,https://www.mobie.pt/,0,0,0,0,0,0,0,0,0,0,0,0,2,32,22 kW,400,0,0,0,0,0,0,0,0
BRR-00083,unassigned_point,node/11089368477,no,38.668653,-9.053039,True Kare,yes,24/7,Mobi.E,,,,,,https://www.mobie.pt/,0,0,0,0,0,0,0,0,0,0,0,0,2,32,22 kW,400,0,0,0,0,0,0,0,0
BRR-00084,unassigned_point,node/11506741419,no,38.669225,-9.048172,True Kare,yes,24/7,Mobi.E,,,,,,https://www.mobie.pt/,0,0,0,0,0,0,0,0,0,0,0,0,2,32,22 kW,400,0,0,0,0,0,0,0,0
BRR-00085,unassigned_point,node/11061423025,no,38.6557431,-9.0533275,True Kare,yes,24/7,Mobi.E,,,,,,https://www.mobie.pt/,0,0,0,0,0,0,0,0,0,0,0,0,2,32,22 kW,400,0,0,0,0,0,0,0,0
BRR-00086,unassigned_point,node/11089368476,no,38.668631,-9.049764,True Kare,yes,24/7,Mobi.E,,,,,,https://www.mobie.pt/,0,0,0,0,0,0,0,0,0,0,0,0,2,32,22 kW,400,0,0,0,0,0,0,0,0
BRR-00087,unassigned_point,node/11506741421,no,38.6605567,-9.0567967,True Kare,yes,24/7,Mobi.E,,,,,,https://www.mobie.pt/,0,0,0,0,0,0,0,0,0,0,0,0,2,32,22 kW,400,0,0,0,0,0,0,0,0
BRR-00088,unassigned_point,node/11043038724,no,38.6612022,-9.0602098,True Kare,yes,24/7,Mobi.E,,,,,,https://www.mobie.pt/,0,0,0,0,0,0,0,0,0,0,0,0,2,32,22 kW,400,0,0,0,0,0,0,0,0
BRR-00089,unassigned_point,node/11089368475,no,38.650692,-9.056486,True Kare,yes,24/7,Mobi.E,,,,,,https://www.mobie.pt/,0,0,0,0,0,0,0,0,0,0,0,0,2,32,22 kW,400,0,0,0,0,0,0,0,0
BRR-00090,unassigned_point,node/11047154696,no,38.657947,-9.070358,True Kare,yes,24/7,Mobi.E,,,,,,https://www.mobie.pt/,0,0,0,0,0,0,0,0,0,0,0,0,2,32,22 kW,400,0,0,0,0,0,0,0,0
BRR-00091,unassigned_point,node/11047154695,no,38.662039,-9.064919,True Kare,yes,24/7,Mobi.E,,,,,,https://www.mobie.pt/,0,0,0,0,0,0,0,0,0,0,0,0,2,32,22 kW,400,0,0,0,0,0,0,0,0
BRR-00092,unassigned_point,node/11089368479,no,38.6589751,-9.060728,True Kare,yes,24/7,Mobi.E,,,,,,https://www.mobie.pt/,0,0,0,0,0,0,0,0,0,0,0,0,2,32,22 kW,400,0,0,0,0,0,0,0,0
BRR-00093,unassigned_point,node/11089368478,no,38.653733,-9.062203,True Kare,yes,24/7,Mobi.E,,,,,,https://www.mobie.pt/,0,0,0,0,0,0,0,0,0,0,0,0,2,32,22 kW,400,0,0,0,0,0,0,0,0
BRR-00094,unassigned_point,node/11143615508,no,38.659357,-9.0647704,True Kare,yes,24/7,Mobi.E,,,,,,https://www.mobie.pt/,0,0,0,0,0,0,0,0,0,0,0,0,2,32,22 kW,400,0,0,0,0,0,0,0,0
BRR-00095,unassigned_point,node/11143567981,no,38.651753,-9.059636,True Kare,yes,24/7,Mobi.E,,,,,,https://www.mobie.pt/,0,0,0,0,0,0,0,0,0,0,0,0,2,32,22 kW,400,0,0,0,0,0,0,0,0
BRR-00096,unassigned_point,node/11067830757,no,38.6552552,-9.0656484,True Kare,yes,24/7,Mobi.E,,,,,,https://www.mobie.pt/,0,0,0,0,0,0,0,0,0,0,0,0,2,32,22 kW,400,0,0,0,0,0,0,0,0
BRR-00097,unassigned_point,node/11089368468,no,38.6576856,-9.0632093,True Kare,yes,24/7,Mobi.E,,,,,,https://www.mobie.pt/,0,0,0,0,0,0,0,0,0,0,0,0,2,32,22 kW,400,0,0,0,0,0,0,0,0
BRR-00098,unassigned_point,node/11067830756,no,38.656314,-9.067492,True Kare,yes,24/7,Mobi.E,,,,,,https://www.mobie.pt/,0,0,0,0,0,0,0,0,0,0,0,0,2,32,22 kW,400,0,0,0,0,0,0,0,0
BRR-00099,unassigned_point,node/11506741424,no,38.6416775,-9.0561866,True Kare,yes,24/7,Mobi.E,,,,,,https://www.mobie.pt/,0,0,0,0,0,0,0,0,0,0,0,0,2,32,22 kW,400,0,0,0,0,0,0,0,0
BRR-00100,unassigned_point,node/11143550451,no,38.656906,-9.072825,True Kare,yes,24/7,Mobi.E,,,,,,https://www.mobie.pt/,0,0,0,0,0,0,0,0,0,0,0,0,2,32,22 kW,400,0,0,0,0,0,0,0,0
BRR-00101,unassigned_point,node/11670188441,no,38.6533707,-9.0688947,True Kare,yes,24/7,Mobi.E,,,,,,https://www.mobie.pt/,0,0,0,0,0,0,0,0,0,0,0,0,2,32,22 kW,400,0,0,0,0,0,0,0,0
BRR-00102,unassigned_point,node/11089368472,no,38.6342017,-9.0415617,True Kare,yes,24/7,Mobi.E,,,,,,https://www.mobie.pt/,0,0,0,0,0,0,0,0,0,0,0,0,2,32,22 kW,400,0,0,0,0,0,0,0,0
BRR-00106,unassigned_point,node/11143550453,no,38.661589,-9.080797,True Kare,yes,24/7,Mobi.E,,,,,,https://www.mobie.pt/,0,0,0,0,0,0,0,0,0,0,0,0,2,32,22 kW,400,0,0,0,0,0,0,0,0
BRR-00107,unassigned_point,node/11386507482,no,38.6561528,-9.0618578,True Kare,yes,24/7,Mobi.E,,,,,,https://www.mobie.pt/,0,0,0,0,0,0,0,0,0,0,0,0,2,32,22 kW,400,0,0,0,0,0,0,0,0
BRR-00108,unassigned_point,node/10827988406,no,38.6575741,-9.0619514,True Kare,yes,24/7,Mobi.E,,,,,,https://www.mobie.pt/,0,0,0,0,0,0,0,0,0,0,0,0,2,32,22 kW,400,0,0,0,0,0,0,0,0
BRR-00109,unassigned_point,node/11143583826,no,38.6440007,-9.055795,True Kare,yes,24/7,Mobi.E,,,,,,https://www.mobie.pt/,0,0,0,0,0,0,0,0,0,0,0,0,2,32,22 kW,400,0,0,0,0,0,0,0,0
BRR-00110,unassigned_point,node/11386507480,no,38.6439159,-9.0572347,True Kare,yes,24/7,Mobi.E,,,,,,https://www.mobie.pt/,0,0,0,0,0,0,0,0,0,0,0,0,2,32,22 kW,400,0,0,0,0,0,0,0,0
BRR-00111,unassigned_point,node/11670188440,no,38.6522547,-9.0706268,True Kare,yes,24/7,Mobi.E,,,,,,https://www.mobie.pt/,0,0,0,0,0,0,0,0,0,0,0,0,2,32,22 kW,400,0,0,0,0,0,0,0,0
BRR-00112,unassigned_point,node/11143550450,no,38.6519049,-9.067556,True Kare,yes,24/7,Mobi.E,,,,,,https://www.mobie.pt/,0,0,0,0,0,0,0,0,0,0,0,0,2,32,22 kW,400,0,0,0,0,0,0,0,0
BRR-00113,unassigned_point,node/11089368470,no,38.654294,-9.072214,True Kare,yes,24/7,Mobi.E,,,,,,https://www.mobie.pt/,0,0,0,0,0,0,0,0,0,0,0,0,2,32,22 kW,400,0,0,0,0,0,0,0,0
BRR-00114,unassigned_point,node/11089368469,no,38.592733,-9.039486,True Kare,yes,24/7,Mobi.E,,,,,,https://www.mobie.pt/,0,0,0,0,0,0,0,0,0,0,0,0,2,32,22 kW,400,0,0,0,0,0,0,0,0
BRR-00115,unassigned_point,node/11089368471,no,38.6270707,-9.0479863,True Kare,yes,24/7,Mobi.E,,,,,,https://www.mobie.pt/,0,0,0,0,0,0,0,0,0,0,0,0,2,32,22 kW,400,0,0,0,0,0,0,0,0
BRR-00116,unassigned_point,node/11089368473,no,38.6369385,-9.0409764,True Kare,yes,24/7,Mobi.E,,,,,,https://www.mobie.pt/,0,0,0,0,0,0,0,0,0,0,0,0,2,32,22 kW,400,0,0,0,0,0,0,0,0
BRR-00117,unassigned_point,node/11143567980,no,38.6368844,-9.038181,True Kare,yes,24/7,Mobi.E,,,,,,https://www.mobie.pt/,0,0,0,0,0,0,0,0,0,0,0,0,2,32,22 kW,400,0,0,0,0,0,0,0,0
BRR-00118,unassigned_point,node/11143583827,no,38.6196856,-9.030325,True Kare,yes,24/7,Mobi.E,,,,,,https://www.mobie.pt/,0,0,0,0,0,0,0,0,0,0,0,0,2,32,22 kW,400,0,0,0,0,0,0,0,0
BRR-00119,unassigned_point,node/11751506783,no,38.6371772,-9.0473198,True Kare,yes,24/7,Mobi.E,,,,,,https://www.mobie.pt/,0,0,0,0,0,0,0,0,0,0,0,0,2,32,22 kW,400,0,0,0,0,0,0,0,0
BRR-00120,unassigned_point,node/11386507484,no,38.6642504,-9.0794622,True Kare,yes,24/7,Mobi.E,,,,,,https://www.mobie.pt/,0,0,0,0,0,0,0,0,0,0,0,0,2,32,22 kW,400,0,0,0,0,0,0,0,0
BRR-00121,unassigned_point,node/11634211670,no,38.6443697,-9.059071,True Kare,yes,24/7,Mobi.E,,,,,,https://www.mobie.pt/,0,0,0,0,0,0,0,0,0,0,0,0,2,32,22 kW,400,0,0,0,0,0,0,0,0
BRR-00122,unassigned_point,node/11634211669,no,38.6529797,-9.0677828,True Kare,yes,24/7,Mobi.E,,,,,,https://www.mobie.pt/,0,0,0,0,0,0,0,0,0,0,0,0,2,32,22 kW,400,0,0,0,0,0,0,0,0
BRR-00123,unassigned_point,node/11920596421,no,38.6551127,-9.0722367,True Kare,yes,24/7,Mobi.E,,,,,,https://www.mobie.pt/,0,0,0,0,0,0,0,0,0,0,0,0,2,32,22 kW,400,0,0,0,0,0,0,0,0
BRR-00124,unassigned_point,node/10827988409,no,38.648633,-9.048283,True Kare,yes,24/7,Mobi.E,,,,,,https://www.mobie.pt/,0,0,0,0,0,0,0,0,0,0,0,0,2,32,22 kW,400,0,0,0,0,0,0,0,0
BRR-00126,unassigned_point,node/11751506782,no,38.6515058,-9.0680021,True Kare,yes,24/7,Mobi.E,,,,,,https://www.mobie.pt/,0,0,0,0,0,0,0,0,0,0,0,0,2,32,22 kW,400,0,0,0,0,0,0,0,0
BRR-00127,unassigned_point,node/11143615510,no,38.6541942,-9.0698288,True Kare,yes,24/7,Mobi.E,,,,,,https://www.mobie.pt/,0,0,0,0,0,0,0,0,0,0,0,0,2,32,22 kW,400,0,0,0,0,0,0,0,0
BRR-00128,unassigned_point,node/11429979671,no,38.636062,-9.044453,Repsol,yes,24/7,Mobi.E,,,,,+351 800 226 624,https://www.mobie.pt/,1,125,50 kW,500,0,0,0,0,0,0,0,0,0,0,0,0,1,32,22 kW,400,1,150,60 kW,500
BRR-00142,unassigned_point,node/12102487896,no,38.6543994,-9.0590342,EDP,yes,24/7,Mobi.E,,,,,+351 800 222 222,https://www.mobie.pt/,1,125,50 kW,500,0,0,0,0,0,0,0,0,0,0,0,0,0,0,0,0,1,300,120 kW,1000
BRR-00145,unassigned_point,node/12175707867,no,38.5924275,-9.0465577,Repsol,yes,24/7,Mobi.E,,,,,+351 800 226 624,https://www.mobie.pt/,1,125,50 kW,500,0,0,0,0,0,0,0,0,0,0,0,0,1,32,22 kW,400,1,150,60 kW,1000
BRR-00146,unassigned_point,node/12383144258,no,38.664464,-9.058412,Iberdrola,yes,09:00-21:00,Mobi.E,,,,,+351 800 607 717,https://www.mobie.pt/,0,0,0,0,0,0,0,0,0,0,0,0,2,32,22 kW,400,0,0,0,0,0,0,0,0
BRR-00149,unassigned_point,node/12176582178,no,38.6502742,-9.0639833,Cepsa,yes,24/7,Mobi.E,,,,,,https://www.mobie.pt/,0,0,0,0,0,0,0,0,0,0,0,0,0,0,0,0,0,0,0,0,2,500,300 kW,1000
BRR-00152,unassigned_point,node/10675888134,no,38.6432858,-9.0599776,Galp Power,yes,24/7,Mobi.E,,,,,+351 800 249 249,https://www.mobie.pt/,1,120,50 kW,500,0,0,0,0,0,0,0,0,0,0,0,0,1,32,22 kW,400,1,125,50 kW,500
BRR-00153,unassigned_point,node/8003632333,no,38.6573455,-9.0711666,Galp Power,yes,24/7,Mobi.E,,Barreiro,,,+351 800 249 249,https://www.mobie.pt,1,120,50 kW,500,0,0,0,0,0,0,0,0,0,0,0,0,1,63,43 kW,400,1,125,50 kW,500
BRR-00154,unassigned_point,node/12074159877,no,38.6681334,-9.0555144,Galp Power,yes,24/7,Mobi.E,,,,,+351 800 249 249,https://www.mobie.pt/,1,120,50 kW,500,0,0,0,0,0,0,0,0,0,0,0,0,1,32,22 kW,400,1,125,50 kW,500
BRR-00158,unassigned_point,node/13608316274,no,38.588545,-9.021725,Galp Power,yes,24/7,Mobi.E,,,,,+351 800 249 249,https://www.mobie.pt/,1,125,50 kW,500,0,0,0,0,0,0,0,0,0,0,0,0,1,32,22 kW,400,1,125,50 kW,500
BRR-00159,unassigned_point,node/7778715122,no,38.6338056,-9.0515028,Prio.E,yes,24/7,Mobi.E,,,,,+351 800 100 303,https://www.mobie.pt,0,0,0,0,0,0,0,0,0,0,0,0,0,0,0,0,0,0,0,0,2,300,60 kW,1000
BTC-00001,unassigned_point,node/8307407928,no,41.6869858,-7.6673399,Powerdot,yes,24/7,Mobi.E,,,,PT,+351 800 180 292,https://www.mobie.pt,0,0,0,0,0,0,0,0,0,0,0,0,2,32,22 kW,400,0,0,0,0,0,0,0,0
BTL-00002,unassigned_point,node/8109599994,no,39.6567474,-8.8259123,EVCE,yes,24/7,Mobi.E,,,,,+351 800 301 303,https://www.mobie.pt,0,0,0,0,0,0,0,0,0,0,0,0,2,32,22 kW,400,0,0,0,0,0,0,0,0
BTL-00003,unassigned_point,node/8289959261,no,39.6228463,-8.7157128,Powerdot,yes,24/7,Mobi.E,,,,,+351 800 180 292,https://www.mobie.pt,0,0,0,0,0,0,0,0,0,0,0,0,2,32,22 kW,400,0,0,0,0,0,0,0,0
BTL-00004,unassigned_point,node/9848120749,no,39.643329,-8.843151,Repsol,yes,24/7,Mobi.E,,,,,+351 800 226 624,https://www.mobie.pt/,1,125,50 kW,500,0,0,0,0,0,0,0,0,0,0,0,0,1,63,43 kW,400,1,150,60 kW,1000
BTL-00006,unassigned_point,node/11047843446,no,39.664208,-8.825613,Atlante,yes,24/7,Mobi.E,,,,,+351 800 296 929;+351 234 246 050,https://www.mobie.pt/,1,125,30 kW,500,0,0,0,0,0,0,0,0,0,0,0,0,1,32,22 kW,400,1,150,30 kW,1000
BTL-00011,unassigned_point,node/12335013105,no,39.6490758,-8.8397135,EDP,yes,24/7,Mobi.E,,,,,+351 800 222 222,https://www.mobie.pt/,0,0,0,0,0,0,0,0,0,0,0,0,0,0,0,0,0,0,0,0,2,200,60 kW,1000
BTL-90001,unassigned_point,node/8109599995,no,39.6577915,-8.8216478,Galp Power,yes,24/7,Mobi.E,,,,,+351 800 249 249,https://www.mobie.pt,0,0,0,0,0,0,0,0,0,0,0,0,2,32,22 kW,400,0,0,0,0,0,0,0,0
CBA-00002,unassigned_point,node/11931550467,no,38.17063,-7.89397,Mota Engil II,yes,24/7,Mobi.E,,,,,+351 800 020 940,https://www.mobie.pt/,0,0,0,0,0,0,0,0,0,0,0,0,0,0,0,0,0,0,0,0,2,400,180 kW,1000
CBA-90001,unassigned_point,node/8085726392,no,38.1679543,-7.8947738,Powerdot,yes,24/7,Mobi.E,,,,,+351 800 180 292,https://www.mobie.pt,0,0,0,0,0,0,0,0,0,0,0,0,2,32,22 kW,400,0,0,0,0,0,0,0,0
CBC-00011,unassigned_point,node/11359073364,no,41.5078733,-7.9888691,Evio,yes,24/7,Mobi.E,,,,PT,,https://www.mobie.pt/,0,0,0,0,0,0,0,0,0,0,0,0,0,0,0,0,0,0,0,0,2,250,120 kW,1000
CBC-00012,unassigned_point,node/12580062302,no,41.51428,-7.9888053,True Kare,yes,24/7,Mobi.E,,,,,,https://www.mobie.pt/,0,0,0,0,0,0,0,0,0,0,0,0,2,32,22 kW,400,0,0,0,0,0,0,0,0
CBC-00013,unassigned_point,node/12580174658,no,41.51294,-7.9938474,True Kare,yes,24/7,Mobi.E,,,,,,https://www.mobie.pt/,0,0,0,0,0,0,0,0,0,0,0,0,2,32,22 kW,400,0,0,0,0,0,0,0,0
CBC-00015,unassigned_point,node/12926595822,no,41.512104,-7.9910693,True Kare,yes,24/7,Mobi.E,,,,,,https://www.mobie.pt/,0,0,0,0,0,0,0,0,0,0,0,0,2,32,22 kW,400,0,0,0,0,0,0,0,0
CBC-00016,unassigned_point,node/12580194887,no,41.4841777,-7.9595333,True Kare,yes,24/7,Mobi.E,,,,,,https://www.mobie.pt/,0,0,0,0,0,0,0,0,0,0,0,0,2,32,22 kW,400,0,0,0,0,0,0,0,0
CBC-00017,unassigned_point,node/12580232472,no,41.487942,-7.9615703,True Kare,yes,24/7,Mobi.E,,,,,,https://www.mobie.pt/,0,0,0,0,0,0,0,0,0,0,0,0,2,32,22 kW,400,0,0,0,0,0,0,0,0
CBC-00018,unassigned_point,node/12706036736,no,41.49385,-7.9832262,Helexia II,yes,07:00-23:00,Mobi.E,,,,,+351 210 181 157,https://www.mobie.pt/,0,0,0,0,0,0,0,0,0,0,0,0,0,0,0,0,0,0,0,0,2,250,100 kW,500
CBC-90010,unassigned_point,node/8115700034,no,41.5148007,-7.9903945,Powerdot,yes,24/7,Mobi.E,,,,PT,+351 800 180 292,https://www.mobie.pt,0,0,0,0,0,0,0,0,0,0,0,0,2,32,22 kW,400,0,0,0,0,0,0,0,0
CBR-00010,unassigned_point,node/5377859410,no,40.2034548,-8.4254063,Prio.E,yes,24/7,Mobi.E,,,,,+351 800 100 303,https://www.mobie.pt,1,120,50 kW,500,0,0,0,0,0,0,0,0,0,0,0,0,1,63,43 kW,400,1,125,50 kW,500
CBR-00014,unassigned_point,node/8419283215,no,40.2145545,-8.4339863,Prio.E,yes,Mo-Fr 07:30-22:00; Sa 08:30-15:00,Mobi.E,,,,,+351 800 100 303,https://www.mobie.pt,0,0,0,0,0,0,0,0,0,0,0,0,1,32,22 kW,400,0,0,0,0,0,0,0,0
CBR-00015,unassigned_point,node/13231701256,no,40.2145279,-8.4338616,Prio.E,yes,Mo-Fr 07:30-22:00; Sa 08:30-15:00,Mobi.E,,,,,+351 800 100 303,https://www.mobie.pt,0,0,0,0,0,0,0,0,0,0,0,0,1,32,22 kW,400,0,0,0,0,0,0,0,0
CBR-00016,unassigned_point,node/8225026508,no,40.2511344,-8.4420133,Galp Geste,yes,24/7,Mobi.E,,Coimbra,,,+351 800 249 249,https://www.mobie.pt,1,120,50 kW,500,0,0,0,0,0,0,0,0,0,0,0,0,1,63,43 kW,400,1,125,50 kW,500
CBR-00032,unassigned_point,node/3930573517,no,40.1912225,-8.5093861,Powerdot,yes,24/7,Mobi.E,,Coimbra,,,+351 800 180 292,https://www.mobie.pt,0,0,0,0,0,0,0,0,0,0,0,0,2,32,22 kW,400,0,0,0,0,0,0,0,0
CBR-00036,unassigned_point,node/8109685922,no,40.204666,-8.4076376,Powerdot,yes,09:00-22:00,Mobi.E,,,,,+351 800 180 292,https://www.mobie.pt,0,0,0,0,0,0,0,0,0,0,0,0,2,32,22 kW,400,0,0,0,0,0,0,0,0
CBR-00037,unassigned_point,node/8155713317,no,40.2434385,-8.4340695,Galp Power,yes,Mo-Sa 07:00-21:00; Su 08:00-13:00,Mobi.E,,Coimbra,,,+351 800 249 249,https://www.mobie.pt,0,0,0,0,0,0,0,0,0,0,0,0,2,32,22 kW,400,0,0,0,0,0,0,0,0
CBR-00038,unassigned_point,node/8109685921,no,40.1968156,-8.4450202,EDP,yes,24/7,Mobi.E,,,,,+351 800 222 222,https://www.mobie.pt,0,0,0,0,0,0,0,0,0,0,0,0,2,32,22 kW,400,0,0,0,0,0,0,0,0
CBR-00039,unassigned_point,node/8224976509,no,40.1954194,-8.4086877,Galp Geste,yes,24/7,Mobi.E,Avenida Mendes Silva,Coimbra,,,+351 800 249 249,https://www.mobie.pt,1,120,50 kW,500,0,0,0,0,0,0,0,0,0,0,0,0,1,63,43 kW,400,1,125,50 kW,500
CBR-00040,unassigned_point,node/9377220322,no,40.2225503,-8.4156051,Galp Power,yes,24/7,Mobi.E,,,,,+351 800 249 249,https://www.mobie.pt/,0,0,0,0,0,0,0,0,0,0,0,0,2,32,22 kW,400,0,0,0,0,0,0,0,0
CBR-00041,unassigned_point,node/13017883601,no,40.2158039,-8.4365478,Powerdot,yes,24/7,Mobi.E,,,,,+351 800 180 292,https://www.mobie.pt/,0,0,0,0,0,0,0,0,0,0,0,0,2,16,11 kW,400,0,0,0,0,0,0,0,0
CBR-00042,unassigned_point,node/9241550810,no,40.2158837,-8.4364082,Powerdot,yes,24/7,Mobi.E,,,,,+351 800 180 292,https://www.mobie.pt/,0,0,0,0,0,0,0,0,0,0,0,0,2,16,11 kW,400,0,0,0,0,0,0,0,0
CBR-00053,unassigned_point,node/9848120754,no,40.2204391,-8.4386737,Moon,yes,24/7,Mobi.E,,,,,,https://www.mobie.pt/,0,0,0,0,0,0,0,0,0,0,0,0,0,0,0,0,0,0,0,0,2,200,75 kW,1000
CBR-00072,unassigned_point,node/10572522105,no,40.2273938,-8.4461519,Repsol,yes,24/7,Mobi.E,,,,,+351 800 226 624,https://www.mobie.pt/,1,125,50 kW,500,0,0,0,0,0,0,0,0,0,0,0,0,1,32,22 kW,400,1,150,60 kW,1000
CBR-00073,unassigned_point,node/11107948860,no,40.2186216,-8.5853189,Powerdot,yes,24/7,Mobi.E,,,,,+351 800 180 292,https://www.mobie.pt/,0,0,0,0,0,0,0,0,0,0,0,0,1,32,22 kW,400,0,0,0,0,2,125,100 kW,1000
CBR-00079,unassigned_point,node/11017553878,no,40.1960983,-8.4024191,EDP,yes,24/7,Mobi.E,,,,,+351 800 222 222,https://www.mobie.pt/,1,120,50 kW,500,0,0,0,0,0,0,0,0,0,0,0,0,0,0,0,0,1,200,120 kW,1000
CBR-00080,unassigned_point,node/11008001611,no,40.1923634,-8.5087848,Prio.E,yes,24/7,Mobi.E,,,,,+351 800 100 303,https://www.mobie.pt/,1,125,50 kW,500,0,0,0,0,0,0,0,0,0,0,0,0,0,0,0,0,1,150,60 kW,1000
CBR-00084,unassigned_point,node/11275817611,no,40.063833,-8.6185507,Repsol,yes,24/7,Mobi.E,,,,,+351 800 226 624,https://www.mobie.pt/,0,0,0,0,0,0,0,0,0,0,0,0,0,0,0,0,1,16,11 kW,400,0,0,0,0
CBR-00085,unassigned_point,node/10722216479,no,40.1893952,-8.4015362,Atlante,yes,24/7,Mobi.E,,,,,+351 800 296 929;+351 234 246 050,https://www.mobie.pt/,1,120,50 kW,500,0,0,0,0,0,0,0,0,0,0,0,0,1,32,22 kW,400,1,125,50 kW,500
CBR-00090,unassigned_point,node/10022775167,no,40.1914255,-8.3995454,Atlante,yes,09:00-21:00,Mobi.E,,,,,+351 800 296 929;+351 234 246 050,https://www.mobie.pt/,1,125,50 kW,500,0,0,0,0,0,0,0,0,0,0,0,0,1,32,22 kW,400,1,150,60 kW,500
CBR-00101,unassigned_point,node/11753862876,no,40.2374194,-8.4357397,EDP,yes,"Mo-Fr 08:30-19:00; Sa 09:30-13:00,14:30-18:00",Mobi.E,,,,,+351 800 222 222,https://www.mobie.pt/,0,0,0,0,0,0,0,0,0,0,0,0,0,0,0,0,0,0,0,0,2,300,120 kW,1000
CBR-00112,unassigned_point,node/12132525749,no,40.2064084,-8.4014708,Iberdrola,yes,09:00-21:30,Mobi.E,,,,,+351 800 607 717,https://www.mobie.pt/,0,0,0,0,0,0,0,0,0,0,0,0,2,32,22 kW,400,0,0,0,0,0,0,0,0
CBR-00117,unassigned_point,node/12362718906,no,40.2531486,-8.4344036,Iberdrola,yes,09:00-21:00,Mobi.E,,,,,+351 800 607 717,https://www.mobie.pt/,0,0,0,0,0,0,0,0,0,0,0,0,2,32,22 kW,400,0,0,0,0,0,0,0,0
CBR-00118,unassigned_point,node/12241898883,no,40.2376432,-8.4382586,EDP,yes,09:00-20:00,Mobi.E,,,,,+351 800 222 222,https://www.mobie.pt/,0,0,0,0,0,0,0,0,0,0,0,0,2,16,11 kW,400,0,0,0,0,0,0,0,0
CBR-00121,unassigned_point,node/8829299062,no,40.2012007,-8.4307692,Charging Together,yes,24/7,Mobi.E,Avenida Inês de Castro,Coimbra,,,+351 800 917 576,https://www.mobie.pt,0,0,0,0,0,0,0,0,0,0,0,0,0,0,0,0,0,0,0,0,2,150,50 kW,1000
CBR-00123,unassigned_point,node/10707964341,no,40.1987489,-8.4399909,Galp Power,yes,24/7,Mobi.E,,,,,+351 800 249 249,https://www.mobie.pt/,1,120,50 kW,500,0,0,0,0,0,0,0,0,0,0,0,0,1,32,22 kW,400,1,125,50 kW,500
CBR-00126,unassigned_point,node/8757687010,no,40.2272667,-8.4387376,Galp Power,yes,24/7,Mobi.E,,Coimbra,,,+351 800 249 249,https://www.mobie.pt,1,120,50 kW,500,0,0,0,0,0,0,0,0,0,0,0,0,1,63,43 kW,400,1,125,50 kW,500
CBR-00130,unassigned_point,node/12979687385,no,40.212738,-8.406971,Galp Power,yes,24/7,Mobi.E,,,,,+351 800 249 249,https://www.mobie.pt/,0,0,0,0,0,0,0,0,0,0,0,0,1,16,3.7 kW,230,0,0,0,0,0,0,0,0
CBR-00131,unassigned_point,node/12979687384,no,40.2106042,-8.40461,Galp Power,yes,24/7,Mobi.E,,,,,+351 800 249 249,https://www.mobie.pt/,0,0,0,0,0,0,0,0,0,0,0,0,1,16,3.7 kW,230,0,0,0,0,0,0,0,0
CBR-00149,unassigned_point,node/8224954914,no,40.2221253,-8.4306657,Galp Power,yes,24/7,Mobi.E,Circular Externa,Coimbra,,,+351 800 249 249,https://www.mobie.pt,0,0,0,0,0,0,0,0,0,0,0,0,0,0,0,0,0,0,0,0,2,200,90 kW,1000
CBR-00152,unassigned_point,node/13352002730,no,40.2548458,-8.4279974,EDP,yes,24/7,Mobi.E,,,,,+351 800 222 222,https://www.mobie.pt/,0,0,0,0,0,0,0,0,0,0,0,0,1,32,22 kW,400,0,0,0,0,2,300,120 kW,1000
CBR-00153,unassigned_point,node/13384436265,no,40.2038914,-8.4035625,EDP,yes,24/7,Mobi.E,,,,,+351 800 222 222,https://www.mobie.pt/,0,0,0,0,0,0,0,0,0,0,0,0,1,32,22 kW,400,0,0,0,0,2,300,120 kW,1000
CBR-00157,unassigned_point,node/13858702890,no,40.1783603,-8.391501,Powerdot,yes,24/7,Mobi.E,,,,,+351 800 180 292,https://www.mobie.pt/,0,0,0,0,0,0,0,0,0,0,0,0,1,32,22 kW,400,0,0,0,0,2,400,150 kW,1000
CBR-80007,unassigned_point,node/3930573508,no,40.2115628,-8.4323802,Atlante,yes,24/7,Mobi.E,Rua do Carmo,Coimbra,3000,,+351 800 296 929;+351 234 246 050,https://www.mobie.pt,0,0,0,0,0,0,0,0,0,0,0,0,2,32,7.4 kW,230,0,0,0,0,0,0,0,0
CBR-90002,unassigned_point,node/3930573513,no,40.2048716,-8.4116539,Galp Power,yes,24/7,Mobi.E,Rua General Humberto Delgado,Coimbra,3000,,+351 800 249 249,https://www.mobie.pt,0,0,0,0,0,0,0,0,0,0,0,0,2,32,7.4 kW,230,0,0,0,0,0,0,0,0
CBR-90008,unassigned_point,node/3930573516,no,40.1973991,-8.4620397,Powerdot,yes,24/7,Mobi.E,Rua 5 de Outubro,Coimbra,3040,,+351 800 180 292,https://www.mobie.pt,0,0,0,0,0,0,0,0,0,0,0,0,2,16,3.7 kW,230,0,0,0,0,0,0,0,0
CBR-90009,unassigned_point,node/3930573512,no,40.2174634,-8.404884,EDP,yes,24/7,Mobi.E,Rua Flávio Rodrigues,Coimbra,,,+351 800 222 222,https://www.mobie.pt,0,0,0,0,0,0,0,0,0,0,0,0,2,32,22 kW,400,0,0,0,0,0,0,0,0
CBT-00002,unassigned_point,node/11895647852,no,41.4221228,-7.9859884,EDP,yes,24/7,Mobi.E,,,,PT,+351 800 222 222,https://www.mobie.pt/,0,0,0,0,0,0,0,0,0,0,0,0,2,32,22 kW,400,0,0,0,0,0,0,0,0
CBT-00003,unassigned_point,node/11435879614,no,41.4586675,-8.0300567,EDP,yes,24/7,Mobi.E,,,,PT,+351 800 222 222,https://www.mobie.pt/,0,0,0,0,0,0,0,0,0,0,0,0,2,32,22 kW,400,0,0,0,0,0,0,0,0
CBT-00004,unassigned_point,node/11435879610,no,41.3871617,-8.0006241,EDP,yes,24/7,Mobi.E,,,,PT,+351 800 222 222,https://www.mobie.pt/,0,0,0,0,0,0,0,0,0,0,0,0,2,32,22 kW,400,0,0,0,0,0,0,0,0
CBT-00005,unassigned_point,node/11923588740,no,41.369979,-8.093434,EDP,yes,24/7,Mobi.E,,,,PT,+351 800 222 222,https://www.mobie.pt/,0,0,0,0,0,0,0,0,0,0,0,0,2,30,20 kW,400,0,0,0,0,0,0,0,0
CBT-90001,unassigned_point,node/8113074615,no,41.3920206,-7.9995033,EDP,yes,24/7,Mobi.E,,,,PT,+351 800 222 222,https://www.mobie.pt,0,0,0,0,0,0,0,0,0,0,0,0,2,32,22 kW,400,0,0,0,0,0,0,0,0
CCH-00003,unassigned_point,node/11047781100,no,38.9021376,-8.6360867,Repsol,yes,24/7,Mobi.E,,,,,+351 800 226 624,https://www.mobie.pt/,1,125,50 kW,500,0,0,0,0,0,0,0,0,0,0,0,0,1,32,22 kW,400,1,150,60 kW,500
CCH-00004,unassigned_point,node/11017553882,no,38.9650669,-8.533246,Atlante,yes,24/7,Mobi.E,,,,,+351 800 296 929;+351 234 246 050,https://www.mobie.pt/,1,125,50 kW,500,0,0,0,0,0,0,0,0,0,0,0,0,1,32,22 kW,400,1,150,60 kW,500
CCH-00006,unassigned_point,node/12236156361,no,38.965283,-8.5350913,Helexia II,yes,24/7,Mobi.E,,,,,+351 210 181 157,https://www.mobie.pt/,0,0,0,0,0,0,0,0,0,0,0,0,0,0,0,0,0,0,0,0,2,300,150 kW,1000
CCH-00007,unassigned_point,node/11980639517,no,38.9606057,-8.5203589,Galp Power,yes,24/7,Mobi.E,,,,,+351 800 249 249,https://www.mobie.pt/,1,120,50 kW,500,0,0,0,0,0,0,0,0,0,0,0,0,1,32,22 kW,400,1,125,50 kW,500
CCH-90001,unassigned_point,node/8085711298,no,38.9591916,-8.520912,EDP,yes,24/7,Mobi.E,,,,,+351 800 222 222,https://www.mobie.pt,0,0,0,0,0,0,0,0,0,0,0,0,2,32,22 kW,400,0,0,0,0,0,0,0,0
CDN-00002,unassigned_point,node/11375147576,no,40.1214693,-8.4984565,EDP,yes,24/7,Mobi.E,,,,,+351 800 222 222,https://www.mobie.pt/,0,0,0,0,0,0,0,0,0,0,0,0,2,16,11 kW,400,0,0,0,0,0,0,0,0
CDN-00008,unassigned_point,node/10863770340,no,40.1072699,-8.5115236,Charging Together,yes,24/7,Mobi.E,,,,,+351 800 917 576,https://www.mobie.pt/,1,200,80 kW,500,0,0,0,0,0,0,0,0,0,0,0,0,0,0,0,0,2,500,150 kW,1000
CDN-00009,unassigned_point,node/12059982441,no,40.109863,-8.50824,Galp Power,yes,24/7,Mobi.E,,,,,+351 800 249 249,https://www.mobie.pt/,1,120,50 kW,500,0,0,0,0,0,0,0,0,0,0,0,0,1,32,22 kW,400,1,125,50 kW,500
CDN-00015,unassigned_point,node/12344942763,no,40.1142389,-8.5030088,Cepsa,yes,24/7,Mobi.E,,,,,,https://www.mobie.pt/,0,0,0,0,0,0,0,0,0,0,0,0,0,0,0,0,0,0,0,0,2,500,300 kW,1000
CDN-00016,unassigned_point,node/13042085085,no,40.1143203,-8.5034142,Cepsa,yes,24/7,Mobi.E,,,,,,https://www.mobie.pt/,0,0,0,0,0,0,0,0,0,0,0,0,0,0,0,0,0,0,0,0,2,500,300 kW,1000
CDN-90001,unassigned_point,node/8284985182,no,40.110264,-8.4949489,EDP,yes,24/7,Mobi.E,,,,,+351 800 222 222,https://www.mobie.pt,0,0,0,0,0,0,0,0,0,0,0,0,2,32,22 kW,400,0,0,0,0,0,0,0,0
CDR-00002,unassigned_point,node/12216222217,no,40.8968703,-7.928591,EDP,yes,24/7,Mobi.E,,,,,+351 800 222 222,https://www.mobie.pt/,0,0,0,0,0,0,0,0,0,0,0,0,0,0,0,0,1,32,22 kW,400,2,200,60 kW,1000
CDR-90001,unassigned_point,node/8112779812,no,40.9002256,-7.9320082,Galp Power,yes,24/7,Mobi.E,,,,PT,+351 800 249 249,https://www.mobie.pt,0,0,0,0,0,0,0,0,0,0,0,0,2,32,22 kW,400,0,0,0,0,0,0,0,0
CDV-00002,unassigned_point,node/12250099285,no,39.28155,-9.058986,Charging Together,yes,24/7,Mobi.E,,,,,+351 800 917 576,https://www.mobie.pt,1,200,80 kW,500,0,0,0,0,0,0,0,0,0,0,0,0,0,0,0,0,2,500,150 kW,1000
CDV-90001,unassigned_point,node/8280714464,no,39.2431603,-9.1010061,Galp Power,yes,24/7,Mobi.E,,,,,+351 800 249 249,https://www.mobie.pt,0,0,0,0,0,0,0,0,0,0,0,0,2,32,22 kW,400,0,0,0,0,0,0,0,0
CHM-00002,unassigned_point,node/9095146044,no,39.35947,-8.480617,Galp Power,yes,24/7,Mobi.E,,,,,+351 800 249 249,https://www.mobie.pt,1,120,50 kW,500,0,0,0,0,0,0,0,0,0,0,0,0,1,63,43 kW,400,1,125,50 kW,500
CHM-00003,unassigned_point,node/9095146048,no,39.3566222,-8.482674,Galp Power,yes,24/7,Mobi.E,,,,,+351 800 249 249,https://www.mobie.pt,1,120,50 kW,500,0,0,0,0,0,0,0,0,0,0,0,0,1,63,43 kW,400,1,125,50 kW,500
CHM-00005,unassigned_point,node/10990246059,no,39.3687525,-8.470972,Atlante,yes,24/7,Mobi.E,,,,,+351 800 296 929;+351 234 246 050,https://www.mobie.pt/,1,125,50 kW,500,0,0,0,0,0,0,0,0,0,0,0,0,1,32,22 kW,400,1,125,50 kW,500
CHM-00006,unassigned_point,node/12605418512,no,39.4550252,-8.399773,Galp Power,yes,24/7,Mobi.E,,,,,+351 800 249 249,https://www.mobie.pt/,0,0,0,0,0,0,0,0,0,0,0,0,0,0,0,0,0,0,0,0,2,150,60 kW,1000
CHM-90001,unassigned_point,node/8089499116,no,39.358668,-8.4807479,Galp Power,yes,24/7,Mobi.E,,,,PT,+351 800 249 249,https://www.mobie.pt,0,0,0,0,0,0,0,0,0,0,0,0,2,32,22 kW,400,0,0,0,0,0,0,0,0
CHT-00001,unassigned_point,node/8220826492,no,38.60606,-27.9830602,Galp Geste,yes,24/7,Mobi.E,ER 2-2,Calheta,,,+351 800 249 249,https://www.mobie.pt,1,120,50 kW,500,0,0,0,0,0,0,0,0,0,0,0,0,1,63,43 kW,400,1,125,50 kW,500
CHT-00002,unassigned_point,node/11976502848,no,38.60088,-28.011045,SEGMA,yes,24/7,Mobi.E,,,,,+351 296 20 22 09,https://www.mobie.pt/,0,0,0,0,0,0,0,0,0,0,0,0,2,32,22 kW,400,0,0,0,0,0,0,0,0
CHV-00001,unassigned_point,node/8312996633,no,41.7369797,-7.4692278,Atlante,yes,24/7,Mobi.E,,,,,+351 800 296 929;+351 234 246 050,https://www.mobie.pt,0,0,0,0,0,0,0,0,0,0,0,0,2,32,22 kW,400,0,0,0,0,0,0,0,0
CHV-00002,unassigned_point,node/8115529942,no,41.7650634,-7.4694093,Galp Power,yes,24/7,Mobi.E,,,,,+351 800 249 249,https://www.mobie.pt,0,0,0,0,0,0,0,0,0,0,0,0,2,32,22 kW,400,0,0,0,0,0,0,0,0
CHV-00004,unassigned_point,node/9214178420,no,41.7416907,-7.4667837,Iberdrola,yes,24/7,Mobi.E,,,,,+351 800 607 717,https://www.mobie.pt/,0,0,0,0,0,0,0,0,0,0,0,0,2,16,11 kW,400,0,0,0,0,0,0,0,0
CHV-00011,unassigned_point,node/9847826024,no,41.7322885,-7.4679088,Powerdot,yes,24/7,Mobi.E,,Chaves,,,+351 800 180 292,https://www.mobie.pt/,1,200,80 kW,500,0,0,0,0,0,0,0,0,0,0,0,0,0,0,0,0,1,200,100 kW,1000
CHV-00012,unassigned_point,node/10996132272,no,41.6984426,-7.4761769,Iberdrola,yes,24/7,Mobi.E,,,,,+351 800 607 717,https://www.mobie.pt/,0,0,0,0,0,0,0,0,0,0,0,0,2,32,22 kW,400,0,0,0,0,0,0,0,0
CHV-00017,unassigned_point,node/11352291973,no,41.7594461,-7.468506,Atlante,yes,24/7,Mobi.E,,,,,+351 800 296 929;+351 234 246 050,https://www.mobie.pt/,1,125,50 kW,500,0,0,0,0,0,0,0,0,0,0,0,0,0,0,0,0,1,150,60 kW,500
CHV-00018,unassigned_point,node/11292042515,no,41.7403796,-7.4751354,Atlante,yes,09:00-21:00,Mobi.E,,,,,+351 800 296 929;+351 234 246 050,https://www.mobie.pt/,1,125,50 kW,500,0,0,0,0,0,0,0,0,0,0,0,0,1,32,22 kW,400,1,150,60 kW,500
CHV-00019,unassigned_point,node/11404287214,no,41.73975,-7.476045,Repsol,yes,24/7,Mobi.E,,,,,+351 800 226 624,https://www.mobie.pt/,0,0,0,0,0,0,0,0,0,0,0,0,0,0,0,0,1,32,22 kW,400,0,0,0,0
CHV-00024,unassigned_point,node/12146693128,no,41.782549,-7.4385308,Atlante,yes,24/7,Mobi.E,,,,,+351 800 296 929;+351 234 246 050,https://www.mobie.pt/,0,0,0,0,0,0,0,0,0,0,0,0,1,32,22 kW,400,0,0,0,0,2,100,40 kW,500
CHV-00026,unassigned_point,node/12046802447,no,41.731859,-7.4690069,Cepsa,yes,24/7,Mobi.E,,,,,,https://www.mobie.pt/,0,0,0,0,0,0,0,0,0,0,0,0,0,0,0,0,0,0,0,0,2,500,300 kW,1000
CHV-00027,unassigned_point,node/8235126215,no,41.7588853,-7.4697399,Galp Power,yes,24/7,Mobi.E,,Chaves,,,+351 800 249 249,https://www.mobie.pt,1,120,50 kW,500,0,0,0,0,0,0,0,0,0,0,0,0,1,63,43 kW,400,1,125,50 kW,500
CHV-00028,unassigned_point,node/14023918833,no,41.7398576,-7.4684772,Mota Engil II,yes,10:00-20:30,Mobi.E,,,,,+351 800 020 940,https://me-remo.com/,1,125,50 kW,500,0,0,0,0,0,0,0,0,1,32,22 kW,400,0,0,0,0,1,375,150 kW,1000
CHV-00031,unassigned_point,node/13968645386,no,41.74569,-7.4687769,Mota Engil II,yes,24/7,Mobi.E,,,,,+351 800 020 940,https://www.mobie.pt/,1,200,80 kW,500,0,0,0,0,0,0,0,0,1,32,22 kW,400,0,0,0,0,1,400,150 kW,1000
CHV-00032,unassigned_point,node/13968645385,no,41.742667,-7.4809893,Mota Engil II,yes,24/7,Mobi.E,,,,,+351 800 020 940,https://www.mobie.pt/,1,200,60 kW,500,0,0,0,0,0,0,0,0,1,32,22 kW,400,0,0,0,0,1,400,150 kW,1000
CLB-00001,unassigned_point,node/8225142690,no,40.6295334,-7.3568313,Galp Geste,yes,24/7,Mobi.E,,Celorico da Beira,,,+351 800 249 249,https://www.mobie.pt,1,120,50 kW,500,0,0,0,0,0,0,0,0,0,0,0,0,1,63,43 kW,400,1,125,50 kW,500
CLB-00002,unassigned_point,node/8225142689,no,40.6300295,-7.3579793,Galp Geste,yes,24/7,Mobi.E,,Celorico da Beira,,,+351 800 249 249,https://www.mobie.pt,1,120,50 kW,500,0,0,0,0,0,0,0,0,0,0,0,0,1,63,43 kW,400,1,125,50 kW,500
CLB-00003,unassigned_point,node/8112609045,no,40.6286148,-7.398663,Powerdot,yes,24/7,Mobi.E,,,,,+351 800 180 292,https://www.mobie.pt,0,0,0,0,0,0,0,0,0,0,0,0,2,32,22 kW,400,0,0,0,0,0,0,0,0
CLB-00008,unassigned_point,node/8406136876,no,40.6437518,-7.3871778,EDP,yes,24/7,Mobi.E,,,,,+351 800 222 222,https://www.mobie.pt,0,0,0,0,0,0,0,0,0,0,0,0,2,32,22 kW,400,0,0,0,0,0,0,0,0
CLB-00013,unassigned_point,node/8072522374,no,40.6264599,-7.4024768,KLC Serviços,yes,24/7,Mobi.E,,Celorico da Beira,,,+351 800 202 060,https://www.mobie.pt,1,120,50 kW,500,0,0,0,0,0,0,0,0,0,0,0,0,0,0,0,0,1,125,50 kW,500
CLD-00007,unassigned_point,node/8089522316,no,39.396038,-9.134608,Prio.E,yes,Mo-Fr 09:00-18:00,Mobi.E,,,,,+351 800 100 303,https://www.mobie.pt,0,0,0,0,0,0,0,0,0,0,0,0,2,16,11 kW,400,0,0,0,0,0,0,0,0
CLD-00014,unassigned_point,node/9598091356,no,39.416343,-9.148829,Repsol,yes,24/7,Mobi.E,,,,,+351 800 226 624,https://www.mobie.pt,1,80,30 kW,500,0,0,0,0,0,0,0,0,0,0,0,0,1,32,22 kW,400,1,80,30 kW,500
CLD-00018,unassigned_point,node/9899480372,no,39.4060671,-9.1462128,EDP,yes,24/7,Mobi.E,,,,,+351 800 222 222,https://www.mobie.pt,0,0,0,0,0,0,0,0,0,0,0,0,1,32,22 kW,400,0,0,0,0,2,200,120 kW,1000
CLD-00019,unassigned_point,node/10178900955,no,39.4118285,-9.135574,Iberdrola,yes,09:00-21:30,Mobi.E,,,,,+351 800 607 717,https://www.mobie.pt,0,0,0,0,0,0,0,0,0,0,0,0,2,32,22 kW,400,0,0,0,0,0,0,0,0
CLD-00021,unassigned_point,node/10300355543,no,39.425435,-9.16165,Powerdot,yes,24/7,Mobi.E,,,,,+351 800 180 292,https://www.mobie.pt/,0,0,0,0,0,0,0,0,0,0,0,0,0,0,0,0,0,0,0,0,2,190,180 kW,1000
CLD-00023,unassigned_point,node/10553244018,no,39.4037301,-9.1498876,EDP,yes,24/7,Mobi.E,,,,,+351 800 222 222,https://www.mobie.pt/,1,120,50 kW,500,0,0,0,0,0,0,0,0,0,0,0,0,0,0,0,0,1,200,120 kW,1000
CLD-00028,unassigned_point,node/9975732689,no,39.4263663,-9.1294023,Atlante,yes,24/7,Mobi.E,,,,,+351 800 296 929;+351 234 246 050,https://www.mobie.pt/,1,125,50 kW,500,0,0,0,0,0,0,0,0,0,0,0,0,1,32,22 kW,400,1,150,60 kW,500
CLD-00034,unassigned_point,node/11980639521,no,39.392294,-9.1310375,Charging Together,yes,24/7,Mobi.E,,,,,+351 800 917 576,https://www.mobie.pt,1,200,80 kW,500,0,0,0,0,0,0,0,0,0,0,0,0,0,0,0,0,2,500,150 kW,1000
CLD-00036,unassigned_point,node/12239239691,no,39.4119609,-9.1429934,EDP,yes,09:00-20:00,Mobi.E,,,,,+351 800 222 222,https://www.mobie.pt/,0,0,0,0,0,0,0,0,0,0,0,0,2,32,22 kW,400,0,0,0,0,0,0,0,0
CLD-00039,unassigned_point,node/9848120747,no,39.3980586,-9.1375373,Galp Power,yes,24/7,Mobi.E,,,,,+351 800 249 249,https://www.mobie.pt/,1,120,50 kW,500,0,0,0,0,0,0,0,0,0,0,0,0,1,32,22 kW,400,1,125,50 kW,500
CLD-00040,unassigned_point,node/12176582180,no,39.4106282,-9.1410487,Galp Power,yes,24/7,Mobi.E,,,,,+351 800 249 249,https://www.mobie.pt/,1,120,50 kW,500,0,0,0,0,0,0,0,0,0,0,0,0,1,32,22 kW,400,1,125,50 kW,500
CLD-00050,unassigned_point,node/13994635382,no,39.4292326,-9.2219346,Galp Power,yes,24/7,Mobi.E,,,,,+351 800 249 249,https://www.galp.com/,0,0,0,0,0,0,0,0,0,0,0,0,0,0,0,0,0,0,0,0,2,300,120 kW,1000
CLD-00051,unassigned_point,node/13998593711,no,39.403107,-9.145139,Atlante,yes,24/7,Mobi.E,,,,,+351 800 296 929;+351 234 246 050,https://www.mobie.pt/,0,0,0,0,0,0,0,0,0,0,0,0,0,0,0,0,0,0,0,0,2,300,100 kW,1000
CLD-90001,unassigned_point,node/4285884098,no,39.406149,-9.1328483,Galp Power,yes,24/7,Mobi.E,Rua Francisco Almeida Caiado,Caldas da Rainha,2500-140,,+351 800 249 249,https://www.mobie.pt,0,0,0,0,0,0,0,0,0,0,0,0,2,32,7.4 kW,230,0,0,0,0,0,0,0,0
CLD-90002,unassigned_point,node/4479029544,no,39.4066636,-9.1389587,Powerdot,yes,24/7,Mobi.E,,,,,+351 800 180 292,https://www.mobie.pt,0,0,0,0,0,0,0,0,0,0,0,0,2,32,7.4 kW,230,0,0,0,0,0,0,0,0
CLD-90005,unassigned_point,node/4285884102,no,39.4071273,-9.1364151,Mobi.E,yes,24/7,Mobi.E,Praça 25 de Abril,Caldas da Rainha,2500-130,,+351 800 222 222,https://www.mobie.pt,0,0,0,0,0,0,0,0,0,0,0,0,2,32,7.4 kW,230,0,0,0,0,0,0,0,0
CLT-00004,unassigned_point,node/8116375608,no,32.7213034,-17.1786958,Emacom,yes,24/7,Mobi.E,,,,,+351 800 221 187,https://www.mobie.pt,0,0,0,0,0,0,0,0,0,0,0,0,2,32,22 kW,400,0,0,0,0,0,0,0,0
CLT-00007,unassigned_point,node/11228733854,no,32.7377279,-17.2108911,Factor Energia,yes,24/7,Mobi.E,,,,,+351 800 100 013,https://www.mobie.pt/,0,0,0,0,0,0,0,0,0,0,0,0,2,32,22 kW,400,0,0,0,0,0,0,0,0
CML-00001,unassigned_point,node/8082166503,no,32.6499255,-16.9787706,Emacom,yes,24/7,Mobi.E,Avenida Nova Cidade,Câmara de Lobos,,,+351 800 221 187,https://www.mobie.pt,1,120,50 kW,500,0,0,0,0,0,0,0,0,1,32,22 kW,400,0,0,0,0,1,125,50 kW,500
CML-00002,unassigned_point,node/12084087271,no,32.6487648,-16.9747063,Factor Energia,yes,24/7,Mobi.E,,,,,+351 800 100 013,https://www.mobie.pt/,0,0,0,0,0,0,0,0,0,0,0,0,2,32,22 kW,400,0,0,0,0,0,0,0,0
CML-00003,unassigned_point,node/12084087270,no,32.6570951,-17.0054887,Factor Energia,yes,24/7,Mobi.E,,,,,+351 800 100 013,https://www.mobie.pt/,0,0,0,0,0,0,0,0,0,0,0,0,2,32,22 kW,400,0,0,0,0,0,0,0,0
CML-00059,unassigned_point,node/8116281269,no,32.6721136,-16.9786374,Emacom,yes,24/7,Mobi.E,,,,,+351 800 221 187,https://www.mobie.pt,0,0,0,0,0,0,0,0,0,0,0,0,2,32,22 kW,400,0,0,0,0,0,0,0,0
CMN-00004,unassigned_point,node/10052297795,no,41.816633,-8.8687123,Galp Power,yes,24/7,Mobi.E,,,,,+351 800 249 249,https://www.mobie.pt/,1,120,50 kW,500,0,0,0,0,0,0,0,0,0,0,0,0,1,63,43 kW,400,1,125,50 kW,500
CMN-00005,unassigned_point,node/9975690063,no,41.8761209,-8.8400313,Galp Power,yes,24/7,Mobi.E,,,,,+351 800 249 249,https://www.mobie.pt/,1,120,50 kW,500,0,0,0,0,0,0,0,0,0,0,0,0,1,63,43 kW,400,1,125,50 kW,500
CMN-00007,unassigned_point,node/9975690064,no,41.8773565,-8.8373112,Cargga Inteligente,yes,24/7,Mobi.E,,,,,,https://www.mobie.pt/,0,0,0,0,0,0,0,0,0,0,0,0,2,32,22 kW,400,0,0,0,0,0,0,0,0
CMN-00009,unassigned_point,node/10828014473,no,41.8125001,-8.86254,True Kare,yes,24/7,Mobi.E,,,,,,https://www.mobie.pt/,0,0,0,0,0,0,0,0,0,0,0,0,2,32,22 kW,400,0,0,0,0,0,0,0,0
CMN-00010,unassigned_point,node/10828014472,no,41.871269,-8.8345303,True Kare,yes,24/7,Mobi.E,,,,,,https://www.mobie.pt/,0,0,0,0,0,0,0,0,0,0,0,0,2,32,22 kW,400,0,0,0,0,0,0,0,0
CMN-00011,unassigned_point,node/10828014471,no,41.875363,-8.8364133,True Kare,yes,24/7,Mobi.E,,,,,,https://www.mobie.pt/,0,0,0,0,0,0,0,0,0,0,0,0,2,32,22 kW,400,0,0,0,0,0,0,0,0
CMN-00012,unassigned_point,node/10828014470,no,41.811022,-8.8563099,True Kare,yes,24/7,Mobi.E,,,,,,https://www.mobie.pt/,0,0,0,0,0,0,0,0,0,0,0,0,2,32,22 kW,400,0,0,0,0,0,0,0,0
CMN-00013,unassigned_point,node/12383160518,no,41.8786856,-8.8365085,Powerdot,yes,24/7,Mobi.E,,,,,+351 800 180 292,https://www.mobie.pt,1,125,50 kW,500,0,0,0,0,0,0,0,0,1,32,22 kW,400,0,0,0,0,1,125,100 kW,1000
CMN-00014,unassigned_point,node/11762202558,no,41.84963,-8.8621564,True Kare,yes,24/7,Mobi.E,,,,,,https://www.mobie.pt/,0,0,0,0,0,0,0,0,0,0,0,0,2,32,22 kW,400,0,0,0,0,0,0,0,0
CMN-00015,unassigned_point,node/11762202557,no,41.816175,-8.860002,True Kare,yes,24/7,Mobi.E,,,,,,https://www.mobie.pt/,0,0,0,0,0,0,0,0,0,0,0,0,2,32,22 kW,400,0,0,0,0,0,0,0,0
CMN-00016,unassigned_point,node/11762202556,no,41.816099,-8.867565,True Kare,yes,24/7,Mobi.E,,,,,,https://www.mobie.pt/,0,0,0,0,0,0,0,0,0,0,0,0,2,32,22 kW,400,0,0,0,0,0,0,0,0
CMN-00017,unassigned_point,node/11762202555,no,41.802991,-8.8563092,True Kare,yes,24/7,Mobi.E,,,,,,https://www.mobie.pt/,0,0,0,0,0,0,0,0,0,0,0,0,2,32,22 kW,400,0,0,0,0,0,0,0,0
CMN-00018,unassigned_point,node/11762202554,no,41.814274,-8.8584994,True Kare,yes,24/7,Mobi.E,,,,,,https://www.mobie.pt/,0,0,0,0,0,0,0,0,0,0,0,0,2,32,22 kW,400,0,0,0,0,0,0,0,0
CMN-00019,unassigned_point,node/11762202553,no,41.847802,-8.8660637,True Kare,yes,24/7,Mobi.E,,,,,,https://www.mobie.pt/,0,0,0,0,0,0,0,0,0,0,0,0,2,32,22 kW,400,0,0,0,0,0,0,0,0
CMN-00020,unassigned_point,node/13054979920,no,41.8498,-8.8657354,Powerdot,yes,24/7,Mobi.E,,,,,,https://www.mobie.pt/,0,0,0,0,0,0,0,0,0,0,0,0,2,16,11 kW,400,0,0,0,0,0,0,0,0
CMN-00021,unassigned_point,node/13054979919,no,41.811663,-8.8599978,Powerdot,yes,24/7,Mobi.E,,,,,,https://www.mobie.pt/,0,0,0,0,0,0,0,0,0,0,0,0,2,16,11 kW,400,0,0,0,0,0,0,0,0
CMN-00022,unassigned_point,node/11308364020,no,41.801339,-8.857749,Intervilapraia,yes,24/7,Mobi.E,,,,,,https://www.mobie.pt,1,125,50 kW,500,0,0,0,0,0,0,0,0,1,32,22 kW,400,0,0,0,0,1,125,60 kW,500
CMN-00023,unassigned_point,node/11762202552,no,41.82191,-8.866268,True Kare,yes,24/7,Mobi.E,,,,,,https://www.mobie.pt/,0,0,0,0,0,0,0,0,0,0,0,0,2,32,22 kW,400,0,0,0,0,0,0,0,0
CMR-00001,unassigned_point,node/8280550245,no,39.0150178,-7.0685032,Powerdot,yes,24/7,Mobi.E,,,,PT,+351 800 180 292,https://www.mobie.pt,0,0,0,0,0,0,0,0,0,0,0,0,2,32,22 kW,400,0,0,0,0,0,0,0,0
CMR-00002,unassigned_point,node/11773467673,no,39.0161601,-7.073782,EDP,yes,24/7,Mobi.E,,,,PT,+351 800 222 222,https://www.mobie.pt/,0,0,0,0,0,0,0,0,0,0,0,0,2,32,22 kW,400,0,0,0,0,0,0,0,0
CNF-00001,unassigned_point,node/8287654307,no,41.0729749,-8.0891696,Powerdot,yes,24/7,Mobi.E,,,,,+351 800 180 292,https://www.mobie.pt,0,0,0,0,0,0,0,0,0,0,0,0,2,32,22 kW,400,0,0,0,0,0,0,0,0
CNF-00002,unassigned_point,node/10903488062,no,41.090025,-8.079462,EDP,yes,24/7,Mobi.E,,,,,+351 800 222 222,https://www.mobie.pt/,0,0,0,0,0,0,0,0,0,0,0,0,2,32,7.4 kW,230,0,0,0,0,0,0,0,0
CNF-00004,unassigned_point,node/12801997866,no,41.07463,-8.095453,EDP,yes,24/7,Mobi.E,,,,,+351 800 222 222,https://www.mobie.pt/,0,0,0,0,0,0,0,0,0,0,0,0,2,32,22 kW,400,0,0,0,0,0,0,0,0
CNF-00005,unassigned_point,node/12801997865,no,41.0008284,-8.17586,EDP,yes,24/7,Mobi.E,,,,,+351 800 222 222,https://www.mobie.pt/,0,0,0,0,0,0,0,0,0,0,0,0,2,32,22 kW,400,0,0,0,0,0,0,0,0
CNF-00006,unassigned_point,node/12801997864,no,41.0703887,-8.2307044,EDP,yes,24/7,Mobi.E,,,,PT,+351 800 222 222,https://www.mobie.pt/,0,0,0,0,0,0,0,0,0,0,0,0,2,32,22 kW,400,0,0,0,0,0,0,0,0
CNF-00009,unassigned_point,node/13320208121,no,41.0642424,-8.1569613,REMO,yes,24/7,Mobi.E,,,,,+351 800 020 940,https://www.mobie.pt/,0,0,0,0,0,0,0,0,0,0,0,0,0,0,0,0,0,0,0,0,2,93,60 kW,500
CNF-00010,unassigned_point,node/13454320614,no,41.0719042,-8.1912099,REMO,yes,24/7,Mobi.E,,,,,+351 800 020 940,https://www.mobie.pt/,0,0,0,0,0,0,0,0,0,0,0,0,0,0,0,0,0,0,0,0,2,250,120 kW,1000
CNS-00001,unassigned_point,node/8281060854,no,39.477881,-8.3362567,Powerdot,yes,24/7,Mobi.E,,,,PT,+351 800 180 292,https://www.mobie.pt,0,0,0,0,0,0,0,0,0,0,0,0,2,32,22 kW,400,0,0,0,0,0,0,0,0
CNS-00002,unassigned_point,node/9456618846,no,39.4818848,-8.2881213,Repsol,yes,24/7,Mobi.E,,,,PT,+351 800 226 624,https://www.mobie.pt/,1,120,45 kW,500,0,0,0,0,0,0,0,0,0,0,0,0,1,32,22 kW,400,1,125,45 kW,500
CNT-00003,unassigned_point,node/8109709288,no,40.3462492,-8.592472,Atlante,yes,24/7,Mobi.E,,,,,+351 800 296 929;+351 234 246 050,https://www.mobie.pt,0,0,0,0,0,0,0,0,0,0,0,0,2,32,22 kW,400,0,0,0,0,0,0,0,0
CNT-00012,unassigned_point,node/11033268445,no,40.3198634,-8.7510205,EDP,yes,24/7,Mobi.E,,,,,+351 800 222 222,https://www.mobie.pt/,0,0,0,0,0,0,0,0,0,0,0,0,2,32,22 kW,400,0,0,0,0,0,0,0,0
CNT-00013,unassigned_point,node/11033268444,no,40.3166258,-8.751949,EDP,yes,24/7,Mobi.E,,,,,+351 800 222 222,https://www.mobie.pt/,0,0,0,0,0,0,0,0,0,0,0,0,2,32,22 kW,400,0,0,0,0,0,0,0,0
CNT-00015,unassigned_point,node/11375147578,no,40.3555835,-8.5888597,EDP,yes,24/7,Mobi.E,,,,,+351 800 222 222,https://www.mobie.pt,1,125,50 kW,500,0,0,0,0,0,0,0,0,1,32,22 kW,400,0,0,0,0,1,200,90 kW,1000
CNT-00017,unassigned_point,node/11382360061,no,40.360284,-8.608036,EDP,yes,24/7,Mobi.E,,,,,+351 800 222 222,https://www.mobie.pt/,0,0,0,0,0,0,0,0,0,0,0,0,2,32,22 kW,400,0,0,0,0,0,0,0,0
CNT-00027,unassigned_point,node/13384443414,no,40.3586163,-8.5264368,Charging Together,yes,24/7,Mobi.E,,,,,+351 800 917 576,https://www.mobie.pt/,1,200,80 kW,500,0,0,0,0,0,0,0,0,0,0,0,0,0,0,0,0,2,500,150 kW,1000
CNT-00028,unassigned_point,node/12802026177,no,40.3388157,-8.5816487,EDP,yes,24/7,Mobi.E,,,,,+351 800 222 222,https://www.mobie.pt/,0,0,0,0,0,0,0,0,0,0,0,0,2,32,7.4 kW,230,0,0,0,0,0,0,0,0
CNT-00031,unassigned_point,node/9848120756,no,40.3480988,-8.5843087,Galp Power,yes,24/7,Mobi.E,,,,,+351 800 249 249,https://www.mobie.pt/,1,120,50 kW,500,0,0,0,0,0,0,0,0,0,0,0,0,1,32,22 kW,400,1,125,50 kW,500
CNT-00036,unassigned_point,node/13252998115,no,40.2706703,-8.5207014,Galp Power,yes,24/7,Mobi.E,,,,,+351 800 249 249,https://www.mobie.pt/,0,0,0,0,0,0,0,0,0,0,0,0,0,0,0,0,0,0,0,0,2,200,60 kW,1000
CNT-00037,unassigned_point,node/13419109873,no,40.3477848,-8.5851057,Charging Together,yes,24/7,Mobi.E,,,,,+351 800 917 576,https://www.mobie.pt/,0,0,0,0,0,0,0,0,0,0,0,0,0,0,0,0,0,0,0,0,2,600,400 kW,1000
CNT-00038,unassigned_point,node/13907924446,no,40.3576812,-8.5977982,Frontrow,yes,24/7,Mobi.E,,,,,,https://www.mobie.pt/,0,0,0,0,0,0,0,0,0,0,0,0,0,0,0,0,0,0,0,0,2,133,50 kW,1000
CPR-80001,unassigned_point,node/8109672543,no,40.0060588,-8.2097644,Atlante,yes,24/7,Mobi.E,,,,,+351 800 296 929;+351 234 246 050,https://www.mobie.pt,0,0,0,0,0,0,0,0,0,0,0,0,2,32,22 kW,400,0,0,0,0,0,0,0,0
CPR-90002,unassigned_point,node/11509354249,no,40.0049191,-8.2119376,Powerdot,yes,24/7,Mobi.E,,,,,+351 800 180 292,https://www.mobie.pt/,0,0,0,0,0,0,0,0,0,0,0,0,2,32,22 kW,400,0,0,0,0,0,0,0,0
CPV-00001,unassigned_point,node/8309493318,no,41.0409319,-8.2701375,Atlante,yes,24/7,Mobi.E,,,,PT,+351 800 296 929;+351 234 246 050,https://www.mobie.pt,0,0,0,0,0,0,0,0,0,0,0,0,2,32,22 kW,400,0,0,0,0,0,0,0,0
CPV-00003,unassigned_point,node/12321352960,no,41.0438149,-8.2650721,EDP,yes,24/7,Mobi.E,,,,PT,+351 800 222 222,https://www.mobie.pt/,0,0,0,0,0,0,0,0,0,0,0,0,1,32,22 kW,400,0,0,0,0,2,200,120 kW,1000
CPV-00005,unassigned_point,node/12200052187,no,41.0383771,-8.261656,Galp Power,yes,24/7,Mobi.E,,,,PT,+351 800 249 249,https://www.mobie.pt,1,120,50 kW,500,0,0,0,0,0,0,0,0,0,0,0,0,1,32,22 kW,400,1,125,50 kW,500
CPV-00006,unassigned_point,node/14075429166,no,41.0450308,-8.2650996,Galp Power,yes,24/7,Mobi.E,,,,,+351 800 249 249,https://www.mobie.pt/,0,0,0,0,0,0,0,0,0,0,0,0,0,0,0,0,0,0,0,0,2,250,120 kW,1000
CRS-00001,unassigned_point,node/8109646972,no,40.4330401,-8.001916,Powerdot,yes,24/7,Mobi.E,,,,,+351 800 180 292,https://www.mobie.pt,0,0,0,0,0,0,0,0,0,0,0,0,2,32,22 kW,400,0,0,0,0,0,0,0,0
CRS-00002,unassigned_point,node/9856705301,no,40.4261121,-8.0142655,Repsol,yes,24/7,Mobi.E,,,,,+351 800 226 624,https://www.mobie.pt,0,0,0,0,0,0,0,0,0,0,0,0,1,15,10 kW,400,0,0,0,0,0,0,0,0
CRT-90001,unassigned_point,node/7765216293,no,39.2877729,-7.6454611,Galp Power,yes,24/7,Mobi.E,,,,PT,+351 800 249 249,https://www.mobie.pt,0,0,0,0,0,0,0,0,0,0,0,0,2,32,22 kW,400,0,0,0,0,0,0,0,0
CRV-00003,unassigned_point,node/11228733855,no,39.6728429,-31.1136148,Galp Power,yes,24/7,Mobi.E,,,,,+351 800 249 249,https://www.mobie.pt/,0,0,0,0,0,0,0,0,0,0,0,0,2,32,22 kW,400,0,0,0,0,0,0,0,0
CRZ-00001,unassigned_point,node/8113054722,no,41.2424026,-7.3063025,Powerdot,yes,24/7,Mobi.E,,,,,+351 800 180 292,https://www.mobie.pt,0,0,0,0,0,0,0,0,0,0,0,0,2,32,22 kW,400,0,0,0,0,0,0,0,0
CSC-00002,unassigned_point,node/3697279495,no,38.6944796,-9.4229035,Atlante,yes,24/7,Mobi.E,,,,,+351 800 296 929;+351 234 246 050,https://www.mobie.pt,0,0,0,0,0,0,0,0,0,0,0,0,2,16,11 kW,400,0,0,0,0,0,0,0,0
CSC-00007,unassigned_point,node/966120813,no,38.6937993,-9.3720115,Powerdot,yes,24/7,Mobi.E,Ponta do Sal,São Pedro do Estoril,2765,,+351 800 180 292,https://www.mobie.pt,0,0,0,0,0,0,0,0,0,0,0,0,2,16,3.7 kW,230,0,0,0,0,0,0,0,0
CSC-00010,unassigned_point,node/966120841,no,38.7325471,-9.4105376,Powerdot,yes,24/7,Mobi.E,Largo 5 de Outubro,Alcabideche,2645,,+351 800 180 292,https://www.mobie.pt,0,0,0,0,0,0,0,0,0,0,0,0,2,16,3.7 kW,230,0,0,0,0,0,0,0,0
CSC-00046,unassigned_point,node/8004603987,no,38.7111373,-9.4462574,Galp Geste,yes,24/7,Mobi.E,Estrada da Torre,Cascais,,,+351 800 249 249,https://www.mobie.pt,1,120,50 kW,500,0,0,0,0,0,0,0,0,0,0,0,0,1,63,43 kW,400,1,125,50 kW,500
CSC-00057,unassigned_point,node/8308904614,no,38.7118667,-9.327229,True Kare,yes,24/7,Mobi.E,,,,,+351 800 210 201,https://www.mobie.pt,0,0,0,0,0,0,0,0,0,0,0,0,2,32,22 kW,400,0,0,0,0,0,0,0,0
CSC-00058,unassigned_point,node/8289599190,no,38.6988904,-9.4377092,True Kare,yes,24/7,Mobi.E,,,,,+351 800 210 201,https://www.mobie.pt,0,0,0,0,0,0,0,0,0,0,0,0,2,32,22 kW,400,0,0,0,0,0,0,0,0
CSC-00059,unassigned_point,node/8222825713,no,38.7353493,-9.3868922,Galp Geste,yes,24/7,Mobi.E,Estrada de Manique,Alcoitão,,,+351 800 249 249,https://www.mobie.pt,1,120,50 kW,500,0,0,0,0,0,0,0,0,0,0,0,0,1,63,43 kW,400,1,125,50 kW,500
CSC-00060,unassigned_point,node/8421340450,no,38.7316777,-9.3972695,Powerdot,yes,24/7,Mobi.E,Avenida da República,Alcoitão,,,+351 800 180 292,https://www.mobie.pt,1,120,50 kW,500,0,0,0,0,0,0,0,0,0,0,0,0,1,63,43 kW,400,1,125,50 kW,500
CSC-00070,unassigned_point,node/8553067116,no,38.7128827,-9.3939216,Repsol,yes,24/7,Mobi.E,Avenida dos Bombeiros Voluntários,Estoril,,,+351 800 226 624,https://www.mobie.pt,1,120,50 kW,500,0,0,0,0,0,0,0,0,0,0,0,0,1,32,22 kW,400,1,125,50 kW,500
CSC-00073,unassigned_point,node/8968514562,no,38.701008,-9.339318,True Kare,yes,24/7,Mobi.E,,,,,+351 800 210 201,https://www.mobie.pt,0,0,0,0,0,0,0,0,0,0,0,0,2,32,22 kW,400,0,0,0,0,0,0,0,0
CSC-00074,unassigned_point,node/8989930035,no,38.6957117,-9.3662042,Hexagonal Ocean,yes,24/7,Mobi.E,,,,,,https://www.mobie.pt,0,0,0,0,0,0,0,0,0,0,0,0,2,32,22 kW,400,0,0,0,0,0,0,0,0
CSC-00075,unassigned_point,node/9118724925,no,38.681389,-9.326109,Hexagonal Ocean,yes,24/7,Mobi.E,,,,,,https://www.mobie.pt,0,0,0,0,0,0,0,0,0,0,0,0,2,32,22 kW,400,0,0,0,0,0,0,0,0
CSC-00076,unassigned_point,node/9457675703,no,38.6921203,-9.3479034,Repsol,yes,24/7,Mobi.E,,,,,+351 800 226 624,https://www.mobie.pt/,1,80,30 kW,500,0,0,0,0,0,0,0,0,0,0,0,0,1,32,22 kW,400,1,80,30 kW,500
CSC-00077,unassigned_point,node/9457635107,no,38.7253507,-9.4431386,Repsol,yes,24/7,Mobi.E,,,,,+351 800 226 624,https://www.mobie.pt/,1,80,30 kW,500,0,0,0,0,0,0,0,0,0,0,0,0,1,32,22 kW,400,1,80,30 kW,500
CSC-00078,unassigned_point,node/9457635105,no,38.6961628,-9.4480933,Repsol,yes,24/7,Mobi.E,,,,,+351 800 226 624,https://www.mobie.pt/,1,80,30 kW,500,0,0,0,0,0,0,0,0,0,0,0,0,1,32,22 kW,400,1,80,30 kW,500
CSC-00079,unassigned_point,node/9457675704,no,38.6925317,-9.4205886,Iberdrola,yes,24/7,Mobi.E,,,,,+351 800 607 717,https://www.mobie.pt/,0,0,0,0,0,0,0,0,0,0,0,0,2,32,22 kW,400,0,0,0,0,0,0,0,0
CSC-00081,unassigned_point,node/9458196523,no,38.7179035,-9.3324217,Hexagonal Ocean,yes,24/7,Mobi.E,,,,,,https://www.mobie.pt/,0,0,0,0,0,0,0,0,0,0,0,0,2,32,22 kW,400,0,0,0,0,0,0,0,0
CSC-00082,unassigned_point,node/9457675702,no,38.6962611,-9.3374804,Prio.E,yes,24/7,Mobi.E,,,,,+351 800 100 303,https://www.mobie.pt/,1,120,50 kW,500,0,0,0,0,0,0,0,0,0,0,0,0,0,0,0,0,1,125,50 kW,500
CSC-00085,unassigned_point,node/9598091358,no,38.7121142,-9.338514,Repsol,yes,24/7,Mobi.E,,,,,+351 800 226 624,https://www.mobie.pt,1,80,30 kW,500,0,0,0,0,0,0,0,0,0,0,0,0,1,32,22 kW,400,1,80,30 kW,500
CSC-00093,unassigned_point,node/9604000866,no,38.7214165,-9.3388459,EDP,yes,24/7,Mobi.E,,,,,+351 800 222 222,https://www.mobie.pt,1,125,50 kW,500,0,0,0,0,0,0,0,0,1,32,22 kW,400,0,0,0,0,1,200,90 kW,1000
CSC-00098,unassigned_point,node/13038151259,no,38.7077906,-9.4563666,EDP,yes,24/7,Mobi.E,,,,,+351 800 222 222,https://www.mobie.pt/,0,0,0,0,0,0,0,0,0,0,0,0,2,32,22 kW,400,0,0,0,0,0,0,0,0
CSC-00099,unassigned_point,node/9848304992,no,38.7247522,-9.3365721,EDP,yes,24/7,Mobi.E,,,,,+351 800 222 222,https://www.mobie.pt,1,125,50 kW,500,0,0,0,0,0,0,0,0,1,32,22 kW,400,0,0,0,0,1,200,90 kW,1000
CSC-00100,unassigned_point,node/9749864562,no,38.7090595,-9.431785,Galp Power,yes,24/7,Mobi.E,,,,,+351 800 249 249,https://www.mobie.pt/,0,0,0,0,0,0,0,0,0,0,0,0,0,0,0,0,2,32,22 kW,400,0,0,0,0
CSC-00101,unassigned_point,node/9847762709,no,38.7142155,-9.4461559,EDP,yes,24/7,Mobi.E,,,,,+351 800 222 222,https://www.mobie.pt,0,0,0,0,0,0,0,0,0,0,0,0,1,32,22 kW,400,0,0,0,0,2,200,120 kW,1000
CSC-00104,unassigned_point,node/8238748452,no,38.7015133,-9.4282678,Cascais Proxima,yes,24/7,Mobi.E,,,,,,https://www.mobie.pt,0,0,0,0,0,0,0,0,0,0,0,0,3,32,22 kW,400,0,0,0,0,0,0,0,0
CSC-00121,unassigned_point,node/10297231607,no,38.6892371,-9.3542732,Galp Power,yes,24/7,Mobi.E,,,,,+351 800 249 249,https://www.mobie.pt/,0,0,0,0,0,0,0,0,0,0,0,0,2,32,22 kW,400,0,0,0,0,0,0,0,0
CSC-00127,unassigned_point,node/10777696090,no,38.7012926,-9.4717734,EDP,yes,24/7,Mobi.E,,,,,+351 800 222 222,https://www.mobie.pt/,0,0,0,0,0,0,0,0,0,0,0,0,2,32,22 kW,400,0,0,0,0,0,0,0,0
CSC-00132,unassigned_point,node/11658036545,no,38.7128095,-9.3482483,Hexagonal Ocean,yes,24/7,Mobi.E,,,,,,https://www.mobie.pt/,0,0,0,0,0,0,0,0,0,0,0,0,2,32,22 kW,400,0,0,0,0,0,0,0,0
CSC-00140,unassigned_point,node/11352573317,no,38.7041518,-9.4669588,Powerdot,yes,24/7,Mobi.E,,,,,+351 800 180 292,https://www.mobie.pt/,1,125,50 kW,500,0,0,0,0,0,0,0,0,0,0,0,0,1,32,22 kW,400,1,250,100 kW,1000
CSC-00146,unassigned_point,node/11501870141,no,38.716244,-9.4400614,EDP,yes,24/7,Mobi.E,,,,,+351 800 222 222,https://www.mobie.pt/,1,125,50 kW,500,0,0,0,0,0,0,0,0,0,0,0,0,0,0,0,0,1,300,120 kW,1000
CSC-00162,unassigned_point,node/11577769936,no,38.7194492,-9.3395962,Powerdot,yes,Mo-Fr 09:00-18:00,Mobi.E,,,,,+351 800 180 292,https://www.mobie.pt/,1,120,50 kW,500,0,0,0,0,0,0,0,0,0,0,0,0,1,32,22 kW,400,1,250,100 kW,1000
CSC-00164,unassigned_point,node/10075901100,no,38.7284428,-9.3278678,Atlante,yes,24/7,Mobi.E,,,,,+351 800 296 929;+351 234 246 050,https://www.mobie.pt/,1,120,50 kW,500,0,0,0,0,0,0,0,0,0,0,0,0,1,32,22 kW,400,1,125,50 kW,500
CSC-00169,unassigned_point,node/10269351091,no,38.699667,-9.3805996,Atlante,yes,08:00-22:00,Mobi.E,,,,,+351 800 296 929;+351 234 246 050,https://www.mobie.pt/,1,120,50 kW,500,0,0,0,0,0,0,0,0,0,0,0,0,1,32,22 kW,400,1,125,50 kW,500
CSC-00170,unassigned_point,node/10809071451,no,38.7149767,-9.4246867,Atlante,yes,09:00-21:00,Mobi.E,,,,,+351 800 296 929;+351 234 246 050,https://www.mobie.pt/,1,125,50 kW,500,0,0,0,0,0,0,0,0,0,0,0,0,1,32,22 kW,400,1,150,60 kW,500
CSC-00181,unassigned_point,node/11819820860,no,38.7283482,-9.4758964,Iberdrola,yes,24/7,Mobi.E,,,,,+351 800 607 717,https://www.mobie.pt/,0,0,0,0,0,0,0,0,0,0,0,0,0,0,0,0,2,32,22 kW,400,0,0,0,0
CSC-00186,unassigned_point,node/11931550464,no,38.7155126,-9.417911,Cepsa,yes,24/7,Mobi.E,,,,,,https://www.mobie.pt,0,0,0,0,0,0,0,0,0,0,0,0,0,0,0,0,0,0,0,0,2,500,300 kW,1000
CSC-00188,unassigned_point,node/12362992331,no,38.72403,-9.425179,Prio.E,yes,24/7,Mobi.E,,,,,+351 800 100 303,https://www.mobie.pt/,1,125,50 kW,500,0,0,0,0,0,0,0,0,0,0,0,0,0,0,0,0,1,250,150 kW,1000
CSC-00190,unassigned_point,node/10096179031,no,38.7376345,-9.3833666,EDP,yes,24/7,Mobi.E,,,,,+351 800 222 222,https://www.mobie.pt/,0,0,0,0,0,0,0,0,0,0,0,0,2,32,22 kW,400,0,0,0,0,0,0,0,0
CSC-00192,unassigned_point,node/12352254789,no,38.7381108,-9.4034836,EDP,yes,Mo-Sa 09:30-20:00; Su 10:00-19:00,Mobi.E,,,,,+351 800 222 222,https://www.mobie.pt/,0,0,0,0,0,0,0,0,0,0,0,0,0,0,0,0,0,0,0,0,2,300,120 kW,1000
CSC-00202,unassigned_point,node/12861373751,no,38.689064,-9.356709,True Kare,yes,24/7,Mobi.E,,,,,,https://www.mobie.pt/,0,0,0,0,0,0,0,0,0,0,0,0,2,32,22 kW,400,0,0,0,0,0,0,0,0
CSC-00203,unassigned_point,node/12861373750,no,38.692165,-9.341015,True Kare,yes,24/7,Mobi.E,,,,,,https://www.mobie.pt/,0,0,0,0,0,0,0,0,0,0,0,0,2,32,22 kW,400,0,0,0,0,0,0,0,0
CSC-00204,unassigned_point,node/12926230673,no,38.696026,-9.353406,True Kare,yes,24/7,Mobi.E,,,,,,https://www.mobie.pt/,0,0,0,0,0,0,0,0,0,0,0,0,2,32,22 kW,400,0,0,0,0,0,0,0,0
CSC-00205,unassigned_point,node/12992201895,no,38.6808682,-9.3254364,True Kare,yes,24/7,Mobi.E,,,,,,https://www.mobie.pt/,0,0,0,0,0,0,0,0,0,0,0,0,2,32,22 kW,400,0,0,0,0,0,0,0,0
CSC-00207,unassigned_point,node/12930118894,no,38.70079,-9.326604,True Kare,yes,24/7,Mobi.E,,,,,,https://www.mobie.pt/,0,0,0,0,0,0,0,0,0,0,0,0,2,32,22 kW,400,0,0,0,0,0,0,0,0
CSC-00208,unassigned_point,node/12930635801,no,38.69982,-9.322851,True Kare,yes,24/7,Mobi.E,,,,,,https://www.mobie.pt/,0,0,0,0,0,0,0,0,0,0,0,0,2,32,22 kW,400,0,0,0,0,0,0,0,0
CSC-00209,unassigned_point,node/12930700035,no,38.699306,-9.337606,True Kare,yes,24/7,Mobi.E,,,,,,https://www.mobie.pt/,0,0,0,0,0,0,0,0,0,0,0,0,2,32,22 kW,400,0,0,0,0,0,0,0,0
CSC-00218,unassigned_point,node/12318868695,no,38.6837479,-9.343109,Galp Power,yes,24/7,Mobi.E,,,,,+351 800 249 249,https://www.mobie.pt/,0,0,0,0,0,0,0,0,0,0,0,0,1,16,3.7 kW,230,0,0,0,0,0,0,0,0
CSC-00219,unassigned_point,node/11670188439,no,38.683927,-9.3423634,Galp Power,yes,24/7,Mobi.E,,,,,+351 800 249 249,https://www.mobie.pt/,0,0,0,0,0,0,0,0,0,0,0,0,1,16,3.7 kW,230,0,0,0,0,0,0,0,0
CSC-00220,unassigned_point,node/12454038405,no,38.7453862,-9.341332,Bel Mobility,yes,08:00-18:30,Mobi.E,,,,,,https://www.mobie.pt/,0,0,0,0,0,0,0,0,0,0,0,0,2,32,22 kW,400,0,0,0,0,0,0,0,0
CSC-00222,unassigned_point,node/8284070031,no,38.6914106,-9.4298624,Galp Power,yes,24/7,Mobi.E,,,,,+351 800 249 249,https://www.mobie.pt,0,0,0,0,0,0,0,0,0,0,0,0,2,32,22 kW,400,0,0,0,0,0,0,0,0
CSC-00223,unassigned_point,node/12479171734,no,38.710594,-9.414241,True Kare,yes,24/7,Mobi.E,,,,,,https://www.mobie.pt/,0,0,0,0,0,0,0,0,0,0,0,0,2,32,22 kW,400,0,0,0,0,0,0,0,0
CSC-00224,unassigned_point,node/12479163064,no,38.729379,-9.407777,True Kare,yes,24/7,Mobi.E,,,,,,https://www.mobie.pt/,0,0,0,0,0,0,0,0,0,0,0,0,2,32,22 kW,400,0,0,0,0,0,0,0,0
CSC-00225,unassigned_point,node/12479186416,no,38.737113,-9.396178,True Kare,yes,24/7,Mobi.E,,,,,,https://www.mobie.pt/,0,0,0,0,0,0,0,0,0,0,0,0,2,32,22 kW,400,0,0,0,0,0,0,0,0
CSC-00226,unassigned_point,node/12479194805,no,38.703183,-9.422794,True Kare,yes,24/7,Mobi.E,,,,,,https://www.mobie.pt/,0,0,0,0,0,0,0,0,0,0,0,0,2,32,22 kW,400,0,0,0,0,0,0,0,0
CSC-00227,unassigned_point,node/12479184935,no,38.704071,-9.337795,True Kare,yes,24/7,Mobi.E,,,,,,https://www.mobie.pt/,0,0,0,0,0,0,0,0,0,0,0,0,2,32,22 kW,400,0,0,0,0,0,0,0,0
CSC-00228,unassigned_point,node/12479198253,no,38.742865,-9.390161,True Kare,yes,24/7,Mobi.E,,,,,,https://www.mobie.pt/,0,0,0,0,0,0,0,0,0,0,0,0,2,32,22 kW,400,0,0,0,0,0,0,0,0
CSC-00229,unassigned_point,node/12479202940,no,38.699169,-9.335271,True Kare,yes,24/7,Mobi.E,,,,,,https://www.mobie.pt/,0,0,0,0,0,0,0,0,0,0,0,0,2,32,22 kW,400,0,0,0,0,0,0,0,0
CSC-00230,unassigned_point,node/12552194728,no,38.71607,-9.404918,True Kare,yes,24/7,Mobi.E,,,,,,https://www.mobie.pt/,0,0,0,0,0,0,0,0,0,0,0,0,2,32,22 kW,400,0,0,0,0,0,0,0,0
CSC-00231,unassigned_point,node/12552201401,no,38.695093,-9.3736776,True Kare,yes,24/7,Mobi.E,,,,,,https://www.mobie.pt/,0,0,0,0,0,0,0,0,0,0,0,0,2,32,22 kW,400,0,0,0,0,0,0,0,0
CSC-00232,unassigned_point,node/12552167138,no,38.69181,-9.35464,True Kare,yes,24/7,Mobi.E,,,,,,https://www.mobie.pt/,0,0,0,0,0,0,0,0,0,0,0,0,2,32,22 kW,400,0,0,0,0,0,0,0,0
CSC-00233,unassigned_point,node/12552206643,no,38.7037879,-9.4389058,True Kare,yes,24/7,Mobi.E,,,,,,https://www.mobie.pt/,0,0,0,0,0,0,0,0,0,0,0,0,2,32,22 kW,400,0,0,0,0,0,0,0,0
CSC-00234,unassigned_point,node/12552182039,no,38.6846439,-9.3451404,True Kare,yes,24/7,Mobi.E,,,,,,https://www.mobie.pt/,0,0,0,0,0,0,0,0,0,0,0,0,2,32,22 kW,400,0,0,0,0,0,0,0,0
CSC-00235,unassigned_point,node/12510690663,no,38.7356897,-9.338606,Galp Power,yes,24/7,Mobi.E,,,,,+351 800 249 249,https://www.mobie.pt/,0,0,0,0,0,0,0,0,0,0,0,0,0,0,0,0,0,0,0,0,2,250,120 kW,1000
CSC-00236,unassigned_point,node/12586104507,no,38.68496,-9.346751,True Kare,yes,24/7,Mobi.E,,,,,,https://www.mobie.pt/,0,0,0,0,0,0,0,0,0,0,0,0,2,32,22 kW,400,0,0,0,0,0,0,0,0
CSC-00237,unassigned_point,node/12930700034,no,38.711185,-9.32619,True Kare,yes,24/7,Mobi.E,,,,,,https://www.mobie.pt/,0,0,0,0,0,0,0,0,0,0,0,0,2,32,22 kW,400,0,0,0,0,0,0,0,0
CSC-00238,unassigned_point,node/12586056997,no,38.6945843,-9.364056,True Kare,yes,24/7,Mobi.E,,,,,,https://www.mobie.pt/,0,0,0,0,0,0,0,0,0,0,0,0,2,32,22 kW,400,0,0,0,0,0,0,0,0
CSC-00239,unassigned_point,node/12586090132,no,38.6893921,-9.3416742,True Kare,yes,24/7,Mobi.E,,,,,,https://www.mobie.pt/,0,0,0,0,0,0,0,0,0,0,0,0,2,32,22 kW,400,0,0,0,0,0,0,0,0
CSC-00240,unassigned_point,node/12586076462,no,38.708424,-9.356059,True Kare,yes,24/7,Mobi.E,,,,,,https://www.mobie.pt/,0,0,0,0,0,0,0,0,0,0,0,0,2,32,22 kW,400,0,0,0,0,0,0,0,0
CSC-00241,unassigned_point,node/12586064781,no,38.72876,-9.373875,True Kare,yes,24/7,Mobi.E,,,,,,https://www.mobie.pt/,0,0,0,0,0,0,0,0,0,0,0,0,2,32,22 kW,400,0,0,0,0,0,0,0,0
CSC-00242,unassigned_point,node/12586120162,no,38.6924983,-9.3659534,True Kare,yes,24/7,Mobi.E,,,,,,https://www.mobie.pt/,0,0,0,0,0,0,0,0,0,0,0,0,2,32,22 kW,400,0,0,0,0,0,0,0,0
CSC-00243,unassigned_point,node/12930987735,no,38.706417,-9.346066,True Kare,yes,24/7,Mobi.E,,,,,,https://www.mobie.pt/,0,0,0,0,0,0,0,0,0,0,0,0,2,32,22 kW,400,0,0,0,0,0,0,0,0
CSC-00244,unassigned_point,node/12586118180,no,38.6976753,-9.3518586,True Kare,yes,24/7,Mobi.E,,,,,,https://www.mobie.pt/,0,0,0,0,0,0,0,0,0,0,0,0,2,32,22 kW,400,0,0,0,0,0,0,0,0
CSC-00245,unassigned_point,node/12586138915,no,38.6938135,-9.356744,True Kare,yes,24/7,Mobi.E,,,,,,https://www.mobie.pt/,0,0,0,0,0,0,0,0,0,0,0,0,2,32,22 kW,400,0,0,0,0,0,0,0,0
CSC-00246,unassigned_point,node/12586055491,no,38.7050503,-9.3795579,True Kare,yes,24/7,Mobi.E,,,,,,https://www.mobie.pt/,0,0,0,0,0,0,0,0,0,0,0,0,2,32,22 kW,400,0,0,0,0,0,0,0,0
CSC-00247,unassigned_point,node/12586142018,no,38.69749,-9.366548,True Kare,yes,24/7,Mobi.E,,,,,,https://www.mobie.pt/,0,0,0,0,0,0,0,0,0,0,0,0,2,32,22 kW,400,0,0,0,0,0,0,0,0
CSC-00248,unassigned_point,node/12586152531,no,38.71272,-9.362319,True Kare,yes,24/7,Mobi.E,,,,,,https://www.mobie.pt/,0,0,0,0,0,0,0,0,0,0,0,0,2,32,22 kW,400,0,0,0,0,0,0,0,0
CSC-00249,unassigned_point,node/12586159249,no,38.696407,-9.3446,True Kare,yes,24/7,Mobi.E,,,,,,https://www.mobie.pt/,0,0,0,0,0,0,0,0,0,0,0,0,2,32,22 kW,400,0,0,0,0,0,0,0,0
CSC-00250,unassigned_point,node/12586153871,no,38.7053835,-9.3553563,True Kare,yes,24/7,Mobi.E,,,,,,https://www.mobie.pt/,0,0,0,0,0,0,0,0,0,0,0,0,2,32,22 kW,400,0,0,0,0,0,0,0,0
CSC-00251,unassigned_point,node/12586158411,no,38.7015261,-9.3469957,True Kare,yes,24/7,Mobi.E,,,,,,https://www.mobie.pt/,0,0,0,0,0,0,0,0,0,0,0,0,2,32,22 kW,400,0,0,0,0,0,0,0,0
CSC-00252,unassigned_point,node/12586152279,no,38.6842405,-9.329646,True Kare,yes,24/7,Mobi.E,,,,,,https://www.mobie.pt/,0,0,0,0,0,0,0,0,0,0,0,0,2,32,22 kW,400,0,0,0,0,0,0,0,0
CSC-00253,unassigned_point,node/12586176174,no,38.713703,-9.415586,True Kare,yes,24/7,Mobi.E,,,,,,https://www.mobie.pt/,0,0,0,0,0,0,0,0,0,0,0,0,2,32,22 kW,400,0,0,0,0,0,0,0,0
CSC-00254,unassigned_point,node/12586201401,no,38.71493,-9.324945,True Kare,yes,24/7,Mobi.E,,,,,,https://www.mobie.pt/,0,0,0,0,0,0,0,0,0,0,0,0,2,32,22 kW,400,0,0,0,0,0,0,0,0
CSC-00255,unassigned_point,node/12586189524,no,38.712128,-9.33036,True Kare,yes,24/7,Mobi.E,,,,,,https://www.mobie.pt/,0,0,0,0,0,0,0,0,0,0,0,0,2,32,22 kW,400,0,0,0,0,0,0,0,0
CSC-00256,unassigned_point,node/12586187216,no,38.71282,-9.413586,True Kare,yes,24/7,Mobi.E,,,,,,https://www.mobie.pt/,0,0,0,0,0,0,0,0,0,0,0,0,2,32,22 kW,400,0,0,0,0,0,0,0,0
CSC-00257,unassigned_point,node/12586217505,no,38.703762,-9.3442,True Kare,yes,24/7,Mobi.E,,,,,,https://www.mobie.pt/,0,0,0,0,0,0,0,0,0,0,0,0,2,32,22 kW,400,0,0,0,0,0,0,0,0
CSC-00258,unassigned_point,node/12586217504,no,38.6949596,-9.4214884,True Kare,yes,24/7,Mobi.E,,,,,,https://www.mobie.pt/,0,0,0,0,0,0,0,0,0,0,0,0,2,32,22 kW,400,0,0,0,0,0,0,0,0
CSC-00259,unassigned_point,node/12586212445,no,38.7123077,-9.4148613,True Kare,yes,24/7,Mobi.E,,,,,,https://www.mobie.pt/,0,0,0,0,0,0,0,0,0,0,0,0,2,32,22 kW,400,0,0,0,0,0,0,0,0
CSC-00260,unassigned_point,node/12586221999,no,38.729218,-9.409745,True Kare,yes,24/7,Mobi.E,,,,,,https://www.mobie.pt/,0,0,0,0,0,0,0,0,0,0,0,0,2,32,22 kW,400,0,0,0,0,0,0,0,0
CSC-00263,unassigned_point,node/12666549769,no,38.7164464,-9.3835129,True Kare,yes,24/7,Mobi.E,,,,,,https://www.mobie.pt/,0,0,0,0,0,0,0,0,0,0,0,0,2,32,22 kW,400,0,0,0,0,0,0,0,0
CSC-00264,unassigned_point,node/12666549768,no,38.7034,-9.427457,True Kare,yes,24/7,Mobi.E,,,,,,https://www.mobie.pt/,0,0,0,0,0,0,0,0,0,0,0,0,2,32,22 kW,400,0,0,0,0,0,0,0,0
CSC-00265,unassigned_point,node/12666549767,no,38.692707,-9.350638,True Kare,yes,24/7,Mobi.E,,,,,,https://www.mobie.pt/,0,0,0,0,0,0,0,0,0,0,0,0,2,32,22 kW,400,0,0,0,0,0,0,0,0
CSC-00266,unassigned_point,node/12666549766,no,38.698765,-9.444532,True Kare,yes,24/7,Mobi.E,,,,,,https://www.mobie.pt/,0,0,0,0,0,0,0,0,0,0,0,0,2,32,22 kW,400,0,0,0,0,0,0,0,0
CSC-00267,unassigned_point,node/12666549765,no,38.7322164,-9.4130427,True Kare,yes,24/7,Mobi.E,,,,,,https://www.mobie.pt/,0,0,0,0,0,0,0,0,0,0,0,0,2,32,22 kW,400,0,0,0,0,0,0,0,0
CSC-00268,unassigned_point,node/12666549764,no,38.6998109,-9.4218054,True Kare,yes,24/7,Mobi.E,,,,,,https://www.mobie.pt/,0,0,0,0,0,0,0,0,0,0,0,0,2,32,22 kW,400,0,0,0,0,0,0,0,0
CSC-00269,unassigned_point,node/12666549763,no,38.693394,-9.334487,True Kare,yes,24/7,Mobi.E,,,,,,https://www.mobie.pt/,0,0,0,0,0,0,0,0,0,0,0,0,2,32,22 kW,400,0,0,0,0,0,0,0,0
CSC-00270,unassigned_point,node/12666549762,no,38.7043824,-9.4416519,True Kare,yes,24/7,Mobi.E,,,,,,https://www.mobie.pt/,0,0,0,0,0,0,0,0,0,0,0,0,2,32,22 kW,400,0,0,0,0,0,0,0,0
CSC-00271,unassigned_point,node/12666497962,no,38.695023,-9.349568,True Kare,yes,24/7,Mobi.E,,,,,,https://www.mobie.pt/,0,0,0,0,0,0,0,0,0,0,0,0,2,32,22 kW,400,0,0,0,0,0,0,0,0
CSC-00272,unassigned_point,node/12691482469,no,38.712223,-9.421533,True Kare,yes,24/7,Mobi.E,,,,,,https://www.mobie.pt/,0,0,0,0,0,0,0,0,0,0,0,0,2,32,22 kW,400,0,0,0,0,0,0,0,0
CSC-00273,unassigned_point,node/12691482468,no,38.704666,-9.437795,True Kare,yes,24/7,Mobi.E,,,,,,https://www.mobie.pt/,0,0,0,0,0,0,0,0,0,0,0,0,2,32,22 kW,400,0,0,0,0,0,0,0,0
CSC-00274,unassigned_point,node/12691482467,no,38.70391,-9.432164,True Kare,yes,24/7,Mobi.E,,,,,,https://www.mobie.pt/,0,0,0,0,0,0,0,0,0,0,0,0,2,32,22 kW,400,0,0,0,0,0,0,0,0
CSC-00275,unassigned_point,node/12691482466,no,38.732594,-9.388162,True Kare,yes,24/7,Mobi.E,,,,,,https://www.mobie.pt/,0,0,0,0,0,0,0,0,0,0,0,0,2,32,22 kW,400,0,0,0,0,0,0,0,0
CSC-00276,unassigned_point,node/12691482465,no,38.695957,-9.363099,True Kare,yes,24/7,Mobi.E,,,,,,https://www.mobie.pt/,0,0,0,0,0,0,0,0,0,0,0,0,2,32,22 kW,400,0,0,0,0,0,0,0,0
CSC-00277,unassigned_point,node/12691482464,no,38.74662,-9.387518,True Kare,yes,24/7,Mobi.E,,,,,,https://www.mobie.pt/,0,0,0,0,0,0,0,0,0,0,0,0,2,32,22 kW,400,0,0,0,0,0,0,0,0
CSC-00278,unassigned_point,node/12691482463,no,38.6864479,-9.3249228,True Kare,yes,24/7,Mobi.E,,,,,,https://www.mobie.pt/,0,0,0,0,0,0,0,0,0,0,0,0,2,32,22 kW,400,0,0,0,0,0,0,0,0
CSC-00279,unassigned_point,node/12731930168,no,38.695735,-9.4361185,Atlante,yes,24/7,Mobi.E,,,,,+351 800 296 929;+351 234 246 050,https://www.mobie.pt/,0,0,0,0,0,0,0,0,0,0,0,0,0,0,0,0,0,0,0,0,2,150,50 kW,500
CSC-00280,unassigned_point,node/12732047895,no,38.6954327,-9.4358095,Atlante,yes,24/7,Mobi.E,,,,,+351 800 296 929;+351 234 246 050,https://www.mobie.pt/,0,0,0,0,0,0,0,0,0,0,0,0,0,0,0,0,0,0,0,0,2,300,120 kW,500
CSC-00282,unassigned_point,node/12743142429,no,38.7091378,-9.4474297,True Kare,yes,24/7,Mobi.E,,,,,,https://www.mobie.pt/,0,0,0,0,0,0,0,0,0,0,0,0,2,32,22 kW,400,0,0,0,0,0,0,0,0
CSC-00283,unassigned_point,node/12743351251,no,38.6943393,-9.3664197,True Kare,yes,24/7,Mobi.E,,,,,,https://www.mobie.pt/,0,0,0,0,0,0,0,0,0,0,0,0,2,32,22 kW,400,0,0,0,0,0,0,0,0
CSC-00284,unassigned_point,node/12743414727,no,38.716686,-9.422428,True Kare,yes,24/7,Mobi.E,,,,,,https://www.mobie.pt/,0,0,0,0,0,0,0,0,0,0,0,0,2,32,22 kW,400,0,0,0,0,0,0,0,0
CSC-00285,unassigned_point,node/13274183540,no,38.7004353,-9.423447,True Kare,yes,24/7,Mobi.E,,,,,,https://www.mobie.pt/,0,0,0,0,0,0,0,0,0,0,0,0,2,32,22 kW,400,0,0,0,0,0,0,0,0
CSC-00286,unassigned_point,node/12743414668,no,38.6972301,-9.432131,True Kare,yes,24/7,Mobi.E,,,,,,https://www.mobie.pt/,0,0,0,0,0,0,0,0,0,0,0,0,2,32,22 kW,400,0,0,0,0,0,0,0,0
CSC-00287,unassigned_point,node/12743422334,no,38.703625,-9.391548,True Kare,yes,24/7,Mobi.E,,,,,,https://www.mobie.pt/,0,0,0,0,0,0,0,0,0,0,0,0,2,32,22 kW,400,0,0,0,0,0,0,0,0
CSC-00288,unassigned_point,node/12743422333,no,38.7106708,-9.4073693,True Kare,yes,24/7,Mobi.E,,,,,,https://www.mobie.pt/,0,0,0,0,0,0,0,0,0,0,0,0,2,32,22 kW,400,0,0,0,0,0,0,0,0
CSC-00289,unassigned_point,node/12744392391,no,38.7022473,-9.431699,True Kare,yes,24/7,Mobi.E,,,,,,https://www.mobie.pt/,0,0,0,0,0,0,0,0,0,0,0,0,2,32,22 kW,400,0,0,0,0,0,0,0,0
CSC-00290,unassigned_point,node/12744464057,no,38.694656,-9.432041,True Kare,yes,24/7,Mobi.E,,,,,,https://www.mobie.pt/,0,0,0,0,0,0,0,0,0,0,0,0,2,32,22 kW,400,0,0,0,0,0,0,0,0
CSC-00291,unassigned_point,node/12744638923,no,38.7095773,-9.4343526,True Kare,yes,24/7,Mobi.E,,,,,,https://www.mobie.pt/,0,0,0,0,0,0,0,0,0,0,0,0,2,32,22 kW,400,0,0,0,0,0,0,0,0
CSC-00292,unassigned_point,node/12744638922,no,38.705696,-9.396997,True Kare,yes,24/7,Mobi.E,,,,,,https://www.mobie.pt/,0,0,0,0,0,0,0,0,0,0,0,0,2,32,22 kW,400,0,0,0,0,0,0,0,0
CSC-00293,unassigned_point,node/12744638921,no,38.702045,-9.3803273,True Kare,yes,24/7,Mobi.E,,,,,,https://www.mobie.pt/,0,0,0,0,0,0,0,0,0,0,0,0,2,32,22 kW,400,0,0,0,0,0,0,0,0
CSC-00294,unassigned_point,node/12744692304,no,38.7174588,-9.402769,True Kare,yes,24/7,Mobi.E,,,,,,https://www.mobie.pt/,0,0,0,0,0,0,0,0,0,0,0,0,2,32,22 kW,400,0,0,0,0,0,0,0,0
CSC-00295,unassigned_point,node/12744692303,no,38.703855,-9.3372192,True Kare,yes,24/7,Mobi.E,,,,,,https://www.mobie.pt/,0,0,0,0,0,0,0,0,0,0,0,0,2,32,22 kW,400,0,0,0,0,0,0,0,0
CSC-00296,unassigned_point,node/12744692302,no,38.6871309,-9.328936,True Kare,yes,24/7,Mobi.E,,,,,,https://www.mobie.pt/,0,0,0,0,0,0,0,0,0,0,0,0,2,32,22 kW,400,0,0,0,0,0,0,0,0
CSC-00297,unassigned_point,node/12744692301,no,38.72768,-9.325247,True Kare,yes,24/7,Mobi.E,,,,,,https://www.mobie.pt/,0,0,0,0,0,0,0,0,0,0,0,0,2,32,22 kW,400,0,0,0,0,0,0,0,0
CSC-00300,unassigned_point,node/12800150676,no,38.706264,-9.361915,True Kare,yes,24/7,Mobi.E,,,,,,https://www.mobie.pt/,0,0,0,0,0,0,0,0,0,0,0,0,2,32,22 kW,400,0,0,0,0,0,0,0,0
CSC-00301,unassigned_point,node/12801323415,no,38.7072056,-9.3467134,True Kare,yes,24/7,Mobi.E,,,,,,https://www.mobie.pt/,0,0,0,0,0,0,0,0,0,0,0,0,2,32,22 kW,400,0,0,0,0,0,0,0,0
CSC-00302,unassigned_point,node/12801323414,no,38.727554,-9.3411166,True Kare,yes,24/7,Mobi.E,,,,,,https://www.mobie.pt/,0,0,0,0,0,0,0,0,0,0,0,0,2,32,22 kW,400,0,0,0,0,0,0,0,0
CSC-00303,unassigned_point,node/12801323413,no,38.707863,-9.42263,True Kare,yes,24/7,Mobi.E,,,,,,https://www.mobie.pt/,0,0,0,0,0,0,0,0,0,0,0,0,2,32,22 kW,400,0,0,0,0,0,0,0,0
CSC-00304,unassigned_point,node/12801323412,no,38.688408,-9.34576,True Kare,yes,24/7,Mobi.E,,,,,,https://www.mobie.pt/,0,0,0,0,0,0,0,0,0,0,0,0,2,32,22 kW,400,0,0,0,0,0,0,0,0
CSC-00305,unassigned_point,node/12801323411,no,38.706177,-9.444815,True Kare,yes,24/7,Mobi.E,,,,,,https://www.mobie.pt/,0,0,0,0,0,0,0,0,0,0,0,0,2,32,22 kW,400,0,0,0,0,0,0,0,0
CSC-00306,unassigned_point,node/12801323410,no,38.7067955,-9.4056956,True Kare,yes,24/7,Mobi.E,,,,,,https://www.mobie.pt/,0,0,0,0,0,0,0,0,0,0,0,0,2,32,22 kW,400,0,0,0,0,0,0,0,0
CSC-00307,unassigned_point,node/13172036829,no,38.686058,-9.348396,True Kare,yes,24/7,Mobi.E,,,,,,https://www.mobie.pt/,0,0,0,0,0,0,0,0,0,0,0,0,2,32,22 kW,400,0,0,0,0,0,0,0,0
CSC-00308,unassigned_point,node/12861432471,no,38.701571,-9.4449049,True Kare,yes,24/7,Mobi.E,,,,,,https://www.mobie.pt/,0,0,0,0,0,0,0,0,0,0,0,0,2,32,22 kW,400,0,0,0,0,0,0,0,0
CSC-00309,unassigned_point,node/12992192360,no,38.7122866,-9.420538,True Kare,yes,24/7,Mobi.E,,,,,,https://www.mobie.pt/,0,0,0,0,0,0,0,0,0,0,0,0,2,32,22 kW,400,0,0,0,0,0,0,0,0
CSC-00310,unassigned_point,node/12992193763,no,38.7028165,-9.4296567,True Kare,yes,24/7,Mobi.E,,,,,,https://www.mobie.pt/,0,0,0,0,0,0,0,0,0,0,0,0,2,32,22 kW,400,0,0,0,0,0,0,0,0
CSC-00311,unassigned_point,node/13253011320,no,38.7264825,-9.3306882,True Kare,yes,24/7,Mobi.E,,,,,,https://www.mobie.pt/,0,0,0,0,0,0,0,0,0,0,0,0,2,32,22 kW,400,0,0,0,0,0,0,0,0
CSC-00312,unassigned_point,node/13108484438,no,38.711334,-9.3366,True Kare,yes,24/7,Mobi.E,,,,,,https://www.mobie.pt/,0,0,0,0,0,0,0,0,0,0,0,0,2,32,22 kW,400,0,0,0,0,0,0,0,0
CSC-00313,unassigned_point,node/12930987734,no,38.709713,-9.339174,True Kare,yes,24/7,Mobi.E,,,,,,https://www.mobie.pt/,0,0,0,0,0,0,0,0,0,0,0,0,2,32,22 kW,400,0,0,0,0,0,0,0,0
CSC-00314,unassigned_point,node/13035115901,no,38.717476,-9.416702,True Kare,yes,24/7,Mobi.E,,,,,,https://www.mobie.pt/,0,0,0,0,0,0,0,0,0,0,0,0,2,32,22 kW,400,0,0,0,0,0,0,0,0
CSC-00315,unassigned_point,node/13034883700,no,38.6941138,-9.3488147,True Kare,yes,24/7,Mobi.E,,,,,,https://www.mobie.pt/,0,0,0,0,0,0,0,0,0,0,0,0,2,32,22 kW,400,0,0,0,0,0,0,0,0
CSC-00316,unassigned_point,node/12861432470,no,38.709187,-9.350931,True Kare,yes,24/7,Mobi.E,,,,,,https://www.mobie.pt/,0,0,0,0,0,0,0,0,0,0,0,0,2,32,22 kW,400,0,0,0,0,0,0,0,0
CSC-00317,unassigned_point,node/12926598722,no,38.71871,-9.434579,True Kare,yes,24/7,Mobi.E,,,,,,https://www.mobie.pt/,0,0,0,0,0,0,0,0,0,0,0,0,2,32,22 kW,400,0,0,0,0,0,0,0,0
CSC-00318,unassigned_point,node/13034883699,no,38.713326,-9.331565,True Kare,yes,24/7,Mobi.E,,,,,,https://www.mobie.pt/,0,0,0,0,0,0,0,0,0,0,0,0,2,32,22 kW,400,0,0,0,0,0,0,0,0
CSC-00319,unassigned_point,node/12271823711,no,38.7022449,-9.3543201,True Kare,yes,24/7,Mobi.E,,,,,,https://www.mobie.pt/,0,0,0,0,0,0,0,0,0,0,0,0,2,32,22 kW,400,0,0,0,0,0,0,0,0
CSC-00320,unassigned_point,node/12892146319,no,38.7200392,-9.4628773,True Kare,yes,24/7,Mobi.E,,,,,,https://www.mobie.pt/,0,0,0,0,0,0,0,0,0,0,0,0,2,32,22 kW,400,0,0,0,0,0,0,0,0
CSC-00321,unassigned_point,node/12992243993,no,38.70659,-9.403527,True Kare,yes,24/7,Mobi.E,,,,,,https://www.mobie.pt/,0,0,0,0,0,0,0,0,0,0,0,0,2,32,22 kW,400,0,0,0,0,0,0,0,0
CSC-00322,unassigned_point,node/12931014505,no,38.71102,-9.364664,True Kare,yes,24/7,Mobi.E,,,,,,https://www.mobie.pt/,0,0,0,0,0,0,0,0,0,0,0,0,2,32,22 kW,400,0,0,0,0,0,0,0,0
CSC-00324,unassigned_point,node/13108432565,no,38.722157,-9.347376,True Kare,yes,24/7,Mobi.E,,,,,,https://www.mobie.pt/,0,0,0,0,0,0,0,0,0,0,0,0,2,32,22 kW,400,0,0,0,0,0,0,0,0
CSC-00325,unassigned_point,node/13050701490,no,38.7167316,-9.329475,True Kare,yes,24/7,Mobi.E,,,,,,https://www.mobie.pt/,0,0,0,0,0,0,0,0,0,0,0,0,2,32,22 kW,400,0,0,0,0,0,0,0,0
CSC-00326,unassigned_point,node/12801323409,no,38.705765,-9.334844,True Kare,yes,24/7,Mobi.E,,,,,,https://www.mobie.pt/,0,0,0,0,0,0,0,0,0,0,0,0,2,32,22 kW,400,0,0,0,0,0,0,0,0
CSC-00327,unassigned_point,node/12801323408,no,38.681335,-9.329602,True Kare,yes,24/7,Mobi.E,,,,,,https://www.mobie.pt/,0,0,0,0,0,0,0,0,0,0,0,0,2,32,22 kW,400,0,0,0,0,0,0,0,0
CSC-00328,unassigned_point,node/12801323407,no,38.690086,-9.346036,True Kare,yes,24/7,Mobi.E,,,,,,https://www.mobie.pt/,0,0,0,0,0,0,0,0,0,0,0,0,2,32,22 kW,400,0,0,0,0,0,0,0,0
CSC-00329,unassigned_point,node/12297775352,no,38.7133372,-9.4246852,True Kare,yes,24/7,Mobi.E,,,,,,https://www.mobie.pt/,0,0,0,0,0,0,0,0,0,0,0,0,2,32,22 kW,400,0,0,0,0,0,0,0,0
CSC-00330,unassigned_point,node/13050701489,no,38.745144,-9.3804089,True Kare,yes,24/7,Mobi.E,,,,,,https://www.mobie.pt/,0,0,0,0,0,0,0,0,0,0,0,0,2,32,22 kW,400,0,0,0,0,0,0,0,0
CSC-00331,unassigned_point,node/13050701488,no,38.743297,-9.3887792,True Kare,yes,24/7,Mobi.E,,,,,,https://www.mobie.pt/,0,0,0,0,0,0,0,0,0,0,0,0,2,32,22 kW,400,0,0,0,0,0,0,0,0
CSC-00332,unassigned_point,node/13050750972,no,38.697598,-9.442852,True Kare,yes,24/7,Mobi.E,,,,,,https://www.mobie.pt/,0,0,0,0,0,0,0,0,0,0,0,0,2,32,22 kW,400,0,0,0,0,0,0,0,0
CSC-00333,unassigned_point,node/12861372440,no,38.700775,-9.444983,True Kare,yes,24/7,Mobi.E,,,,,,https://www.mobie.pt/,0,0,0,0,0,0,0,0,0,0,0,0,2,32,22 kW,400,0,0,0,0,0,0,0,0
CSC-00334,unassigned_point,node/12992249027,no,38.703594,-9.43268,True Kare,yes,24/7,Mobi.E,,,,,,https://www.mobie.pt/,0,0,0,0,0,0,0,0,0,0,0,0,2,32,22 kW,400,0,0,0,0,0,0,0,0
CSC-00335,unassigned_point,node/12992249026,no,38.733437,-9.449864,True Kare,yes,24/7,Mobi.E,,,,,,https://www.mobie.pt/,0,0,0,0,0,0,0,0,0,0,0,0,2,32,22 kW,400,0,0,0,0,0,0,0,0
CSC-00344,unassigned_point,node/13050750971,no,38.71468,-9.40922,True Kare,yes,24/7,Mobi.E,,,,,,https://www.mobie.pt/,0,0,0,0,0,0,0,0,0,0,0,0,2,32,22 kW,400,0,0,0,0,0,0,0,0
CSC-00345,unassigned_point,node/13946015436,no,38.716084,-9.416118,True Kare,yes,24/7,Mobi.E,,,,,,https://www.mobie.pt/,0,0,0,0,0,0,0,0,0,0,0,0,2,32,22 kW,400,0,0,0,0,0,0,0,0
CSC-00346,unassigned_point,node/13108432564,no,38.717491,-9.3309026,True Kare,yes,24/7,Mobi.E,,,,,,https://www.mobie.pt/,0,0,0,0,0,0,0,0,0,0,0,0,2,32,22 kW,400,0,0,0,0,0,0,0,0
CSC-00347,unassigned_point,node/13050750970,no,38.715683,-9.329277,True Kare,yes,24/7,Mobi.E,,,,,,https://www.mobie.pt/,0,0,0,0,0,0,0,0,0,0,0,0,2,32,22 kW,400,0,0,0,0,0,0,0,0
CSC-00348,unassigned_point,node/13154183398,no,38.696247,-9.3650055,True Kare,yes,24/7,Mobi.E,,,,,,https://www.mobie.pt/,0,0,0,0,0,0,0,0,0,0,0,0,2,32,22 kW,400,0,0,0,0,0,0,0,0
CSC-00349,unassigned_point,node/12801323401,no,38.70081,-9.383506,True Kare,yes,24/7,Mobi.E,,,,,,https://www.mobie.pt/,0,0,0,0,0,0,0,0,0,0,0,0,2,32,22 kW,400,0,0,0,0,0,0,0,0
CSC-00351,unassigned_point,node/13253011319,no,38.706985,-9.351528,True Kare,yes,24/7,Mobi.E,,,,,,https://www.mobie.pt/,0,0,0,0,0,0,0,0,0,0,0,0,2,32,22 kW,400,0,0,0,0,0,0,0,0
CSC-00352,unassigned_point,node/12801267200,no,38.688805,-9.338027,True Kare,yes,24/7,Mobi.E,,,,,,https://www.mobie.pt/,0,0,0,0,0,0,0,0,0,0,0,0,2,32,22 kW,400,0,0,0,0,0,0,0,0
CSC-00353,unassigned_point,node/13172036828,no,38.69979,-9.380389,True Kare,yes,24/7,Mobi.E,,,,,,https://www.mobie.pt/,0,0,0,0,0,0,0,0,0,0,0,0,2,32,22 kW,400,0,0,0,0,0,0,0,0
CSC-00354,unassigned_point,node/12992244200,no,38.7241179,-9.3820386,True Kare,yes,24/7,Mobi.E,,,,,,https://www.mobie.pt/,0,0,0,0,0,0,0,0,0,0,0,0,2,32,22 kW,400,0,0,0,0,0,0,0,0
CSC-00355,unassigned_point,node/12801978431,no,38.6827319,-9.3271617,True Kare,yes,24/7,Mobi.E,,,,,,https://www.mobie.pt/,0,0,0,0,0,0,0,0,0,0,0,0,2,32,22 kW,400,0,0,0,0,0,0,0,0
CSC-00356,unassigned_point,node/12992244199,no,38.711384,-9.409047,True Kare,yes,24/7,Mobi.E,,,,,,https://www.mobie.pt/,0,0,0,0,0,0,0,0,0,0,0,0,2,32,22 kW,400,0,0,0,0,0,0,0,0
CSC-00357,unassigned_point,node/13384448711,no,38.70837,-9.4047285,True Kare,yes,24/7,Mobi.E,,,,,,https://www.mobie.pt/,0,0,0,0,0,0,0,0,0,0,0,0,2,32,22 kW,400,0,0,0,0,0,0,0,0
CSC-00358,unassigned_point,node/12801978430,no,38.698124,-9.36169,True Kare,yes,24/7,Mobi.E,,,,,,https://www.mobie.pt/,0,0,0,0,0,0,0,0,0,0,0,0,2,32,22 kW,400,0,0,0,0,0,0,0,0
CSC-00359,unassigned_point,node/12801978429,no,38.70086,-9.433414,True Kare,yes,24/7,Mobi.E,,,,,,https://www.mobie.pt/,0,0,0,0,0,0,0,0,0,0,0,0,2,32,22 kW,400,0,0,0,0,0,0,0,0
CSC-00360,unassigned_point,node/12992244198,no,38.689545,-9.347902,True Kare,yes,24/7,Mobi.E,,,,,,https://www.mobie.pt/,0,0,0,0,0,0,0,0,0,0,0,0,2,32,22 kW,400,0,0,0,0,0,0,0,0
CSC-00361,unassigned_point,node/13271851177,no,38.684273,-9.327774,True Kare,yes,24/7,Mobi.E,,,,,,https://www.mobie.pt/,0,0,0,0,0,0,0,0,0,0,0,0,2,32,22 kW,400,0,0,0,0,0,0,0,0
CSC-00362,unassigned_point,node/12801978428,no,38.714066,-9.324017,True Kare,yes,24/7,Mobi.E,,,,,,https://www.mobie.pt/,0,0,0,0,0,0,0,0,0,0,0,0,2,32,22 kW,400,0,0,0,0,0,0,0,0
CSC-00365,unassigned_point,node/12801978427,no,38.693394,-9.346966,True Kare,yes,24/7,Mobi.E,,,,,,https://www.mobie.pt/,0,0,0,0,0,0,0,0,0,0,0,0,2,32,22 kW,400,0,0,0,0,0,0,0,0
CSC-00366,unassigned_point,node/13154183397,no,38.702457,-9.440596,True Kare,yes,24/7,Mobi.E,,,,,,https://www.mobie.pt/,0,0,0,0,0,0,0,0,0,0,0,0,2,32,22 kW,400,0,0,0,0,0,0,0,0
CSC-00367,unassigned_point,node/12826452711,no,38.6973984,-9.4464433,True Kare,yes,24/7,Mobi.E,,,,,,https://www.mobie.pt/,0,0,0,0,0,0,0,0,0,0,0,0,2,32,22 kW,400,0,0,0,0,0,0,0,0
CSC-00368,unassigned_point,node/12992263806,no,38.705334,-9.440409,True Kare,yes,24/7,Mobi.E,,,,,,https://www.mobie.pt/,0,0,0,0,0,0,0,0,0,0,0,0,2,32,22 kW,400,0,0,0,0,0,0,0,0
CSC-00369,unassigned_point,node/13337082052,no,38.69879,-9.427648,True Kare,yes,24/7,Mobi.E,,,,,,https://www.mobie.pt/,0,0,0,0,0,0,0,0,0,0,0,0,2,32,22 kW,400,0,0,0,0,0,0,0,0
CSC-00370,unassigned_point,node/13154183396,no,38.733147,-9.406181,True Kare,yes,24/7,Mobi.E,,,,,,https://www.mobie.pt/,0,0,0,0,0,0,0,0,0,0,0,0,2,32,22 kW,400,0,0,0,0,0,0,0,0
CSC-00371,unassigned_point,node/13050781857,no,38.73603,-9.402356,True Kare,yes,24/7,Mobi.E,,,,,,https://www.mobie.pt/,0,0,0,0,0,0,0,0,0,0,0,0,2,32,22 kW,400,0,0,0,0,0,0,0,0
CSC-00372,unassigned_point,node/12992263805,no,38.71361,-9.40521,True Kare,yes,24/7,Mobi.E,,,,,,https://www.mobie.pt/,0,0,0,0,0,0,0,0,0,0,0,0,2,32,22 kW,400,0,0,0,0,0,0,0,0
CSC-00373,unassigned_point,node/13050781856,no,38.710835,-9.328373,True Kare,yes,24/7,Mobi.E,,,,,,https://www.mobie.pt/,0,0,0,0,0,0,0,0,0,0,0,0,2,32,22 kW,400,0,0,0,0,0,0,0,0
CSC-00374,unassigned_point,node/13050781855,no,38.709328,-9.340293,True Kare,yes,24/7,Mobi.E,,,,,,https://www.mobie.pt/,0,0,0,0,0,0,0,0,0,0,0,0,2,32,22 kW,400,0,0,0,0,0,0,0,0
CSC-00375,unassigned_point,node/12801978426,no,38.690254,-9.360061,True Kare,yes,24/7,Mobi.E,,,,,,https://www.mobie.pt/,0,0,0,0,0,0,0,0,0,0,0,0,2,32,22 kW,400,0,0,0,0,0,0,0,0
CSC-00376,unassigned_point,node/13034883698,no,38.6968188,-9.3682716,True Kare,yes,24/7,Mobi.E,,,,,,https://www.mobie.pt/,0,0,0,0,0,0,0,0,0,0,0,0,2,32,22 kW,400,0,0,0,0,0,0,0,0
CSC-00377,unassigned_point,node/12992253459,no,38.70135,-9.385312,True Kare,yes,24/7,Mobi.E,,,,,,https://www.mobie.pt/,0,0,0,0,0,0,0,0,0,0,0,0,2,32,22 kW,400,0,0,0,0,0,0,0,0
CSC-00379,unassigned_point,node/12992253458,no,38.707638,-9.351348,True Kare,yes,24/7,Mobi.E,,,,,,https://www.mobie.pt/,0,0,0,0,0,0,0,0,0,0,0,0,2,32,22 kW,400,0,0,0,0,0,0,0,0
CSC-00380,unassigned_point,node/13338660430,no,38.7086703,-9.3561393,True Kare,yes,24/7,Mobi.E,,,,,,https://www.mobie.pt/,0,0,0,0,0,0,0,0,0,0,0,0,2,32,22 kW,400,0,0,0,0,0,0,0,0
CSC-00381,unassigned_point,node/12801978425,no,38.704006,-9.363238,True Kare,yes,24/7,Mobi.E,,,,,,https://www.mobie.pt/,0,0,0,0,0,0,0,0,0,0,0,0,2,32,22 kW,400,0,0,0,0,0,0,0,0
CSC-00382,unassigned_point,node/13104510375,no,38.6959696,-9.4254695,True Kare,yes,24/7,Mobi.E,,,,,,https://www.mobie.pt/,0,0,0,0,0,0,0,0,0,0,0,0,2,32,22 kW,400,0,0,0,0,0,0,0,0
CSC-00383,unassigned_point,node/13034883697,no,38.699047,-9.442668,True Kare,yes,24/7,Mobi.E,,,,,,https://www.mobie.pt/,0,0,0,0,0,0,0,0,0,0,0,0,2,32,22 kW,400,0,0,0,0,0,0,0,0
CSC-00384,unassigned_point,node/13172036827,no,38.71665,-9.414858,True Kare,yes,24/7,Mobi.E,,,,,,https://www.mobie.pt/,0,0,0,0,0,0,0,0,0,0,0,0,2,32,22 kW,400,0,0,0,0,0,0,0,0
CSC-00385,unassigned_point,node/12992394837,no,38.708527,-9.403841,True Kare,yes,24/7,Mobi.E,,,,,,https://www.mobie.pt/,0,0,0,0,0,0,0,0,0,0,0,0,2,32,22 kW,400,0,0,0,0,0,0,0,0
CSC-00386,unassigned_point,node/12992394836,no,38.696915,-9.35059,True Kare,yes,24/7,Mobi.E,,,,,,https://www.mobie.pt/,0,0,0,0,0,0,0,0,0,0,0,0,2,32,22 kW,400,0,0,0,0,0,0,0,0
CSC-00387,unassigned_point,node/13050814923,no,38.6982005,-9.365311,True Kare,yes,24/7,Mobi.E,,,,,,https://www.mobie.pt/,0,0,0,0,0,0,0,0,0,0,0,0,2,32,22 kW,400,0,0,0,0,0,0,0,0
CSC-00388,unassigned_point,node/12992394835,no,38.702766,-9.361884,True Kare,yes,24/7,Mobi.E,,,,,,https://www.mobie.pt/,0,0,0,0,0,0,0,0,0,0,0,0,2,32,22 kW,400,0,0,0,0,0,0,0,0
CSC-00390,unassigned_point,node/13034883696,no,38.73,-9.32507,True Kare,yes,24/7,Mobi.E,,,,,,https://www.mobie.pt/,0,0,0,0,0,0,0,0,0,0,0,0,2,32,22 kW,400,0,0,0,0,0,0,0,0
CSC-00391,unassigned_point,node/13050814922,no,38.702152,-9.325837,True Kare,yes,24/7,Mobi.E,,,,,,https://www.mobie.pt/,0,0,0,0,0,0,0,0,0,0,0,0,2,32,22 kW,400,0,0,0,0,0,0,0,0
CSC-00392,unassigned_point,node/12930678419,no,38.693073,-9.335564,True Kare,yes,24/7,Mobi.E,,,,,,https://www.mobie.pt/,0,0,0,0,0,0,0,0,0,0,0,0,2,32,22 kW,400,0,0,0,0,0,0,0,0
CSC-00393,unassigned_point,node/12992290260,no,38.70579,-9.433281,True Kare,yes,24/7,Mobi.E,,,,,,https://www.mobie.pt/,0,0,0,0,0,0,0,0,0,0,0,0,2,32,22 kW,400,0,0,0,0,0,0,0,0
CSC-00394,unassigned_point,node/13154183395,no,38.715153,-9.3827956,True Kare,yes,24/7,Mobi.E,,,,,,https://www.mobie.pt/,0,0,0,0,0,0,0,0,0,0,0,0,2,32,22 kW,400,0,0,0,0,0,0,0,0
CSC-00395,unassigned_point,node/13050814921,no,38.696926,-9.330079,True Kare,yes,24/7,Mobi.E,,,,,,https://www.mobie.pt/,0,0,0,0,0,0,0,0,0,0,0,0,2,32,22 kW,400,0,0,0,0,0,0,0,0
CSC-00396,unassigned_point,node/12826452710,no,38.68482,-9.324954,True Kare,yes,24/7,Mobi.E,,,,,,https://www.mobie.pt/,0,0,0,0,0,0,0,0,0,0,0,0,2,32,22 kW,400,0,0,0,0,0,0,0,0
CSC-00397,unassigned_point,node/12802000419,no,38.6891305,-9.3290803,True Kare,yes,24/7,Mobi.E,,,,,,https://www.mobie.pt/,0,0,0,0,0,0,0,0,0,0,0,0,2,32,22 kW,400,0,0,0,0,0,0,0,0
CSC-00398,unassigned_point,node/12802000418,no,38.705105,-9.328833,True Kare,yes,24/7,Mobi.E,,,,,,https://www.mobie.pt/,0,0,0,0,0,0,0,0,0,0,0,0,2,32,22 kW,400,0,0,0,0,0,0,0,0
CSC-00399,unassigned_point,node/12826452709,no,38.701427,-9.321006,True Kare,yes,24/7,Mobi.E,,,,,,https://www.mobie.pt/,0,0,0,0,0,0,0,0,0,0,0,0,2,32,22 kW,400,0,0,0,0,0,0,0,0
CSC-00400,unassigned_point,node/13154183394,no,38.7001,-9.321896,True Kare,yes,24/7,Mobi.E,,,,,,https://www.mobie.pt/,0,0,0,0,0,0,0,0,0,0,0,0,2,32,22 kW,400,0,0,0,0,0,0,0,0
CSC-00401,unassigned_point,node/13034883695,no,38.699326,-9.321622,True Kare,yes,24/7,Mobi.E,,,,,,https://www.mobie.pt/,0,0,0,0,0,0,0,0,0,0,0,0,2,32,22 kW,400,0,0,0,0,0,0,0,0
CSC-00402,unassigned_point,node/13034883694,no,38.740753,-9.313533,True Kare,yes,24/7,Mobi.E,,,,,,https://www.mobie.pt/,0,0,0,0,0,0,0,0,0,0,0,0,2,32,22 kW,400,0,0,0,0,0,0,0,0
CSC-00403,unassigned_point,node/13233636288,no,38.721027,-9.346514,True Kare,yes,24/7,Mobi.E,,,,,,https://www.mobie.pt/,0,0,0,0,0,0,0,0,0,0,0,0,2,32,22 kW,400,0,0,0,0,0,0,0,0
CSC-00404,unassigned_point,node/13271851175,no,38.7073633,-9.4313001,True Kare,yes,24/7,Mobi.E,,,,,,https://www.mobie.pt/,0,0,0,0,0,0,0,0,0,0,0,0,2,32,22 kW,400,0,0,0,0,0,0,0,0
CSC-00406,unassigned_point,node/13271851174,no,38.73503,-9.391289,True Kare,yes,24/7,Mobi.E,,,,,,https://www.mobie.pt/,0,0,0,0,0,0,0,0,0,0,0,0,2,32,22 kW,400,0,0,0,0,0,0,0,0
CSC-00407,unassigned_point,node/13805790127,no,38.716103,-9.427181,True Kare,yes,24/7,Mobi.E,,,,,,https://www.mobie.pt/,0,0,0,0,0,0,0,0,0,0,0,0,2,32,22 kW,400,0,0,0,0,0,0,0,0
CSC-00408,unassigned_point,node/13233636287,no,38.74665,-9.390011,True Kare,yes,24/7,Mobi.E,,,,,,https://www.mobie.pt/,0,0,0,0,0,0,0,0,0,0,0,0,2,32,22 kW,400,0,0,0,0,0,0,0,0
CSC-00409,unassigned_point,node/13271851173,no,38.727979,-9.4116094,True Kare,yes,24/7,Mobi.E,,,,,,https://www.mobie.pt/,0,0,0,0,0,0,0,0,0,0,0,0,2,32,22 kW,400,0,0,0,0,0,0,0,0
CSC-00411,unassigned_point,node/8733779262,no,38.7149622,-9.3444398,Galp Power,yes,24/7,Mobi.E,,Tires,,,+351 800 249 249,https://www.mobie.pt,1,120,50 kW,500,0,0,0,0,0,0,0,0,0,0,0,0,1,32,22 kW,400,1,125,50 kW,500
CSC-00412,unassigned_point,node/5393208974,no,38.7279778,-9.3359219,Galp Power,yes,24/7,Mobi.E,,,,,+351 800 249 249,https://www.mobie.pt,1,120,50 kW,500,0,0,0,0,0,0,0,0,0,0,0,0,1,63,43 kW,400,1,125,50 kW,500
CSC-00413,unassigned_point,node/8418608434,no,38.696039,-9.3437996,Galp Power,yes,24/7,Mobi.E,,São Domingos de Rana,,,+351 800 249 249,https://www.mobie.pt,1,120,50 kW,500,0,0,0,0,0,0,0,0,0,0,0,0,1,64,43 kW,400,1,125,50 kW,500
CSC-00415,unassigned_point,node/9848304991,no,38.7350315,-9.3962658,Galp Power,yes,24/7,Mobi.E,,,,,+351 800 249 249,https://www.mobie.pt/,1,120,50 kW,500,0,0,0,0,0,0,0,0,0,0,0,0,1,32,22 kW,400,1,125,50 kW,500
CSC-00416,unassigned_point,node/12175707865,no,38.7014807,-9.3266932,Galp Power,yes,24/7,Mobi.E,,,,,+351 800 249 249,https://www.mobie.pt/,1,120,50 kW,500,0,0,0,0,0,0,0,0,0,0,0,0,1,32,22 kW,400,1,125,50 kW,500
CSC-00417,unassigned_point,node/12175707864,no,38.709078,-9.421583,Galp Power,yes,08:00-22:00,Mobi.E,,,,,+351 800 249 249,https://www.mobie.pt/,1,120,50 kW,500,0,0,0,0,0,0,0,0,0,0,0,0,1,32,22 kW,400,1,125,50 kW,500
CSC-00419,unassigned_point,node/12935577526,no,38.7051226,-9.3641849,Atlante,yes,24/7,Mobi.E,,,,,+351 800 296 929;+351 234 246 050,https://www.mobie.pt,1,120,50 kW,500,0,0,0,0,0,0,0,0,0,0,0,0,0,0,0,0,1,150,60 kW,500
CSC-00428,unassigned_point,node/13253011318,no,38.723576,-9.411197,True Kare,yes,24/7,Mobi.E,,,,,,https://www.mobie.pt/,0,0,0,0,0,0,0,0,0,0,0,0,2,32,22 kW,400,0,0,0,0,0,0,0,0
CSC-00429,unassigned_point,node/13384448710,no,38.699577,-9.344637,True Kare,yes,24/7,Mobi.E,,,,,,https://www.mobie.pt/,0,0,0,0,0,0,0,0,0,0,0,0,2,32,22 kW,400,0,0,0,0,0,0,0,0
CSC-00430,unassigned_point,node/13271851172,no,38.699898,-9.339812,True Kare,yes,24/7,Mobi.E,,,,,,https://www.mobie.pt/,0,0,0,0,0,0,0,0,0,0,0,0,2,32,22 kW,400,0,0,0,0,0,0,0,0
CSC-00431,unassigned_point,node/13663566820,no,38.701126,-9.41434,True Kare,yes,24/7,Mobi.E,,,,,,https://www.mobie.pt/,0,0,0,0,0,0,0,0,0,0,0,0,2,32,22 kW,400,0,0,0,0,0,0,0,0
CSC-00433,unassigned_point,node/13233636286,no,38.7066,-9.429814,True Kare,yes,24/7,Mobi.E,,,,,,https://www.mobie.pt/,0,0,0,0,0,0,0,0,0,0,0,0,2,32,22 kW,400,0,0,0,0,0,0,0,0
CSC-00434,unassigned_point,node/13154183393,no,38.713444,-9.41775,True Kare,yes,24/7,Mobi.E,,,,,,https://www.mobie.pt/,0,0,0,0,0,0,0,0,0,0,0,0,2,32,22 kW,400,0,0,0,0,0,0,0,0
CSC-00436,unassigned_point,node/14047171177,no,38.7070602,-9.4324977,True Kare,yes,24/7,Mobi.E,,,,,,https://www.mobie.pt/,0,0,0,0,0,0,0,0,0,0,0,0,2,32,22 kW,400,0,0,0,0,0,0,0,0
CSC-00437,unassigned_point,node/13233624386,no,38.705257,-9.38676,True Kare,yes,24/7,Mobi.E,,,,,,https://www.mobie.pt/,0,0,0,0,0,0,0,0,0,0,0,0,2,32,22 kW,400,0,0,0,0,0,0,0,0
CSC-00438,unassigned_point,node/13384448709,no,38.6794416,-9.3333294,True Kare,yes,24/7,Mobi.E,,,,,,https://www.mobie.pt/,0,0,0,0,0,0,0,0,0,0,0,0,2,32,22 kW,400,0,0,0,0,0,0,0,0
CSC-00439,unassigned_point,node/13108487937,no,38.678234,-9.330937,True Kare,yes,24/7,Mobi.E,,,,,,https://www.mobie.pt/,0,0,0,0,0,0,0,0,0,0,0,0,2,32,22 kW,400,0,0,0,0,0,0,0,0
CSC-00440,unassigned_point,node/13419199126,no,38.701077,-9.438311,True Kare,yes,24/7,Mobi.E,,,,,,https://www.mobie.pt/,0,0,0,0,0,0,0,0,0,0,0,0,2,32,22 kW,400,0,0,0,0,0,0,0,0
CSC-00442,unassigned_point,node/13253060802,no,38.7042868,-9.4096432,True Kare,yes,24/7,Mobi.E,,,,,,https://www.mobie.pt/,0,0,0,0,0,0,0,0,0,0,0,0,2,32,22 kW,400,0,0,0,0,0,0,0,0
CSC-00443,unassigned_point,node/13172043554,no,38.701366,-9.335097,True Kare,yes,24/7,Mobi.E,,,,,,https://www.mobie.pt/,0,0,0,0,0,0,0,0,0,0,0,0,2,32,22 kW,400,0,0,0,0,0,0,0,0
CSC-00444,unassigned_point,node/13861699319,no,38.6777312,-9.3296751,True Kare,yes,24/7,Mobi.E,,,,,,https://www.mobie.pt/,0,0,0,0,0,0,0,0,0,0,0,0,2,32,22 kW,400,0,0,0,0,0,0,0,0
CSC-00445,unassigned_point,node/13108505858,no,38.73554,-9.368278,True Kare,yes,24/7,Mobi.E,,,,,,https://www.mobie.pt/,0,0,0,0,0,0,0,0,0,0,0,0,2,32,22 kW,400,0,0,0,0,0,0,0,0
CSC-00446,unassigned_point,node/13253060801,no,38.6854135,-9.3527693,True Kare,yes,24/7,Mobi.E,,,,,,https://www.mobie.pt/,0,0,0,0,0,0,0,0,0,0,0,0,2,32,22 kW,400,0,0,0,0,0,0,0,0
CSC-00447,unassigned_point,node/13271851171,no,38.7247478,-9.4430549,True Kare,yes,24/7,Mobi.E,,,,,,https://www.mobie.pt/,0,0,0,0,0,0,0,0,0,0,0,0,2,32,22 kW,400,0,0,0,0,0,0,0,0
CSC-00448,unassigned_point,node/13172043553,no,38.69817,-9.329801,True Kare,yes,24/7,Mobi.E,,,,,,https://www.mobie.pt/,0,0,0,0,0,0,0,0,0,0,0,0,2,32,22 kW,400,0,0,0,0,0,0,0,0
CSC-00449,unassigned_point,node/13253028700,no,38.7072,-9.388105,True Kare,yes,24/7,Mobi.E,,,,,,https://www.mobie.pt/,0,0,0,0,0,0,0,0,0,0,0,0,2,32,22 kW,400,0,0,0,0,0,0,0,0
CSC-00450,unassigned_point,node/13253064471,no,38.68919,-9.343156,True Kare,yes,24/7,Mobi.E,,,,,,https://www.mobie.pt/,0,0,0,0,0,0,0,0,0,0,0,0,2,32,22 kW,400,0,0,0,0,0,0,0,0
CSC-00453,unassigned_point,node/13233624385,no,38.697594,-9.372593,True Kare,yes,24/7,Mobi.E,,,,,,https://www.mobie.pt/,0,0,0,0,0,0,0,0,0,0,0,0,2,32,22 kW,400,0,0,0,0,0,0,0,0
CSC-00454,unassigned_point,node/13253052657,no,38.7011767,-9.3555453,True Kare,yes,24/7,Mobi.E,,,,,,https://www.mobie.pt/,0,0,0,0,0,0,0,0,0,0,0,0,2,32,22 kW,400,0,0,0,0,0,0,0,0
CSC-00455,unassigned_point,node/13253052656,no,38.703163,-9.324972,True Kare,yes,24/7,Mobi.E,,,,,,https://www.mobie.pt/,0,0,0,0,0,0,0,0,0,0,0,0,2,32,22 kW,400,0,0,0,0,0,0,0,0
CSC-00456,unassigned_point,node/13253052655,no,38.73232,-9.408317,True Kare,yes,24/7,Mobi.E,,,,,,https://www.mobie.pt/,0,0,0,0,0,0,0,0,0,0,0,0,2,32,22 kW,400,0,0,0,0,0,0,0,0
CSC-00457,unassigned_point,node/13338699671,no,38.7297123,-9.4094755,True Kare,yes,24/7,Mobi.E,,,,,,https://www.mobie.pt/,0,0,0,0,0,0,0,0,0,0,0,0,2,32,22 kW,400,0,0,0,0,0,0,0,0
CSC-00458,unassigned_point,node/13253052654,no,38.704323,-9.379328,True Kare,yes,24/7,Mobi.E,,,,,,https://www.mobie.pt/,0,0,0,0,0,0,0,0,0,0,0,0,2,32,22 kW,400,0,0,0,0,0,0,0,0
CSC-00459,unassigned_point,node/13253013869,no,38.700603,-9.380905,True Kare,yes,24/7,Mobi.E,,,,,,https://www.mobie.pt/,0,0,0,0,0,0,0,0,0,0,0,0,2,32,22 kW,400,0,0,0,0,0,0,0,0
CSC-00460,unassigned_point,node/13619039783,no,38.740612,-9.31424,True Kare,yes,24/7,Mobi.E,,,,,,https://www.mobie.pt/,0,0,0,0,0,0,0,0,0,0,0,0,2,32,22 kW,400,0,0,0,0,0,0,0,0
CSC-00461,unassigned_point,node/13253013868,no,38.708405,-9.377297,True Kare,yes,24/7,Mobi.E,,,,,,https://www.mobie.pt/,0,0,0,0,0,0,0,0,0,0,0,0,2,32,22 kW,400,0,0,0,0,0,0,0,0
CSC-00462,unassigned_point,node/13253013867,no,38.6921779,-9.3473487,True Kare,yes,24/7,Mobi.E,,,,,,https://www.mobie.pt/,0,0,0,0,0,0,0,0,0,0,0,0,2,32,22 kW,400,0,0,0,0,0,0,0,0
CSC-00463,unassigned_point,node/13419199125,no,38.7192132,-9.331218,True Kare,yes,24/7,Mobi.E,,,,,,https://www.mobie.pt/,0,0,0,0,0,0,0,0,0,0,0,0,2,32,22 kW,400,0,0,0,0,0,0,0,0
CSC-00464,unassigned_point,node/13253070227,no,38.73712,-9.3416612,True Kare,yes,24/7,Mobi.E,,,,,,https://www.mobie.pt/,0,0,0,0,0,0,0,0,0,0,0,0,2,32,22 kW,400,0,0,0,0,0,0,0,0
CSC-00465,unassigned_point,node/13108502043,no,38.739235,-9.360827,True Kare,yes,24/7,Mobi.E,,,,,,https://www.mobie.pt/,0,0,0,0,0,0,0,0,0,0,0,0,2,32,22 kW,400,0,0,0,0,0,0,0,0
CSC-00466,unassigned_point,node/13253070226,no,38.717106,-9.432309,True Kare,yes,24/7,Mobi.E,,,,,,https://www.mobie.pt/,0,0,0,0,0,0,0,0,0,0,0,0,2,32,22 kW,400,0,0,0,0,0,0,0,0
CSC-00467,unassigned_point,node/13862462291,no,38.7052739,-9.4091108,True Kare,yes,24/7,Mobi.E,,,,,,https://www.mobie.pt/,0,0,0,0,0,0,0,0,0,0,0,0,2,32,22 kW,400,0,0,0,0,0,0,0,0
CSC-00468,unassigned_point,node/13516673887,no,38.711777,-9.4047904,True Kare,yes,24/7,Mobi.E,,,,,,https://www.mobie.pt/,0,0,0,0,0,0,0,0,0,0,0,0,2,32,22 kW,400,0,0,0,0,0,0,0,0
CSC-00469,unassigned_point,node/13253070225,no,38.7169901,-9.4058526,True Kare,yes,24/7,Mobi.E,,,,,,https://www.mobie.pt/,0,0,0,0,0,0,0,0,0,0,0,0,2,32,22 kW,400,0,0,0,0,0,0,0,0
CSC-00470,unassigned_point,node/13253070224,no,38.689896,-9.351037,True Kare,yes,24/7,Mobi.E,,,,,,https://www.mobie.pt/,0,0,0,0,0,0,0,0,0,0,0,0,2,32,22 kW,400,0,0,0,0,0,0,0,0
CSC-00471,unassigned_point,node/13172043552,no,38.711376,-9.416161,True Kare,yes,24/7,Mobi.E,,,,,,https://www.mobie.pt/,0,0,0,0,0,0,0,0,0,0,0,0,2,32,22 kW,400,0,0,0,0,0,0,0,0
CSC-00472,unassigned_point,node/13271851170,no,38.7046745,-9.3563108,True Kare,yes,24/7,Mobi.E,,,,,,https://www.mobie.pt/,0,0,0,0,0,0,0,0,0,0,0,0,2,32,22 kW,400,0,0,0,0,0,0,0,0
CSC-00473,unassigned_point,node/13108502042,no,38.6861,-9.345658,True Kare,yes,24/7,Mobi.E,,,,,,https://www.mobie.pt/,0,0,0,0,0,0,0,0,0,0,0,0,2,32,22 kW,400,0,0,0,0,0,0,0,0
CSC-00474,unassigned_point,node/13253052661,no,38.726612,-9.329297,True Kare,yes,24/7,Mobi.E,,,,,,https://www.mobie.pt/,0,0,0,0,0,0,0,0,0,0,0,0,2,32,22 kW,400,0,0,0,0,0,0,0,0
CSC-00475,unassigned_point,node/13253052660,no,38.705834,-9.382052,True Kare,yes,24/7,Mobi.E,,,,,,https://www.mobie.pt/,0,0,0,0,0,0,0,0,0,0,0,0,2,32,22 kW,400,0,0,0,0,0,0,0,0
CSC-00476,unassigned_point,node/13172044009,no,38.73948,-9.388065,True Kare,yes,24/7,Mobi.E,,,,,,https://www.mobie.pt/,0,0,0,0,0,0,0,0,0,0,0,0,2,32,22 kW,400,0,0,0,0,0,0,0,0
CSC-00477,unassigned_point,node/13338699670,no,38.699177,-9.381966,True Kare,yes,24/7,Mobi.E,,,,,,https://www.mobie.pt/,0,0,0,0,0,0,0,0,0,0,0,0,2,32,22 kW,400,0,0,0,0,0,0,0,0
CSC-00478,unassigned_point,node/13233624384,no,38.705276,-9.353436,True Kare,yes,24/7,Mobi.E,,,,,,https://www.mobie.pt/,0,0,0,0,0,0,0,0,0,0,0,0,2,32,22 kW,400,0,0,0,0,0,0,0,0
CSC-00479,unassigned_point,node/13271851169,no,38.694965,-9.33522,True Kare,yes,24/7,Mobi.E,,,,,,https://www.mobie.pt/,0,0,0,0,0,0,0,0,0,0,0,0,2,32,22 kW,400,0,0,0,0,0,0,0,0
CSC-00480,unassigned_point,node/13154034577,no,38.72043,-9.35067,True Kare,yes,24/7,Mobi.E,,,,,,https://www.mobie.pt/,0,0,0,0,0,0,0,0,0,0,0,0,2,32,22 kW,400,0,0,0,0,0,0,0,0
CSC-00482,unassigned_point,node/13384448708,no,38.706474,-9.373351,True Kare,yes,24/7,Mobi.E,,,,,,https://www.mobie.pt/,0,0,0,0,0,0,0,0,0,0,0,0,2,32,22 kW,400,0,0,0,0,0,0,0,0
CSC-00483,unassigned_point,node/13271851168,no,38.703747,-9.323784,True Kare,yes,24/7,Mobi.E,,,,,,https://www.mobie.pt/,0,0,0,0,0,0,0,0,0,0,0,0,2,32,22 kW,400,0,0,0,0,0,0,0,0
CSC-00484,unassigned_point,node/13619039782,no,38.73792,-9.310894,True Kare,yes,24/7,Mobi.E,,,,,,https://www.mobie.pt/,0,0,0,0,0,0,0,0,0,0,0,0,2,32,22 kW,400,0,0,0,0,0,0,0,0
CSC-00485,unassigned_point,node/13154034576,no,38.733227,-9.451719,True Kare,yes,24/7,Mobi.E,,,,,,https://www.mobie.pt/,0,0,0,0,0,0,0,0,0,0,0,0,2,32,22 kW,400,0,0,0,0,0,0,0,0
CSC-00488,unassigned_point,node/13154034575,no,38.702106,-9.437514,True Kare,yes,24/7,Mobi.E,,,,,,https://www.mobie.pt/,0,0,0,0,0,0,0,0,0,0,0,0,2,32,22 kW,400,0,0,0,0,0,0,0,0
CSC-00489,unassigned_point,node/13997411568,no,38.70197,-9.439399,True Kare,yes,24/7,Mobi.E,,,,,,https://www.mobie.pt/,0,0,0,0,0,0,0,0,0,0,0,0,2,32,22 kW,400,0,0,0,0,0,0,0,0
CSC-00490,unassigned_point,node/13108519073,no,38.72529,-9.330619,True Kare,yes,24/7,Mobi.E,,,,,,https://www.mobie.pt/,0,0,0,0,0,0,0,0,0,0,0,0,2,32,22 kW,400,0,0,0,0,0,0,0,0
CSC-00491,unassigned_point,node/13233616415,no,38.7064022,-9.3957645,True Kare,yes,24/7,Mobi.E,,,,,,https://www.mobie.pt/,0,0,0,0,0,0,0,0,0,0,0,0,2,32,22 kW,400,0,0,0,0,0,0,0,0
CSC-00492,unassigned_point,node/13987985299,no,38.728798,-9.449033,True Kare,yes,24/7,Mobi.E,,,,,,https://www.mobie.pt/,0,0,0,0,0,0,0,0,0,0,0,0,2,32,22 kW,400,0,0,0,0,0,0,0,0
CSC-00494,unassigned_point,node/13172044008,no,38.705788,-9.385872,True Kare,yes,24/7,Mobi.E,,,,,,https://www.mobie.pt/,0,0,0,0,0,0,0,0,0,0,0,0,2,32,22 kW,400,0,0,0,0,0,0,0,0
CSC-00495,unassigned_point,node/13253109696,no,38.706234,-9.424612,True Kare,yes,24/7,Mobi.E,,,,,,https://www.mobie.pt/,0,0,0,0,0,0,0,0,0,0,0,0,2,32,22 kW,400,0,0,0,0,0,0,0,0
CSC-00496,unassigned_point,node/13253109695,no,38.713375,-9.336981,True Kare,yes,24/7,Mobi.E,,,,,,https://www.mobie.pt/,0,0,0,0,0,0,0,0,0,0,0,0,2,32,22 kW,400,0,0,0,0,0,0,0,0
CSC-00497,unassigned_point,node/13398914961,no,38.69514,-9.339368,True Kare,yes,24/7,Mobi.E,,,,,,https://www.mobie.pt/,0,0,0,0,0,0,0,0,0,0,0,0,2,32,22 kW,400,0,0,0,0,0,0,0,0
CSC-00498,unassigned_point,node/13272560755,no,38.69065,-9.4250143,True Kare,yes,24/7,Mobi.E,,,,,,https://www.mobie.pt/,0,0,0,0,0,0,0,0,0,0,0,0,2,32,22 kW,400,0,0,0,0,0,0,0,0
CSC-00499,unassigned_point,node/13272560754,no,38.7044378,-9.4281737,True Kare,yes,24/7,Mobi.E,,,,,,https://www.mobie.pt/,0,0,0,0,0,0,0,0,0,0,0,0,2,32,22 kW,400,0,0,0,0,0,0,0,0
CSC-00500,unassigned_point,node/13924338146,no,38.69554,-9.4296263,True Kare,yes,24/7,Mobi.E,,,,,,https://www.mobie.pt/,0,0,0,0,0,0,0,0,0,0,0,0,2,32,22 kW,400,0,0,0,0,0,0,0,0
CSC-00501,unassigned_point,node/13154034574,no,38.686703,-9.327196,True Kare,yes,24/7,Mobi.E,,,,,,https://www.mobie.pt/,0,0,0,0,0,0,0,0,0,0,0,0,2,32,22 kW,400,0,0,0,0,0,0,0,0
CSC-00503,unassigned_point,node/13902931058,no,38.6963894,-9.3470569,True Kare,yes,24/7,Mobi.E,,,,,,https://www.mobie.pt/,0,0,0,0,0,0,0,0,0,0,0,0,2,32,22 kW,400,0,0,0,0,0,0,0,0
CSC-00504,unassigned_point,node/13233616414,no,38.7009907,-9.3754988,True Kare,yes,24/7,Mobi.E,,,,,,https://www.mobie.pt/,0,0,0,0,0,0,0,0,0,0,0,0,2,32,22 kW,400,0,0,0,0,0,0,0,0
CSC-00505,unassigned_point,node/13419199124,no,38.7236684,-9.3434653,True Kare,yes,24/7,Mobi.E,,,,,,https://www.mobie.pt/,0,0,0,0,0,0,0,0,0,0,0,0,2,32,22 kW,400,0,0,0,0,0,0,0,0
CSC-00506,unassigned_point,node/13172044007,no,38.686,-9.352194,True Kare,yes,24/7,Mobi.E,,,,,,https://www.mobie.pt/,0,0,0,0,0,0,0,0,0,0,0,0,2,32,22 kW,400,0,0,0,0,0,0,0,0
CSC-00507,unassigned_point,node/13108519072,no,38.72964,-9.410428,True Kare,yes,24/7,Mobi.E,,,,,,https://www.mobie.pt/,0,0,0,0,0,0,0,0,0,0,0,0,2,32,22 kW,400,0,0,0,0,0,0,0,0
CSC-00508,unassigned_point,node/13272569285,no,38.701485,-9.375284,True Kare,yes,24/7,Mobi.E,,,,,,https://www.mobie.pt/,0,0,0,0,0,0,0,0,0,0,0,0,2,32,22 kW,400,0,0,0,0,0,0,0,0
CSC-00509,unassigned_point,node/13172083326,no,38.685548,-9.3247237,True Kare,yes,24/7,Mobi.E,,,,,,https://www.mobie.pt/,0,0,0,0,0,0,0,0,0,0,0,0,2,32,22 kW,400,0,0,0,0,0,0,0,0
CSC-00510,unassigned_point,node/13205750159,no,38.7136111,-9.3856112,Powerdot,yes,24/7,Mobi.E,,,,,+351 800 180 292,https://www.mobie.pt/,0,0,0,0,0,0,0,0,0,0,0,0,0,0,0,0,0,0,0,0,2,375,150 kW,1000
CSC-00512,unassigned_point,node/13279587656,no,38.68438,-9.342551,EDP,yes,24/7,Mobi.E,,,,,+351 800 222 222,https://www.mobie.pt/,0,0,0,0,0,0,0,0,0,0,0,0,1,16,11 kW,400,0,0,0,0,0,0,0,0
CSC-00513,unassigned_point,node/13279587655,no,38.6848846,-9.342636,EDP,yes,24/7,Mobi.E,,,,,+351 800 222 222,https://www.mobie.pt/,0,0,0,0,0,0,0,0,0,0,0,0,1,16,11 kW,400,0,0,0,0,0,0,0,0
CSC-00516,unassigned_point,node/8007708624,no,38.7113947,-9.3935667,Galp Power,yes,24/7,Mobi.E,Avenida dos Bombeiros Voluntários,Estoril,,,+351 800 249 249,https://www.mobie.pt,0,0,0,0,0,0,0,0,0,0,0,0,0,0,0,0,0,0,0,0,2,400,90 kW,1000
CSC-00517,unassigned_point,node/13368255681,no,38.714382,-9.389923,Repsol,yes,24/7,Mobi.E,,,,,+351 800 226 624,https://www.mobie.pt/,1,125,50 kW,500,0,0,0,0,0,0,0,0,0,0,0,0,1,63,43 kW,400,1,125,50 kW,500
CSC-00521,unassigned_point,node/11599401140,no,38.6946514,-9.4203488,EDP,yes,24/7,Mobi.E,,,,,+351 800 222 222,https://www.mobie.pt/,0,0,0,0,0,0,0,0,0,0,0,0,2,30,20 kW,400,0,0,0,0,0,0,0,0
CSC-00523,unassigned_point,node/13862462290,no,38.6976313,-9.4373511,True Kare,yes,24/7,Mobi.E,,,,,,https://www.mobie.pt/,0,0,0,0,0,0,0,0,0,0,0,0,2,32,22 kW,400,0,0,0,0,0,0,0,0
CSC-00524,unassigned_point,node/13805790126,no,38.6972,-9.439622,True Kare,yes,24/7,Mobi.E,,,,,,https://www.mobie.pt/,0,0,0,0,0,0,0,0,0,0,0,0,2,32,22 kW,400,0,0,0,0,0,0,0,0
CSC-00526,unassigned_point,node/13807245118,no,38.7267333,-9.3193419,True Kare,yes,24/7,Mobi.E,,,,,,https://www.mobie.pt/,0,0,0,0,0,0,0,0,0,0,0,0,2,32,22 kW,400,0,0,0,0,0,0,0,0
CSC-00527,unassigned_point,node/13807248828,no,38.724612,-9.3219765,True Kare,yes,24/7,Mobi.E,,,,,,https://www.mobie.pt/,0,0,0,0,0,0,0,0,0,0,0,0,2,32,22 kW,400,0,0,0,0,0,0,0,0
CSC-00528,unassigned_point,node/13918358130,no,38.7128765,-9.3507868,True Kare,yes,24/7,Mobi.E,,,,,,https://www.mobie.pt/,0,0,0,0,0,0,0,0,0,0,0,0,2,32,22 kW,400,0,0,0,0,0,0,0,0
CSC-00530,unassigned_point,node/13902931057,no,38.7004855,-9.3407969,True Kare,yes,24/7,Mobi.E,,,,,,https://www.mobie.pt/,0,0,0,0,0,0,0,0,0,0,0,0,2,32,22 kW,400,0,0,0,0,0,0,0,0
CSC-00531,unassigned_point,node/13987985298,no,38.6991871,-9.3382789,True Kare,yes,24/7,Mobi.E,,,,,,https://www.mobie.pt/,0,0,0,0,0,0,0,0,0,0,0,0,2,32,22 kW,400,0,0,0,0,0,0,0,0
CSC-00533,unassigned_point,node/13805790125,no,38.695194,-9.347827,True Kare,yes,24/7,Mobi.E,,,,,,https://www.mobie.pt/,0,0,0,0,0,0,0,0,0,0,0,0,2,32,22 kW,400,0,0,0,0,0,0,0,0
CSC-00534,unassigned_point,node/13863459002,no,38.693747,-9.3436977,True Kare,yes,24/7,Mobi.E,,,,,,https://www.mobie.pt/,0,0,0,0,0,0,0,0,0,0,0,0,2,32,22 kW,400,0,0,0,0,0,0,0,0
CSC-00535,unassigned_point,node/13946015435,no,38.691944,-9.33919,True Kare,yes,24/7,Mobi.E,,,,,,https://www.mobie.pt/,0,0,0,0,0,0,0,0,0,0,0,0,2,32,22 kW,400,0,0,0,0,0,0,0,0
CSC-00537,unassigned_point,node/14108268584,no,38.683895,-9.343163,True Kare,yes,24/7,Mobi.E,,,,,,https://www.mobie.pt/,0,0,0,0,0,0,0,0,0,0,0,0,2,32,22 kW,400,0,0,0,0,0,0,0,0
CSC-00538,unassigned_point,node/14108268583,no,38.709423,-9.38725,True Kare,yes,24/7,Mobi.E,,,,,,https://www.mobie.pt/,0,0,0,0,0,0,0,0,0,0,0,0,2,32,22 kW,400,0,0,0,0,0,0,0,0
CSC-00539,unassigned_point,node/13805790124,no,38.74461,-9.387927,True Kare,yes,24/7,Mobi.E,,,,,,https://www.mobie.pt/,0,0,0,0,0,0,0,0,0,0,0,0,2,32,22 kW,400,0,0,0,0,0,0,0,0
CSC-00540,unassigned_point,node/13805836605,no,38.705654,-9.377948,True Kare,yes,24/7,Mobi.E,,,,,,https://www.mobie.pt/,0,0,0,0,0,0,0,0,0,0,0,0,2,32,22 kW,400,0,0,0,0,0,0,0,0
CSC-00541,unassigned_point,node/14047171176,no,38.7056269,-9.3829934,True Kare,yes,24/7,Mobi.E,,,,,,https://www.mobie.pt/,0,0,0,0,0,0,0,0,0,0,0,0,2,32,22 kW,400,0,0,0,0,0,0,0,0
CSC-00547,unassigned_point,node/13946015434,no,38.7038793,-9.354517,True Kare,yes,24/7,Mobi.E,,,,,,https://www.mobie.pt/,0,0,0,0,0,0,0,0,0,0,0,0,2,32,22 kW,400,0,0,0,0,0,0,0,0
CSC-00548,unassigned_point,node/13805836604,no,38.70736,-9.342459,True Kare,yes,24/7,Mobi.E,,,,,,https://www.mobie.pt/,0,0,0,0,0,0,0,0,0,0,0,0,2,32,22 kW,400,0,0,0,0,0,0,0,0
CSC-00550,unassigned_point,node/13805836603,no,38.711594,-9.413636,True Kare,yes,24/7,Mobi.E,,,,,,https://www.mobie.pt/,0,0,0,0,0,0,0,0,0,0,0,0,2,32,22 kW,400,0,0,0,0,0,0,0,0
CSC-00551,unassigned_point,node/13863478164,no,38.7227135,-9.4087212,True Kare,yes,24/7,Mobi.E,,,,,,https://www.mobie.pt/,0,0,0,0,0,0,0,0,0,0,0,0,2,32,22 kW,400,0,0,0,0,0,0,0,0
CSC-00554,unassigned_point,node/13946015433,no,38.714245,-9.393073,True Kare,yes,24/7,Mobi.E,,,,,,https://www.mobie.pt/,0,0,0,0,0,0,0,0,0,0,0,0,2,32,22 kW,400,0,0,0,0,0,0,0,0
CSC-00556,unassigned_point,node/13918431296,no,38.7070518,-9.378144,True Kare,yes,24/7,Mobi.E,,,,,,https://www.mobie.pt/,0,0,0,0,0,0,0,0,0,0,0,0,2,32,22 kW,400,0,0,0,0,0,0,0,0
CSC-00558,unassigned_point,node/14108304957,no,38.70023,-9.37809,True Kare,yes,24/7,Mobi.E,,,,,,https://www.mobie.pt/,0,0,0,0,0,0,0,0,0,0,0,0,2,32,22 kW,400,0,0,0,0,0,0,0,0
CSC-00559,unassigned_point,node/13987985297,no,38.704643,-9.392036,True Kare,yes,24/7,Mobi.E,,,,,,https://www.mobie.pt/,0,0,0,0,0,0,0,0,0,0,0,0,2,32,22 kW,400,0,0,0,0,0,0,0,0
CSC-00560,unassigned_point,node/13863478163,no,38.6976375,-9.3397629,True Kare,yes,24/7,Mobi.E,,,,,,https://www.mobie.pt/,0,0,0,0,0,0,0,0,0,0,0,0,2,32,22 kW,400,0,0,0,0,0,0,0,0
CSC-00561,unassigned_point,node/13807237028,no,38.7122068,-9.3288484,True Kare,yes,24/7,Mobi.E,,,,,,https://www.mobie.pt/,0,0,0,0,0,0,0,0,0,0,0,0,2,32,22 kW,400,0,0,0,0,0,0,0,0
CSC-00562,unassigned_point,node/13863469317,no,38.6936821,-9.3511006,True Kare,yes,24/7,Mobi.E,,,,,,https://www.mobie.pt/,0,0,0,0,0,0,0,0,0,0,0,0,2,32,22 kW,400,0,0,0,0,0,0,0,0
CSC-00563,unassigned_point,node/14108306622,no,38.73183,-9.37771,True Kare,yes,24/7,Mobi.E,,,,,,https://www.mobie.pt/,0,0,0,0,0,0,0,0,0,0,0,0,2,32,22 kW,400,0,0,0,0,0,0,0,0
CSC-00566,unassigned_point,node/13946015432,no,38.68935,-9.35474,True Kare,yes,24/7,Mobi.E,,,,,,https://www.mobie.pt/,0,0,0,0,0,0,0,0,0,0,0,0,2,32,22 kW,400,0,0,0,0,0,0,0,0
CSC-00568,unassigned_point,node/13875644545,no,38.7114544,-9.3857997,Cepsa,yes,24/7,Mobi.E,,,,,,https://www.mobie.pt,0,0,0,0,0,0,0,0,0,0,0,0,0,0,0,0,0,0,0,0,1,500,150 kW,1000
CSC-00569,unassigned_point,node/10313691224,no,38.7143694,-9.405574,Atlante,yes,08:00-21:30,Mobi.E,,,,,+351 800 296 929;+351 234 246 050,https://www.mobie.pt/,0,0,0,0,0,0,0,0,0,0,0,0,0,0,0,0,0,0,0,0,2,300,55 kW,1000
CSC-00571,unassigned_point,node/8222847552,no,38.7196982,-9.4414406,Galp Power,yes,24/7,Mobi.E,Estrada da Malveira da Serra,,,,+351 800 249 249,https://www.mobie.pt,0,0,0,0,0,0,0,0,0,0,0,0,0,0,0,0,0,0,0,0,2,400,200 kW,1000
CSC-00573,unassigned_point,node/14047187207,no,38.6911236,-9.3503541,True Kare,yes,24/7,Mobi.E,,,,,,https://www.mobie.pt/,0,0,0,0,0,0,0,0,0,0,0,0,2,32,22 kW,400,0,0,0,0,0,0,0,0
CSC-90006,unassigned_point,node/3697279497,no,38.6961459,-9.3740336,EDP,yes,24/7,Mobi.E,,,,,+351 800 222 222,https://www.mobie.pt,0,0,0,0,0,0,0,0,0,0,0,0,2,16,3.7 kW,230,0,0,0,0,0,0,0,0
CSC-90014,unassigned_point,node/8121877439,no,38.7029356,-9.3405247,Galp Power,yes,24/7,Mobi.E,,,,,+351 800 249 249,https://www.mobie.pt,0,0,0,0,0,0,0,0,0,0,0,0,2,16,3.7 kW,230,0,0,0,0,0,0,0,0
CTB-00004,unassigned_point,node/8132583827,no,39.8244799,-7.4884406,Atlante,yes,24/7,Mobi.E,,,,,+351 800 296 929;+351 234 246 050,https://www.mobie.pt,0,0,0,0,0,0,0,0,0,0,0,0,2,16,3.7 kW,230,0,0,0,0,0,0,0,0
CTB-00006,unassigned_point,node/8132583831,no,39.819711,-7.5119501,Powerdot,yes,24/7,Mobi.E,,,,,+351 800 180 292,https://www.mobie.pt,0,0,0,0,0,0,0,0,0,0,0,0,2,16,3.7 kW,230,0,0,0,0,0,0,0,0
CTB-00015,unassigned_point,node/8419257321,no,39.8078499,-7.5311802,Powerdot,yes,Mo-Sa 09:00-20:00,Mobi.E,,,,,+351 800 180 292,https://www.mobie.pt,0,0,0,0,0,0,0,0,0,0,0,0,2,32,22 kW,400,0,0,0,0,0,0,0,0
CTB-00017,unassigned_point,node/9939052842,no,39.8060181,-7.5130726,Repsol,yes,24/7,Mobi.E,,,,,+351 800 226 624,https://www.mobie.pt,1,80,30 kW,500,0,0,0,0,0,0,0,0,0,0,0,0,1,32,22 kW,400,1,80,30 kW,1000
CTB-00018,unassigned_point,node/9919933658,no,39.8059824,-7.5121268,EDP,yes,24/7,Mobi.E,,,,,+351 800 222 222,https://www.mobie.pt,1,125,50 kW,500,0,0,0,0,0,0,0,0,1,32,22 kW,400,0,0,0,0,1,200,90 kW,1000
CTB-00034,unassigned_point,node/11404287204,no,39.8214297,-7.4941708,Atlante,yes,09:00-21:00,Mobi.E,,,,,+351 800 296 929;+351 234 246 050,https://www.mobie.pt/,1,125,50 kW,500,0,0,0,0,0,0,0,0,0,0,0,0,1,32,22 kW,400,1,150,60 kW,500
CTB-00048,unassigned_point,node/12468651774,no,39.8068699,-7.510193,Helexia II,yes,24/7,Mobi.E,,,,,+351 210 181 157,https://www.mobie.pt/,0,0,0,0,0,0,0,0,0,0,0,0,0,0,0,0,0,0,0,0,2,150,50 kW,1000
CTB-00049,unassigned_point,node/12569120708,no,39.91534,-7.4716015,Prio.E,yes,24/7,Mobi.E,,,,,+351 800 100 303,https://www.mobie.pt/,1,125,50 kW,500,0,0,0,0,0,0,0,0,0,0,0,0,0,0,0,0,1,250,120 kW,1000
CTB-00050,unassigned_point,node/13115934530,no,39.8086321,-7.6980984,EZ-Charg3,yes,24/7,Mobi.E,,,,,,https://www.mobie.pt/,0,0,0,0,0,0,0,0,0,0,0,0,1,16,11 kW,400,0,0,0,0,0,0,0,0
CTB-00051,unassigned_point,node/13050842268,no,40.03808,-7.5634356,EZ-Charg3,yes,24/7,Mobi.E,,,,,,https://www.mobie.pt/,0,0,0,0,0,0,0,0,0,0,0,0,1,16,11 kW,400,0,0,0,0,0,0,0,0
CTB-00056,unassigned_point,node/8308996415,no,39.8102456,-7.5128668,Galp Power,yes,24/7,Mobi.E,,Castelo Branco,,,+351 800 249 249,https://www.mobie.pt,1,120,50 kW,500,0,0,0,0,0,0,0,0,0,0,0,0,1,63,43 kW,400,1,125,50 kW,500
CTB-00057,unassigned_point,node/12188496427,no,39.8206482,-7.4862477,Galp Power,yes,24/7,Mobi.E,,,,,+351 800 249 249,https://www.mobie.pt/,1,120,50 kW,500,0,0,0,0,0,0,0,0,0,0,0,0,1,32,22 kW,400,1,125,50 kW,500
CTB-00060,unassigned_point,node/12623343286,no,39.9181001,-7.470514,Galp Power,yes,24/7,Mobi.E,,,,,+351 800 249 249,https://www.mobie.pt/,1,120,50 kW,500,0,0,0,0,0,0,0,0,0,0,0,0,1,32,22 kW,400,1,125,50 kW,500
CTB-00063,unassigned_point,node/13067663087,no,39.9157618,-7.4651417,Helexia II,yes,24/7,Mobi.E,,,,,,https://www.mobie.pt/,0,0,0,0,0,0,0,0,0,0,0,0,0,0,0,0,0,0,0,0,2,150,50 kW,1000
CTB-00073,unassigned_point,node/13787828659,no,39.823833,-7.519222,Moon,yes,24/7,Mobi.E,,,,,,https://www.mobie.pt/,0,0,0,0,0,0,0,0,0,0,0,0,0,0,0,0,0,0,0,0,2,400,150 kW,1000
CTB-00079,unassigned_point,node/13984033312,no,39.915489,-7.459272,Galp Power,yes,24/7,Mobi.E,,,,,+351 800 249 249,https://www.galp.com/,0,0,0,0,0,0,0,0,0,0,0,0,2,16,3.7 kW,240,0,0,0,0,0,0,0,0
CTB-00080,unassigned_point,node/14002695790,no,39.8070915,-7.5132267,EDP,yes,24/7,Mobi.E,,,,,+351 800 222 222,https://www.edp.pt/,1,125,60 kW,1000,0,0,0,0,0,0,0,0,0,0,0,0,0,0,0,0,1,300,120 kW,1000
CTB-00081,unassigned_point,node/13978906668,no,39.8023494,-7.5358201,Charging Together,yes,24/7,Mobi.E,,,,,+351 800 917 576,https://iberdrola-bppulse.es/,0,0,0,0,0,0,0,0,0,0,0,0,0,0,0,0,0,0,0,0,2,600,200 kW,1000
CTB-80003,unassigned_point,node/8132583828,no,39.8198763,-7.4876178,Atlante,yes,24/7,Mobi.E,,,,,+351 800 296 929;+351 234 246 050,https://www.mobie.pt,0,0,0,0,0,0,0,0,0,0,0,0,2,16,3.7 kW,230,0,0,0,0,0,0,0,0
CTB-90001,unassigned_point,node/8116478217,no,39.8231073,-7.4921774,Galp Power,yes,24/7,Mobi.E,,,,,+351 800 249 249,https://www.mobie.pt,0,0,0,0,0,0,0,0,0,0,0,0,2,16,11 kW,400,0,0,0,0,0,0,0,0
CTB-90002,unassigned_point,node/8132583829,no,39.8191547,-7.4958166,Galp Power,yes,24/7,Mobi.E,,,,,+351 800 249 249,https://www.mobie.pt,0,0,0,0,0,0,0,0,0,0,0,0,2,16,3.7 kW,230,0,0,0,0,0,0,0,0
CTB-90005,unassigned_point,node/8132583830,no,39.8221439,-7.5008914,Galp Power,yes,24/7,Mobi.E,,,,,+351 800 249 249,https://www.mobie.pt,0,0,0,0,0,0,0,0,0,0,0,0,2,16,3.7 kW,230,0,0,0,0,0,0,0,0
CTM-00002,unassigned_point,node/8270309091,no,37.1806337,-7.501916,Powerdot,yes,24/7,Mobi.E,,,,,+351 800 180 292,https://www.mobie.pt,0,0,0,0,0,0,0,0,0,0,0,0,2,32,22 kW,400,0,0,0,0,0,0,0,0
CTM-00004,unassigned_point,node/11976502847,no,37.1812211,-7.5051263,Prio.E,yes,24/7,Mobi.E,,,,,+351 800 100 303,https://www.mobie.pt/,0,0,0,0,0,0,0,0,0,0,0,0,0,0,0,0,0,0,0,0,2,200,120 kW,1000
CTM-00013,unassigned_point,node/12302766860,no,37.1803391,-7.4984661,Atlante,yes,24/7,Mobi.E,,,,,+351 800 296 929;+351 234 246 050,https://www.mobie.pt,0,0,0,0,0,0,0,0,0,0,0,0,0,0,0,0,0,0,0,0,2,250,70 kW,1000
CTM-90001,unassigned_point,node/7132119407,no,37.2179062,-7.4447724,Powerdot,yes,24/7,Mobi.E,,,,,+351 800 180 292,https://www.mobie.pt,0,0,0,0,0,0,0,0,0,0,0,0,2,32,22 kW,400,0,0,0,0,0,0,0,0
CTX-00001,unassigned_point,node/8280689606,no,39.1594409,-8.7882766,Atlante,yes,24/7,Mobi.E,,,,,+351 800 296 929;+351 234 246 050,https://www.mobie.pt,0,0,0,0,0,0,0,0,0,0,0,0,2,32,22 kW,400,0,0,0,0,0,0,0,0
CTX-00004,unassigned_point,node/11386467221,no,39.1691029,-8.7771697,Atlante,yes,24/7,Mobi.E,,,,,+351 800 296 929;+351 234 246 050,https://www.mobie.pt/,0,0,0,0,0,0,0,0,0,0,0,0,0,0,0,0,1,32,22 kW,400,1,125,50 kW,500
CTX-00008,unassigned_point,node/13172071696,no,39.1660837,-8.7806819,EDP,yes,24/7,Mobi.E,,,,,+351 800 222 222,https://www.mobie.pt/,0,0,0,0,0,0,0,0,0,0,0,0,1,32,22 kW,400,0,0,0,0,2,300,120 kW,1000
CTX-00009,unassigned_point,node/9456735231,no,39.1700802,-8.776951,Prio.E,yes,24/7,Mobi.E,,,,,+351 800 100 303,https://www.mobie.pt/,0,0,0,0,0,0,0,0,0,0,0,0,0,0,0,0,0,0,0,0,2,250,90 kW,1000
CVD-00001,unassigned_point,node/8283803716,no,39.410802,-7.4489189,Atlante,yes,24/7,Mobi.E,,,,,+351 800 296 929;+351 234 246 050,https://www.mobie.pt,0,0,0,0,0,0,0,0,0,0,0,0,2,32,22 kW,400,0,0,0,0,0,0,0,0
CVD-00003,unassigned_point,node/10589884562,no,39.4159169,-7.4559182,EV Power,yes,24/7,Mobi.E,,,,,+351 800 254 565,https://www.mobie.pt,0,0,0,0,0,0,0,0,0,0,0,0,2,32,22 kW,400,0,0,0,0,0,0,0,0
CVD-00006,unassigned_point,node/10982810124,no,39.405394,-7.4444763,Atlante,yes,24/7,Mobi.E,,,,,+351 800 296 929;+351 234 246 050,https://www.mobie.pt/,0,0,0,0,0,0,0,0,0,0,0,0,0,0,0,0,0,0,0,0,2,300,55 kW,1000
CVL-00007,unassigned_point,node/9847958423,no,40.2704097,-7.494213,Galp Power,yes,24/7,Mobi.E,,Covilhã,,,+351 800 249 249,https://www.mobie.pt/,0,0,0,0,0,0,0,0,0,0,0,0,0,0,0,0,0,0,0,0,2,200,90 kW,1000
CVL-00010,unassigned_point,node/10237649032,no,40.264746,-7.4912176,Galp Geste,yes,24/7,Mobi.E,,,,,+351 800 249 249,https://www.mobie.pt/,0,0,0,0,0,0,0,0,0,0,0,0,0,0,0,0,0,0,0,0,2,200,120 kW,1000
CVL-00012,unassigned_point,node/10691892686,no,40.2196285,-7.5255927,Powerdot,yes,24/7,Mobi.E,,,,,+351 800 180 292,https://www.mobie.pt/,0,0,0,0,0,0,0,0,0,0,0,0,2,20,4.6 kW,230,0,0,0,0,0,0,0,0
CVL-00013,unassigned_point,node/11415569058,no,40.2646765,-7.4904757,EDP,yes,24/7,Mobi.E,,,,,+351 800 222 222,https://www.mobie.pt/,1,125,50 kW,500,0,0,0,0,0,0,0,0,0,0,0,0,0,0,0,0,1,200,120 kW,1000
CVL-00018,unassigned_point,node/11962514258,no,40.2948043,-7.4811566,Prio.E,yes,24/7,Mobi.E,,,,,+351 800 100 303,https://www.mobie.pt/,0,0,0,0,0,0,0,0,0,0,0,0,0,0,0,0,0,0,0,0,2,250,180 kW,1000
CVL-00020,unassigned_point,node/11958592403,no,40.3644484,-7.4262234,DTE,yes,24/7,Mobi.E,,,,,,https://www.mobie.pt,1,125,50 kW,500,0,0,0,0,0,0,0,0,0,0,0,0,1,32,22 kW,400,1,200,150 kW,1000
CVL-00021,unassigned_point,node/11947706724,no,40.3400164,-7.4069537,DTE,yes,24/7,Mobi.E,,,,,,https://www.mobie.pt,1,125,50 kW,500,0,0,0,0,0,0,0,0,0,0,0,0,1,32,22 kW,400,1,150,60 kW,1000
CVL-00022,unassigned_point,node/11947706723,no,40.296251,-7.4783204,DTE,yes,24/7,Mobi.E,,,,,,https://www.mobie.pt,1,125,50 kW,500,0,0,0,0,0,0,0,0,0,0,0,0,0,0,0,0,1,200,150 kW,1000
CVL-00023,unassigned_point,node/12131556870,no,40.2355668,-7.443418,DTE,yes,24/7,Mobi.E,,,,,,https://www.mobie.pt/,1,125,50 kW,500,0,0,0,0,0,0,0,0,0,0,0,0,1,32,22 kW,400,1,150,60 kW,1000
CVL-00024,unassigned_point,node/11947706722,no,40.2842859,-7.5053803,DTE,yes,24/7,Mobi.E,,,,,,https://www.mobie.pt,1,125,50 kW,500,0,0,0,0,0,0,0,0,0,0,0,0,0,0,0,0,1,200,150 kW,1000
CVL-00025,unassigned_point,node/11958592402,no,40.2769914,-7.5012676,DTE,yes,24/7,Mobi.E,,,,,,https://www.mobie.pt,0,0,0,0,0,0,0,0,0,0,0,0,0,0,0,0,0,0,0,0,2,200,150 kW,1000
CVL-00026,unassigned_point,node/11958592401,no,40.2774372,-7.4970113,DTE,yes,24/7,Mobi.E,,,,,,https://www.mobie.pt,0,0,0,0,0,0,0,0,0,0,0,0,0,0,0,0,0,0,0,0,2,200,150 kW,1000
CVL-00027,unassigned_point,node/12319034890,no,40.2706926,-7.5035447,DTE,yes,24/7,Mobi.E,,,,,,https://www.mobie.pt/,1,125,50 kW,500,0,0,0,0,0,0,0,0,0,0,0,0,0,0,0,0,1,200,150 kW,1000
CVL-00028,unassigned_point,node/11958592399,no,40.2704958,-7.5068081,DTE,yes,24/7,Mobi.E,,,,,,https://www.mobie.pt,0,0,0,0,0,0,0,0,0,0,0,0,0,0,0,0,0,0,0,0,2,200,150 kW,1000
CVL-00029,unassigned_point,node/11947706721,no,40.2649719,-7.4921975,DTE,yes,24/7,Mobi.E,,,,,,https://www.mobie.pt,0,0,0,0,0,0,0,0,0,0,0,0,0,0,0,0,0,0,0,0,2,200,150 kW,1000
CVL-00030,unassigned_point,node/12319386395,no,40.2721168,-7.4986344,DTE,yes,24/7,Mobi.E,,,,,,https://www.mobie.pt/,0,0,0,0,0,0,0,0,0,0,0,0,0,0,0,0,0,0,0,0,2,200,150 kW,1000
CVL-00031,unassigned_point,node/12131556869,no,40.2709207,-7.4926054,DTE,yes,24/7,Mobi.E,,,,,,https://www.mobie.pt/,1,125,50 kW,500,0,0,0,0,0,0,0,0,0,0,0,0,0,0,0,0,1,200,150 kW,1000
CVL-00032,unassigned_point,node/11961650877,no,40.239977,-7.522066,DTE,yes,24/7,Mobi.E,,,,,,https://www.mobie.pt/,1,125,50 kW,500,0,0,0,0,0,0,0,0,0,0,0,0,0,0,0,0,1,200,150 kW,1000
CVL-00033,unassigned_point,node/12131556868,no,40.2537088,-7.4932009,DTE,yes,24/7,Mobi.E,,,,,,https://www.mobie.pt/,1,125,50 kW,500,0,0,0,0,0,0,0,0,0,0,0,0,0,0,0,0,1,200,150 kW,1000
CVL-00034,unassigned_point,node/12833773447,no,40.27536,-7.499222,DTE,yes,24/7,Mobi.E,,,,,,https://www.mobie.pt/,1,125,50 kW,500,0,0,0,0,0,0,0,0,0,0,0,0,0,0,0,0,1,200,150 kW,1000
CVL-00035,unassigned_point,node/12884617056,no,40.3769333,-7.3768003,DTE,yes,24/7,Mobi.E,,,,,,https://www.mobie.pt/,1,125,50 kW,500,0,0,0,0,0,0,0,0,1,32,22 kW,400,0,0,0,0,1,125,60 kW,1000
CVL-00036,unassigned_point,node/12844808702,no,40.3669554,-7.3981273,DTE,yes,24/7,Mobi.E,,,,,,https://www.mobie.pt/,1,125,50 kW,500,0,0,0,0,0,0,0,0,0,0,0,0,1,32,22 kW,400,1,125,60 kW,1000
CVL-00037,unassigned_point,node/12844818139,no,40.3739141,-7.4680463,DTE,yes,24/7,Mobi.E,,,,,,https://www.mobie.pt/,1,125,50 kW,500,0,0,0,0,0,0,0,0,0,0,0,0,1,32,22 kW,400,1,125,60 kW,1000
CVL-00038,unassigned_point,node/13017888243,no,40.3145075,-7.4612446,DTE,yes,24/7,Mobi.E,,,,,,https://www.mobie.pt/,1,120,50 kW,500,0,0,0,0,0,0,0,0,0,0,0,0,0,0,0,0,1,200,150 kW,1000
CVL-00039,unassigned_point,node/13201059930,no,40.309265,-7.493213,DTE,yes,24/7,Mobi.E,,,,,+351 912 872 459,https://www.mobie.pt/,1,125,50 kW,500,0,0,0,0,0,0,0,0,0,0,0,0,0,0,0,0,1,200,150 kW,1000
CVL-00041,unassigned_point,node/13663628977,no,40.2676653,-7.4808526,DTE,yes,24/7,Mobi.E,,,,,+351 912 872 459,https://www.mobie.pt/,1,125,50 kW,500,0,0,0,0,0,0,0,0,0,0,0,0,0,0,0,0,1,200,150 kW,1000
CVL-00042,unassigned_point,node/12833721054,no,40.2105288,-7.5255621,DTE,yes,24/7,Mobi.E,,,,,,https://www.mobie.pt/,1,125,50 kW,500,0,0,0,0,0,0,0,0,0,0,0,0,1,32,22 kW,400,1,125,60 kW,1000
CVL-00043,unassigned_point,node/12892743237,no,40.191483,-7.588498,DTE,yes,24/7,Mobi.E,,,,,,https://www.mobie.pt,1,125,50 kW,500,0,0,0,0,0,0,0,0,1,32,22 kW,400,0,0,0,0,1,125,60 kW,1000
CVL-00044,unassigned_point,node/12844930366,no,40.1734335,-7.6083899,DTE,yes,24/7,Mobi.E,,,,,,https://www.mobie.pt/,1,125,50 kW,500,0,0,0,0,0,0,0,0,0,0,0,0,1,32,22 kW,400,1,125,60 kW,1000
CVL-00045,unassigned_point,node/12844962599,no,40.176537,-7.69707,DTE,yes,24/7,Mobi.E,,,,,,https://www.mobie.pt/,1,125,50 kW,500,0,0,0,0,0,0,0,0,0,0,0,0,1,32,22 kW,400,1,125,60 kW,1000
CVL-00046,unassigned_point,node/12845010737,no,40.167095,-7.783393,DTE,yes,24/7,Mobi.E,,,,,,https://www.mobie.pt/,1,125,50 kW,500,0,0,0,0,0,0,0,0,0,0,0,0,1,32,22 kW,400,1,125,60 kW,1000
CVL-00047,unassigned_point,node/12168053773,no,40.1417955,-7.7364484,DTE,yes,24/7,Mobi.E,,,,,,https://www.mobie.pt/,1,125,50 kW,500,0,0,0,0,0,0,0,0,0,0,0,0,1,32,22 kW,400,1,125,60 kW,1000
CVL-00048,unassigned_point,node/9848120752,no,40.2685929,-7.5051598,Galp Power,yes,24/7,Mobi.E,,,,,+351 800 249 249,https://www.mobie.pt/,1,120,50 kW,500,0,0,0,0,0,0,0,0,0,0,0,0,1,32,22 kW,400,1,125,50 kW,500
CVL-00055,unassigned_point,node/13474558056,no,40.200582,-7.5430459,DTE,yes,24/7,Mobi.E,,,,,+351 912 872 459,https://www.mobie.pt/,1,125,50 kW,500,0,0,0,0,0,0,0,0,0,0,0,0,1,32,22 kW,400,1,125,60 kW,1000
CVL-00056,unassigned_point,node/13663628976,no,40.21042,-7.739306,DTE,yes,24/7,Mobi.E,,,,,+351 912 872 459,https://www.mobie.pt/,1,125,50 kW,500,0,0,0,0,0,0,0,0,0,0,0,0,1,32,22 kW,400,1,125,60 kW,1000
CVL-00058,unassigned_point,node/8309445422,no,40.2791774,-7.5041356,Galp Power,yes,24/7,Mobi.E,,,,,+351 800 249 249,https://www.mobie.pt,0,0,0,0,0,0,0,0,0,0,0,0,2,32,22 kW,400,0,0,0,0,0,0,0,0
CVR-00001,unassigned_point,node/8085655559,no,37.7020053,-8.0849049,Powerdot,yes,24/7,Mobi.E,,,,,+351 800 180 292,https://www.mobie.pt,0,0,0,0,0,0,0,0,0,0,0,0,2,32,22 kW,400,0,0,0,0,0,0,0,0
CVR-00002,unassigned_point,node/7736361143,no,37.6943269,-8.0900346,Galp Power,yes,24/7,Mobi.E,Rua Nova da Feira,Castro Verde,,,+351 800 249 249,https://www.mobie.pt,1,120,50 kW,500,0,0,0,0,0,0,0,0,0,0,0,0,1,63,43 kW,400,1,125,50 kW,500
CVR-00003,unassigned_point,node/8270455523,no,37.7062082,-8.085039,Galp Power,yes,24/7,Mobi.E,,,,,+351 800 249 249,https://www.mobie.pt,0,0,0,0,0,0,0,0,0,0,0,0,2,32,22 kW,400,0,0,0,0,0,0,0,0
Continente Bom Dia Alcains,unassigned_point,node/13273093373,no,39.9142856,-7.472144,Continente,yes,24/7,Continente Plug&Charge,Estrada Nacional 18,Alcains,6000-118,,+351 210 19 19 19,https://plugcharge.continente.pt/,0,0,0,0,0,0,0,0,0,0,0,0,2,32,22 kW,400,0,0,0,0,0,0,0,0
Continente Bom Dia Alcochete,unassigned_point,node/7773707630,no,38.7509598,-8.9617398,Continente,yes,09:00-21:00,Continente Plug&Charge,Avenida da Revolução,Alcochete,2890-013,,+351 210 19 19 19,https://plugcharge.continente.pt/,0,0,0,0,0,0,0,0,0,0,0,0,2,32,22 kW,400,0,0,0,0,0,0,0,0
Continente Bom Dia Cabeça Santa,unassigned_point,node/8792838810,no,41.1315558,-8.2944487,Continente,yes,24/7,Continente Plug&Charge,Avenida de Cabeça Santa,Penafiel,4575-126,,+351 210 19 19 19,https://plugcharge.continente.pt/,0,0,0,0,0,0,0,0,0,0,0,0,2,32,22 kW,400,0,0,0,0,0,0,0,0
Continente Bom Dia Carnaxide,unassigned_point,node/8308921089,no,38.7229788,-9.2350679,Continente,yes,09:00-21:00,Continente Plug&Charge,Avenida do Forte,Carnaxide,2790-073,,+351 210 19 19 19,https://plugcharge.continente.pt/,0,0,0,0,0,0,0,0,0,0,0,0,2,32,22 kW,400,0,0,0,0,0,0,0,0
Continente Bom Dia Colares,unassigned_point,node/12716219482,no,38.8083606,-9.4521271,Continente,yes,24/7,Continente Plug&Charge,Avenida do Atlântico,Colares,2705-137,,+351 210 19 19 19,https://plugcharge.continente.pt/,0,0,0,0,0,0,0,0,0,0,0,0,0,0,0,0,0,0,0,0,2,240,120 kW,1000
Continente Bom Dia Condeixa-a-Nova,unassigned_point,node/10075757632,no,40.1103286,-8.5043755,Continente,yes,24/7,Continente Plug&Charge,Rua da Faia,Condeixa-a-Nova,3150-100,,+351 210 19 19 19,https://plugcharge.continente.pt/,0,0,0,0,0,0,0,0,0,0,0,0,2,32,22 kW,400,0,0,0,0,0,0,0,0
Continente Bom Dia Coruche,unassigned_point,node/11333829770,no,38.9603619,-8.5296553,Continente,yes,24/7,Continente Plug&Charge,Rua Capitão Salgueiro Maia,Coruche,2100-042,,+351 210 19 19 19,https://plugcharge.continente.pt/,0,0,0,0,0,0,0,0,0,0,0,0,2,32,22 kW,400,0,0,0,0,0,0,0,0
Continente Bom Dia Delães,unassigned_point,node/13273149836,no,41.3831473,-8.4140664,Continente,yes,24/7,Continente Plug&Charge,Avenida Albino Marques,Vila Nova de Famalicão,4765-096,,+351 210 19 19 19,https://plugcharge.continente.pt/,0,0,0,0,0,0,0,0,0,0,0,0,2,32,22 kW,400,0,0,0,0,0,0,0,0
Continente Bom Dia Fajões,unassigned_point,node/12530348022,no,40.909219,-8.431978,Continente,yes,24/7,Continente Plug&Charge,Rua Villa Cesari,Oliveira de Azeméis,3700-615,,+351 210 19 19 19,https://plugcharge.continente.pt/,0,0,0,0,0,0,0,0,0,0,0,0,2,32,22 kW,400,0,0,0,0,0,0,0,0
Continente Bom Dia Ferreira do Alentejo,unassigned_point,node/12117725140,no,38.0616205,-8.1194545,Continente,yes,24/7,Continente Plug&Charge,Rua Primeiro de Maio,Ferreira do Alentejo,7900-573,,+351 210 19 19 19,https://plugcharge.continente.pt/,0,0,0,0,0,0,0,0,0,0,0,0,2,32,22 kW,400,0,0,0,0,0,0,0,0
Continente Bom Dia Francelos,unassigned_point,node/10914108727,no,41.0826262,-8.6350909,Continente,yes,09:00-21:00,Continente Plug&Charge,Avenida de Francelos,Vila Nova de Gaia,4405-647,,+351 210 19 19 19,https://plugcharge.continente.pt/,0,0,0,0,0,0,0,0,0,0,0,0,2,32,22 kW,400,0,0,0,0,0,0,0,0
Continente Bom Dia Gandra,unassigned_point,node/10282210173,no,41.1827338,-8.4430348,Continente,yes,09:00-21:00,Continente Plug&Charge,Rua Central da Gandra,Gandra,4585-248,,+351 210 19 19 19,https://plugcharge.continente.pt/,0,0,0,0,0,0,0,0,0,0,0,0,2,32,22 kW,400,0,0,0,0,0,0,0,0
Continente Bom Dia Marrazes,unassigned_point,node/10155745817,no,39.7546675,-8.8031515,Continente,yes,09:00-21:00,Continente Plug&Charge,Rua Álvaro Pires Miranda,Leiria,2415-369,,+351 210 19 19 19,https://plugcharge.continente.pt/,0,0,0,0,0,0,0,0,0,0,0,0,2,32,22 kW,400,0,0,0,0,0,0,0,0
Continente Bom Dia Mira,unassigned_point,node/11795142906,no,40.4323731,-8.731166,Continente,yes,24/7,Continente Plug&Charge,Rua Doutor António José de Almeida,Mira,3070-399,,+351 210 19 19 19,https://plugcharge.continente.pt/,0,0,0,0,0,0,0,0,0,0,0,0,2,32,22 kW,400,0,0,0,0,0,0,0,0
Continente Bom Dia Oliveira de Frades,unassigned_point,node/12996551390,no,40.7189402,-8.1787484,Continente,yes,24/7,Continente Plug&Charge,Avenida da Universidade de Coimbra,Oliveira de Frades,3680-112,,+351 210 19 19 19,https://plugcharge.continente.pt/,0,0,0,0,0,0,0,0,0,0,0,0,0,0,0,0,2,32,22 kW,400,0,0,0,0
Continente Bom Dia Pevidém,unassigned_point,node/11795142909,no,41.4221585,-8.3541475,Continente,yes,24/7,Continente Plug&Charge,Avenida Sociedade Musical de Pevidém,Guimarães,4835-297,,+351 210 19 19 19,https://plugcharge.continente.pt/,0,0,0,0,0,0,0,0,0,0,0,0,2,32,22 kW,400,0,0,0,0,0,0,0,0
Continente Bom Dia Proença-a-Nova,unassigned_point,node/13273096135,no,39.7499982,-7.9186387,Continente,yes,24/7,Continente Plug&Charge,Rua Manuel Martins de Évora,Proença-a-Nova,6150-544,,+351 210 19 19 19,https://plugcharge.continente.pt/,0,0,0,0,0,0,0,0,0,0,0,0,2,32,22 kW,400,0,0,0,0,0,0,0,0
Continente Bom Dia Rua da Palma,unassigned_point,node/9919933663,no,38.7195532,-9.1358561,Continente,yes,09:00-21:00,Continente Plug&Charge,Rua da Palma,Lisboa,1100-089,,+351 210 19 19 19,https://plugcharge.continente.pt/,0,0,0,0,0,0,0,0,0,0,0,0,2,32,22 kW,400,0,0,0,0,0,0,0,0
Continente Bom Dia Serpa Pinto,unassigned_point,node/10202043193,no,41.1631688,-8.6209444,Continente,yes,09:00-21:00,Continente Plug&Charge,Rua de Serpa Pinto,Porto,4050-586,,+351 210 19 19 19,https://plugcharge.continente.pt/,0,0,0,0,0,0,0,0,0,0,0,0,2,32,22 kW,400,0,0,0,0,0,0,0,0
Continente Bom Dia Sertã,unassigned_point,node/10923949359,no,39.799013,-8.0925438,Continente,yes,09:00-21:00,Continente Plug&Charge,Praceta Pinhal,Sertã,6100-751,,+351 210 19 19 19,https://plugcharge.continente.pt/,0,0,0,0,0,0,0,0,0,0,0,0,2,32,22 kW,400,0,0,0,0,0,0,0,0
Continente Bom Dia Sobreda,unassigned_point,node/8279666926,no,38.6451475,-9.1727825,Continente,yes,08:00-22:00,Continente Plug&Charge,Rua Branca Colaço,Sobreda,2815-892,,+351 210 19 19 19,https://plugcharge.continente.pt/,0,0,0,0,0,0,0,0,0,0,0,0,2,32,22 kW,400,0,0,0,0,0,0,0,0
Continente Bom Dia São Brás de Alportel,unassigned_point,node/8779356630,no,37.157887,-7.89006,Continente,yes,24/7,Continente Plug&Charge,Avenida da Liberdade,São Brás de Alportel,8150-101,,+351 210 19 19 19,https://plugcharge.continente.pt/,0,0,0,0,0,0,0,0,0,0,0,0,2,32,22 kW,400,0,0,0,0,0,0,0,0
Continente Bom Dia São Pedro da Cova,unassigned_point,node/12534115314,no,41.163969,-8.5080594,Continente,yes,24/7,Continente Plug&Charge,Rua Poço de Fátima,São Pedro da Cova,4510-208,,+351 210 19 19 19,https://plugcharge.continente.pt/,0,0,0,0,0,0,0,0,0,0,0,0,2,32,22 kW,400,0,0,0,0,0,0,0,0
Continente Bom Dia Vila Pouca de Aguiar,unassigned_point,node/11795142908,no,41.5039379,-7.6416592,Continente,yes,24/7,Continente Plug&Charge,Avenida Miguel Torga,Vila Pouca de Aguiar,5450-034,,+351 210 19 19 19,https://plugcharge.continente.pt/,0,0,0,0,0,0,0,0,0,0,0,0,2,32,22 kW,400,0,0,0,0,0,0,0,0
Continente Bom Dia Vila Verde,unassigned_point,node/8567853719,no,41.6553028,-8.4310439,Continente,yes,09:00-21:00,Continente Plug&Charge,Avenida Doutor António Ribeiro Guimarães,Vila Verde,4730-729,PT,+351 210 19 19 19,https://plugcharge.continente.pt/,0,0,0,0,0,0,0,0,0,0,0,0,2,32,22 kW,400,0,0,0,0,0,0,0,0
Continente Modelo Cantanhede,unassigned_point,node/11256066228,no,40.3482613,-8.5811591,Continente,yes,24/7,Continente Plug&Charge,Rua Chão do Conde,Cantanhede,3060-127,,+351 210 19 19 19,https://plugcharge.continente.pt/,0,0,0,0,0,0,0,0,0,0,0,0,2,32,22 kW,400,0,0,0,0,0,0,0,0
Continente Modelo Fundão,unassigned_point,node/10853407448,no,40.155168,-7.4962873,Continente,yes,24/7,Continente Plug&Charge,Rua Cidade da Covilhã,Fundão,6230-298,,+351 210 19 19 19,https://plugcharge.continente.pt/,0,0,0,0,0,0,0,0,0,0,0,0,2,32,22 kW,400,0,0,0,0,0,0,0,0
Continente Modelo Lousã,unassigned_point,node/10297249044,no,40.1171104,-8.2384484,Continente,yes,24/7,Continente Plug&Charge,Avenida Doutor José Maria Cardoso,Lousã,3200-202,,+351 210 19 19 19,https://plugcharge.continente.pt/,0,0,0,0,0,0,0,0,0,0,0,0,2,32,22 kW,400,0,0,0,0,0,0,0,0
Continente Modelo Monção,unassigned_point,node/11002182246,no,42.0730025,-8.4962374,Continente,yes,24/7,Continente Plug&Charge,Avenida da Boavista,Monção,4950-855,,+351 210 19 19 19,https://plugcharge.continente.pt/,0,0,0,0,0,0,0,0,0,0,0,0,2,32,22 kW,400,0,0,0,0,0,0,0,0
Continente Modelo Peniche,unassigned_point,node/11256066229,no,39.3679116,-9.3840925,Continente,yes,09:00-21:00,Continente Plug&Charge,Rua General Humberto Delgado,Peniche,2520-446,,+351 210 19 19 19,https://plugcharge.continente.pt/,0,0,0,0,0,0,0,0,0,0,0,0,2,32,22 kW,400,0,0,0,0,0,0,0,0
ELV-00005,unassigned_point,node/10792431597,no,38.8830839,-7.0506204,Repsol,yes,24/7,Mobi.E,,,,,+351 800 226 624,https://www.mobie.pt/,1,125,50 kW,500,0,0,0,0,0,0,0,0,0,0,0,0,1,63,43 kW,400,1,150,60 kW,1000
ELV-00006,unassigned_point,node/10792431596,no,38.8835439,-7.049363,Repsol,yes,24/7,Mobi.E,,,,,+351 800 226 624,https://www.mobie.pt/,1,125,50 kW,500,0,0,0,0,0,0,0,0,0,0,0,0,1,63,43 kW,400,1,150,60 kW,1000
ELV-00008,unassigned_point,node/10846655908,no,38.8775221,-7.1716902,mobel,yes,24/7,Mobi.E,,,,,,https://www.mobie.pt/,0,0,0,0,0,0,0,0,0,0,0,0,2,32,22 kW,400,0,0,0,0,0,0,0,0
ELV-00016,unassigned_point,node/12473410336,no,38.87606,-7.1544653,EDP,yes,24/7,Mobi.E,,,,,+351 800 222 222,https://www.mobie.pt,0,0,0,0,0,0,0,0,0,0,0,0,1,32,22 kW,400,0,0,0,0,2,200,120 kW,1000
ELV-00018,unassigned_point,node/8232520453,no,38.8753643,-7.1589828,Galp Power,yes,24/7,Mobi.E,,Elvas,,,+351 800 249 249,https://www.mobie.pt,1,120,50 kW,500,0,0,0,0,0,0,0,0,0,0,0,0,1,63,43 kW,400,1,125,50 kW,500
ELV-00022,unassigned_point,node/11017553884,no,38.8773178,-7.1708591,EV Power,yes,24/7,Mobi.E,,,,,+351 800 254 565,https://www.mobie.pt/,1,120,50 kW,500,0,0,0,0,0,0,0,0,0,0,0,0,1,32,22 kW,400,1,125,60 kW,500
ELV-80001,unassigned_point,node/7765233425,no,38.8773128,-7.1634937,Atlante,yes,24/7,Mobi.E,,,,,+351 800 296 929;+351 234 246 050,https://www.mobie.pt,0,0,0,0,0,0,0,0,0,0,0,0,2,32,22 kW,400,0,0,0,0,0,0,0,0
ENT-00001,unassigned_point,node/8109599763,no,39.4654692,-8.4673558,Powerdot,yes,24/7,Mobi.E,,,,,+351 800 180 292,https://www.mobie.pt,0,0,0,0,0,0,0,0,0,0,0,0,2,32,22 kW,400,0,0,0,0,0,0,0,0
ENT-00005,unassigned_point,node/9627393285,no,39.4739879,-8.4739651,EDP,yes,24/7,Mobi.E,,,,,+351 800 222 222,https://www.mobie.pt/,1,125,50 kW,500,0,0,0,0,0,0,0,0,0,0,0,0,1,32,22 kW,400,1,200,90 kW,1000
ENT-00007,unassigned_point,node/11074706737,no,39.4611424,-8.4705088,Plug,yes,24/7,Mobi.E,,,,,,https://www.mobie.pt/,0,0,0,0,0,0,0,0,0,0,0,0,2,32,22 kW,400,0,0,0,0,0,0,0,0
ENT-00008,unassigned_point,node/10773673704,no,39.4745899,-8.4681086,Atlante,yes,24/7,Mobi.E,,,,,+351 800 296 929;+351 234 246 050,https://www.mobie.pt/,1,120,50 kW,500,0,0,0,0,0,0,0,0,0,0,0,0,1,32,22 kW,400,1,125,50 kW,500
ENT-00010,unassigned_point,node/8040874900,no,39.4606413,-8.4933751,Charging Together,yes,24/7,Mobi.E,,Entroncamento,,,+351 800 917 576,https://www.mobie.pt,0,0,0,0,0,0,0,0,0,0,0,0,0,0,0,0,0,0,0,0,2,150,50 kW,1000
ENT-00011,unassigned_point,node/12075901729,no,39.4732219,-8.4770885,Galp Power,yes,24/7,Mobi.E,,,,,+351 800 249 249,https://www.mobie.pt/,1,120,50 kW,500,0,0,0,0,0,0,0,0,0,0,0,0,1,32,22 kW,400,1,125,50 kW,500
ENT-00012,unassigned_point,node/13854259890,no,39.4591643,-8.4652696,Powerdot,yes,24/7,Mobi.E,,,,,+351 800 180 292,https://www.mobie.pt/,0,0,0,0,0,0,0,0,0,0,0,0,1,32,22 kW,400,0,0,0,0,2,400,100 kW,1000
EPS-00004,unassigned_point,node/10855773196,no,41.5046979,-8.763229,Prio.E,yes,24/7,Mobi.E,,,,,+351 800 100 303,https://www.mobie.pt/,1,120,50 kW,500,0,0,0,0,0,0,0,0,0,0,0,0,0,0,0,0,1,125,50 kW,500
EPS-00005,unassigned_point,node/11692095473,no,41.599506,-8.785155,Veimonte,yes,24/7,Mobi.E,,,,,+351 266 896 443,https://www.mobie.pt/,1,125,50 kW,500,0,0,0,0,0,0,0,0,0,0,0,0,0,0,0,0,1,125,60 kW,1000
EPS-00009,unassigned_point,node/12321248529,no,41.546262,-8.744053,Galp Power,yes,24/7,Mobi.E,,,,,+351 800 249 249,https://www.mobie.pt/,0,0,0,0,0,0,0,0,0,0,0,0,2,32,22 kW,400,0,0,0,0,0,0,0,0
EPS-00010,unassigned_point,node/11764732112,no,41.557226,-8.7603471,Galp Power,yes,24/7,Mobi.E,,,,,+351 800 249 249,https://www.mobie.pt/,0,0,0,0,0,0,0,0,0,0,0,0,2,32,22 kW,400,0,0,0,0,0,0,0,0
EPS-00012,unassigned_point,node/12106826231,no,41.607315,-8.7829885,Galp Power,yes,24/7,Mobi.E,,,,,+351 800 249 249,https://www.mobie.pt/,0,0,0,0,0,0,0,0,0,0,0,0,2,32,22 kW,400,0,0,0,0,0,0,0,0
EPS-00014,unassigned_point,node/12084087269,no,41.522345,-8.762191,Galp Power,yes,24/7,Mobi.E,,,,,+351 800 249 249,https://www.mobie.pt/,0,0,0,0,0,0,0,0,0,0,0,0,2,32,22 kW,400,0,0,0,0,0,0,0,0
EPS-00016,unassigned_point,node/11923588739,no,41.5394405,-8.7600167,Galp Power,yes,24/7,Mobi.E,,,,,+351 800 249 249,https://www.mobie.pt/,0,0,0,0,0,0,0,0,0,0,0,0,2,32,22 kW,400,0,0,0,0,0,0,0,0
EPS-00017,unassigned_point,node/12175707863,no,41.5429225,-8.7909802,Galp Power,yes,24/7,Mobi.E,,,,,+351 800 249 249,https://www.mobie.pt/,0,0,0,0,0,0,0,0,0,0,0,0,2,32,22 kW,400,0,0,0,0,0,0,0,0
EPS-00018,unassigned_point,node/12321255665,no,41.516913,-8.744172,Galp Power,yes,24/7,Mobi.E,,,,,+351 800 249 249,https://www.mobie.pt/,0,0,0,0,0,0,0,0,0,0,0,0,2,32,22 kW,400,0,0,0,0,0,0,0,0
EPS-00019,unassigned_point,node/11910670619,no,41.5583527,-8.7368578,Galp Power,yes,24/7,Mobi.E,,,,,+351 800 249 249,https://www.mobie.pt/,0,0,0,0,0,0,0,0,0,0,0,0,2,32,22 kW,400,0,0,0,0,0,0,0,0
EPS-00020,unassigned_point,node/12090525394,no,41.4851815,-8.7788677,Galp Power,yes,24/7,Mobi.E,,,,,+351 800 249 249,https://www.mobie.pt/,0,0,0,0,0,0,0,0,0,0,0,0,0,0,0,0,0,0,0,0,2,200,120 kW,1000
EPS-00022,unassigned_point,node/11892284932,no,41.5387639,-8.7819881,Galp Power,yes,24/7,Mobi.E,,,,,+351 800 249 249,https://www.mobie.pt/,0,0,0,0,0,0,0,0,0,0,0,0,2,32,22 kW,400,0,0,0,0,0,0,0,0
EPS-00023,unassigned_point,node/11910670618,no,41.5574614,-8.7808196,Galp Power,yes,24/7,Mobi.E,,,,,+351 800 249 249,https://www.mobie.pt/,0,0,0,0,0,0,0,0,0,0,0,0,0,0,0,0,0,0,0,0,2,200,120 kW,1000
EPS-00024,unassigned_point,node/11923588738,no,41.61531,-8.740781,Galp Power,yes,24/7,Mobi.E,,,,,+351 800 249 249,https://www.mobie.pt/,0,0,0,0,0,0,0,0,0,0,0,0,2,32,22 kW,400,0,0,0,0,0,0,0,0
EPS-00025,unassigned_point,node/11831693368,no,41.4924366,-8.7834838,Galp Power,yes,24/7,Mobi.E,,,,,+351 800 249 249,https://www.mobie.pt/,0,0,0,0,0,0,0,0,0,0,0,0,0,0,0,0,0,0,0,0,2,200,120 kW,1000
EPS-00027,unassigned_point,node/11892284930,no,41.5334584,-8.7791215,Galp Power,yes,24/7,Mobi.E,,,,,+351 800 249 249,https://www.mobie.pt/,0,0,0,0,0,0,0,0,0,0,0,0,0,0,0,0,0,0,0,0,2,250,120 kW,1000
EPS-00028,unassigned_point,node/12264369639,no,41.573745,-8.790288,Galp Power,yes,24/7,Mobi.E,,,,,+351 800 249 249,https://www.mobie.pt/,0,0,0,0,0,0,0,0,0,0,0,0,2,32,22 kW,400,0,0,0,0,0,0,0,0
EPS-00029,unassigned_point,node/11831693367,no,41.5172411,-8.7863425,Galp Power,yes,24/7,Mobi.E,,,,,+351 800 249 249,https://www.mobie.pt/,0,0,0,0,0,0,0,0,0,0,0,0,0,0,0,0,0,0,0,0,2,250,120 kW,1000
EPS-00030,unassigned_point,node/12084097246,no,41.51261,-8.76997,Galp Power,yes,24/7,Mobi.E,,,,,+351 800 249 249,https://www.mobie.pt/,0,0,0,0,0,0,0,0,0,0,0,0,0,0,0,0,0,0,0,0,2,250,120 kW,1000
EPS-00031,unassigned_point,node/11892284931,no,41.5319358,-8.7832579,Galp Power,yes,24/7,Mobi.E,,,,,+351 800 249 249,https://www.mobie.pt/,0,0,0,0,0,0,0,0,0,0,0,0,0,0,0,0,0,0,0,0,2,250,120 kW,1000
EPS-00032,unassigned_point,node/12035492556,no,41.5543814,-8.7918297,Galp Power,yes,24/7,Mobi.E,,,,,+351 800 249 249,https://www.mobie.pt/,0,0,0,0,0,0,0,0,0,0,0,0,0,0,0,0,0,0,0,0,2,250,120 kW,1000
EPS-00033,unassigned_point,node/12106826230,no,41.604882,-8.7418228,Galp Power,yes,24/7,Mobi.E,,,,,+351 800 249 249,https://www.mobie.pt/,0,0,0,0,0,0,0,0,0,0,0,0,2,32,22 kW,400,0,0,0,0,0,0,0,0
EPS-00034,unassigned_point,node/12175707862,no,41.4979989,-8.7093413,Galp Power,yes,24/7,Mobi.E,,,,,+351 800 249 249,https://www.mobie.pt/,0,0,0,0,0,0,0,0,0,0,0,0,2,32,22 kW,400,0,0,0,0,0,0,0,0
EPS-00035,unassigned_point,node/12264373788,no,41.572588,-8.7469587,Galp Power,yes,24/7,Mobi.E,,,,,+351 800 249 249,https://www.mobie.pt/,0,0,0,0,0,0,0,0,0,0,0,0,2,32,22 kW,400,0,0,0,0,0,0,0,0
EPS-00036,unassigned_point,node/12383295753,no,41.588135,-8.782855,Galp Power,yes,24/7,Mobi.E,,,,,+351 800 249 249,https://www.mobie.pt/,0,0,0,0,0,0,0,0,0,0,0,0,2,32,22 kW,400,0,0,0,0,0,0,0,0
EPS-00037,unassigned_point,node/12205419878,no,41.558678,-8.734736,Galp Power,yes,24/7,Mobi.E,,,,,+351 800 249 249,https://www.mobie.pt/,0,0,0,0,0,0,0,0,0,0,0,0,2,32,22 kW,400,0,0,0,0,0,0,0,0
EPS-00038,unassigned_point,node/12412162457,no,41.499199,-8.7391951,Galp Power,yes,24/7,Mobi.E,,,,,+351 800 249 249,https://www.mobie.pt/,0,0,0,0,0,0,0,0,0,0,0,0,2,32,22 kW,400,0,0,0,0,0,0,0,0
EPS-00039,unassigned_point,node/12090525395,no,41.5015147,-8.7601397,Galp Power,yes,24/7,Mobi.E,,,,,+351 800 249 249,https://www.mobie.pt/,1,120,50 kW,500,0,0,0,0,0,0,0,0,0,0,0,0,1,32,22 kW,400,1,125,50 kW,500
EPS-00040,unassigned_point,node/13192309278,no,41.4849757,-8.7599039,Petrotermica Energia,yes,24/7,Mobi.E,,,,,,https://www.mobie.pt/,0,0,0,0,0,0,0,0,0,0,0,0,0,0,0,0,0,0,0,0,2,120,60 kW,1000
ESP-00001,unassigned_point,node/8112873810,no,41.0102566,-8.6382929,Powerdot,yes,24/7,Mobi.E,,,,,+351 800 180 292,https://www.mobie.pt,0,0,0,0,0,0,0,0,0,0,0,0,2,32,22 kW,400,0,0,0,0,0,0,0,0
ESP-00003,unassigned_point,node/8947335630,no,41.0075139,-8.6224683,Iberdrola,yes,09:00-21:30,Mobi.E,,,,,+351 800 607 717,https://www.mobie.pt,0,0,0,0,0,0,0,0,0,0,0,0,2,32,22 kW,400,0,0,0,0,0,0,0,0
ESP-00004,unassigned_point,node/9426410194,no,40.9996342,-8.6376434,EDP,yes,24/7,Mobi.E,,,,,+351 800 222 222,https://www.mobie.pt/,0,0,0,0,0,0,0,0,0,0,0,0,2,32,22 kW,400,0,0,0,0,0,0,0,0
ESP-00006,unassigned_point,node/9661671212,no,41.0153046,-8.6392738,EDP,yes,24/7,Mobi.E,,,,,+351 800 222 222,https://www.mobie.pt,1,125,50 kW,500,0,0,0,0,0,0,0,0,1,32,22 kW,400,0,0,0,0,1,200,90 kW,1000
ESP-00008,unassigned_point,node/9426410191,no,41.0108749,-8.6382963,Repsol,yes,24/7,Mobi.E,,,,,+351 800 226 624,https://www.mobie.pt/,1,80,30 kW,500,0,0,0,0,0,0,0,0,0,0,0,0,1,32,22 kW,400,1,80,30 kW,500
ESP-00011,unassigned_point,node/10831642483,no,41.0018397,-8.6405687,Atlante,yes,09:00-21:00,Mobi.E,,,,,+351 800 296 929;+351 234 246 050,https://www.mobie.pt/,1,120,50 kW,500,0,0,0,0,0,0,0,0,0,0,0,0,1,32,22 kW,400,1,125,50 kW,500
ESP-00013,unassigned_point,node/10005184512,no,40.998188,-8.623203,Galp Power,yes,24/7,Mobi.E,,,,,+351 800 249 249,https://www.mobie.pt/,0,0,0,0,0,0,0,0,0,0,0,0,2,32,22 kW,400,0,0,0,0,0,0,0,0
ESP-00016,unassigned_point,node/8757714041,no,41.0001329,-8.6389718,Galp Power,yes,24/7,Mobi.E,,Espinho,,,+351 800 249 249,https://www.mobie.pt,1,120,50 kW,500,0,0,0,0,0,0,0,0,0,0,0,0,1,63,43 kW,400,1,125,50 kW,500
ETR-00002,unassigned_point,node/5375719552,no,40.7549749,-8.5348792,EDP,yes,24/7,Mobi.E,,,,,+351 800 222 222,https://www.mobie.pt,1,120,50 kW,500,0,0,0,0,0,0,0,0,0,0,0,0,1,63,43 kW,400,1,125,50 kW,500
ETR-00003,unassigned_point,node/8112781493,no,40.7543057,-8.5706945,Powerdot,yes,24/7,Mobi.E,,,,,+351 800 180 292,https://www.mobie.pt,0,0,0,0,0,0,0,0,0,0,0,0,2,32,22 kW,400,0,0,0,0,0,0,0,0
ETR-00006,unassigned_point,node/8235032223,no,40.7600768,-8.5713369,Powerdot,yes,24/7,Mobi.E,,Estarreja,,,+351 800 180 292,https://www.mobie.pt,1,120,50 kW,500,0,0,0,0,0,0,0,0,0,0,0,0,1,63,43 kW,400,1,125,50 kW,500
ETR-00013,unassigned_point,node/11571346757,no,40.7630042,-8.5716628,EDP,yes,24/7,Mobi.E,,,,,+351 800 222 222,https://www.mobie.pt/,1,120,50 kW,500,0,0,0,0,0,0,0,0,0,0,0,0,0,0,0,0,1,300,120 kW,1000
ETR-00014,unassigned_point,node/10600017084,no,40.7625468,-8.5704377,Atlante,yes,24/7,Mobi.E,,,,,+351 800 296 929;+351 234 246 050,https://www.mobie.pt/,1,120,50 kW,500,0,0,0,0,0,0,0,0,0,0,0,0,0,0,0,0,1,150,60 kW,500
ETR-00015,unassigned_point,node/6610289091,no,40.7541677,-8.5690016,KLC Serviços,yes,24/7,Mobi.E,Av. 25 de Abril,,,,+351 800 202 060,https://www.mobie.pt,0,0,0,0,0,0,0,0,0,0,0,0,1,32,22 kW,400,0,0,0,0,0,0,0,0
ETR-00017,unassigned_point,node/9426410189,no,40.751383,-8.5688767,Galp Power,yes,24/7,Mobi.E,,,,,+351 800 249 249,https://www.mobie.pt,0,0,0,0,0,0,0,0,0,0,0,0,0,0,0,0,0,0,0,0,2,250,90 kW,1000
ETR-00022,unassigned_point,node/11931550466,no,40.7590645,-8.5700027,EDP,yes,24/7,Mobi.E,,,,,+351 800 222 222,https://www.mobie.pt,1,125,50 kW,500,0,0,0,0,0,0,0,0,1,32,22 kW,400,0,0,0,0,1,200,90 kW,1000
ETR-00023,unassigned_point,node/8235011098,no,40.7613811,-8.5710968,Galp Power,yes,24/7,Mobi.E,,Estarreja,,,+351 800 249 249,https://www.mobie.pt,1,120,50 kW,500,0,0,0,0,0,0,0,0,0,0,0,0,1,63,43 kW,400,1,125,50 kW,500
ETZ-00011,unassigned_point,node/9456735232,no,38.8451894,-7.6143475,Galp Geste,yes,24/7,Mobi.E,,,,,+351 800 249 249,https://www.mobie.pt,1,120,50 kW,500,0,0,0,0,0,0,0,0,0,0,0,0,1,63,43 kW,400,1,125,50 kW,500
ETZ-00014,unassigned_point,node/10828089664,no,38.852351,-7.5905365,True Kare,yes,24/7,Mobi.E,,,,,,https://www.mobie.pt/,0,0,0,0,0,0,0,0,0,0,0,0,2,32,22 kW,400,0,0,0,0,0,0,0,0
ETZ-00015,unassigned_point,node/10828089663,no,38.8435063,-7.5856853,True Kare,yes,24/7,Mobi.E,,,,,,https://www.mobie.pt/,0,0,0,0,0,0,0,0,0,0,0,0,2,32,22 kW,400,0,0,0,0,0,0,0,0
ETZ-00016,unassigned_point,node/10828089662,no,38.8393636,-7.5830447,True Kare,yes,24/7,Mobi.E,,,,,,https://www.mobie.pt/,0,0,0,0,0,0,0,0,0,0,0,0,2,32,22 kW,400,0,0,0,0,0,0,0,0
ETZ-00017,unassigned_point,node/10828089661,no,38.8447862,-7.5874543,True Kare,yes,24/7,Mobi.E,,,,,,https://www.mobie.pt/,0,0,0,0,0,0,0,0,0,0,0,0,2,32,22 kW,400,0,0,0,0,0,0,0,0
ETZ-00018,unassigned_point,node/10828089660,no,38.85003,-7.58856,True Kare,yes,24/7,Mobi.E,,,,,,https://www.mobie.pt/,0,0,0,0,0,0,0,0,0,0,0,0,2,32,22 kW,400,0,0,0,0,0,0,0,0
ETZ-00022,unassigned_point,node/11349894186,no,38.8445468,-7.612975,Powerdot,yes,24/7,Mobi.E,,,,,+351 800 180 292,https://www.mobie.pt/,0,0,0,0,0,0,0,0,0,0,0,0,2,32,22 kW,400,0,0,0,0,0,0,0,0
ETZ-00023,unassigned_point,node/11017553881,no,38.839282,-7.57955,Atlante,yes,24/7,Mobi.E,,,,,+351 800 296 929;+351 234 246 050,https://www.mobie.pt,1,125,30 kW,500,0,0,0,0,0,0,0,0,0,0,0,0,0,0,0,0,1,150,30 kW,500
ETZ-00028,unassigned_point,node/9183789565,no,38.8500008,-7.5849948,Galp Power,yes,24/7,Mobi.E,,,,,+351 800 249 249,https://www.mobie.pt/,1,120,50 kW,500,0,0,0,0,0,0,0,0,0,0,0,0,1,63,43 kW,400,1,125,50 kW,500
ETZ-00031,unassigned_point,node/13619053475,no,38.835342,-7.512102,True Kare,yes,24/7,Mobi.E,,,,,,https://www.mobie.pt/,0,0,0,0,0,0,0,0,0,0,0,0,2,32,22 kW,400,0,0,0,0,0,0,0,0
ETZ-90001,unassigned_point,node/12748716404,no,38.8455794,-7.5825643,EDP,yes,24/7,Mobi.E,,,,,+351 800 222 222,https://www.mobie.pt/,0,0,0,0,0,0,0,0,0,0,0,0,2,32,22 kW,400,0,0,0,0,0,0,0,0
EVR-00005,unassigned_point,node/5137641527,no,38.5678637,-7.9185673,EDP,yes,24/7,Mobi.E,Avenida de São Sebastião,Évora,,,+351 800 222 222,https://www.mobie.pt,0,0,0,0,0,0,0,0,0,0,0,0,2,16,3.7 kW,230,0,0,0,0,0,0,0,0
EVR-00007,unassigned_point,node/7745153783,no,38.5676872,-7.9008208,Powerdot,yes,24/7,Mobi.E,Avenida Infante Dom Henrique,Évora,,,+351 800 180 292,https://www.mobie.pt,0,0,0,0,0,0,0,0,0,0,0,0,2,16,3.7 kW,230,0,0,0,0,0,0,0,0
EVR-00008,unassigned_point,node/5137692867,no,38.5483127,-7.9146408,EDP,yes,24/7,Mobi.E,Rua da Agricultura,Évora,,,+351 800 222 222,https://www.mobie.pt,0,0,0,0,0,0,0,0,0,0,0,0,2,16,3.7 kW,230,0,0,0,0,0,0,0,0
EVR-00018,unassigned_point,node/8207152619,no,38.5623782,-7.9260577,Powerdot,yes,24/7,Mobi.E,,Évora,,,+351 800 180 292,https://www.mobie.pt,1,120,50 kW,500,0,0,0,0,0,0,0,0,0,0,0,0,1,63,43 kW,400,1,125,50 kW,500
EVR-00019,unassigned_point,node/8418660474,no,38.5455034,-7.9089975,Powerdot,yes,Mo-Sa 09:00-20:00,Mobi.E,,,,,+351 800 180 292,https://www.mobie.pt,0,0,0,0,0,0,0,0,0,0,0,0,2,32,22 kW,400,0,0,0,0,0,0,0,0
EVR-00021,unassigned_point,node/9661671211,no,38.5519572,-7.9126186,Powerdot,yes,24/7,Mobi.E,,,,,+351 800 180 292,https://www.mobie.pt/,1,120,50 kW,500,0,0,0,0,0,0,0,0,0,0,0,0,1,63,43 kW,400,1,125,50 kW,500
EVR-00023,unassigned_point,node/9870616379,no,38.5633177,-7.9328558,Veimonte,yes,24/7,Mobi.E,,,,,+351 266 896 443,https://www.mobie.pt/,0,0,0,0,0,0,0,0,0,0,0,0,2,32,22 kW,400,0,0,0,0,0,0,0,0
EVR-00024,unassigned_point,node/9870616380,no,38.5493313,-7.9099692,Veimonte,yes,24/7,Mobi.E,,,,,+351 266 896 443,https://www.mobie.pt/,0,0,0,0,0,0,0,0,0,0,0,0,2,32,22 kW,400,0,0,0,0,0,0,0,0
EVR-00026,unassigned_point,node/10967642829,no,38.5506659,-7.9118487,Moon,yes,24/7,Mobi.E,,,,,,https://www.mobie.pt/,0,0,0,0,0,0,0,0,0,0,0,0,0,0,0,0,0,0,0,0,1,125,50 kW,500
EVR-00027,unassigned_point,node/10553244015,no,38.5539078,-7.9147793,EDP,yes,24/7,Mobi.E,,,,,+351 800 222 222,https://www.mobie.pt/,1,120,50 kW,500,0,0,0,0,0,0,0,0,0,0,0,0,0,0,0,0,1,200,120 kW,1000
EVR-00031,unassigned_point,node/10604939077,no,38.5762074,-7.9145299,NRG,yes,24/7,Mobi.E,,,,,,https://www.mobie.pt/,1,125,50 kW,500,0,0,0,0,0,0,0,0,0,0,0,0,0,0,0,0,1,200,180 kW,1000
EVR-00036,unassigned_point,node/11375147580,no,38.5649091,-7.9129884,Luzigás,yes,12:00-22:00,Mobi.E,,,,,+351 808 203 825,https://www.mobie.pt/,0,0,0,0,0,0,0,0,0,0,0,0,2,32,22 kW,400,0,0,0,0,0,0,0,0
EVR-00038,unassigned_point,node/10722216480,no,38.5736565,-7.8995619,Atlante,yes,24/7,Mobi.E,,,,,+351 800 296 929;+351 234 246 050,https://www.mobie.pt/,1,120,50 kW,500,0,0,0,0,0,0,0,0,0,0,0,0,1,32,22 kW,400,1,125,60 kW,500
EVR-00039,unassigned_point,node/10982810123,no,38.5602629,-7.9138585,Atlante,yes,24/7,Mobi.E,,,,,+351 800 296 929;+351 234 246 050,https://www.mobie.pt,1,125,30 kW,500,0,0,0,0,0,0,0,0,1,32,22 kW,400,0,0,0,0,1,125,30 kW,500
EVR-00051,unassigned_point,node/12219380410,no,38.5510662,-7.9114039,EDP,yes,09:00-20:00,Mobi.E,,,,,+351 800 222 222,https://www.mobie.pt/,0,0,0,0,0,0,0,0,0,0,0,0,2,16,11 kW,400,0,0,0,0,0,0,0,0
EVR-00052,unassigned_point,node/5137692860,no,38.566751,-7.9024719,Repsol,yes,24/7,Mobi.E,Rua do Chafariz D'el Rei,Évora,7005-297,,+351 800 226 624,https://www.mobie.pt,1,120,50 kW,500,0,0,0,0,0,0,0,0,0,0,0,0,1,32,22 kW,400,1,125,50 kW,500
EVR-00055,unassigned_point,node/12437743801,no,38.5497168,-7.9081623,Charging Together,yes,24/7,Mobi.E,,,,,+351 800 917 576,https://www.mobie.pt/,0,0,0,0,0,0,0,0,0,0,0,0,0,0,0,0,2,18,12 kW,400,0,0,0,0
EVR-00063,unassigned_point,node/12927896470,no,38.5546296,-7.904759,EDP,yes,24/7,Mobi.E,,,,,+351 800 222 222,https://www.mobie.pt/,0,0,0,0,0,0,0,0,0,0,0,0,2,32,22 kW,400,0,0,0,0,0,0,0,0
EVR-00064,unassigned_point,node/13042150605,no,38.5493419,-7.9090577,Mota Engil II,yes,24/7,Mobi.E,,,,,,https://www.mobie.pt/,0,0,0,0,0,0,0,0,0,0,0,0,0,0,0,0,0,0,0,0,2,150,60 kW,1000
EVR-00071,unassigned_point,node/13398926014,no,38.5619444,-7.9130278,Galp Power,yes,24/7,Mobi.E,,,,,+351 800 249 249,https://www.mobie.pt/,1,125,50 kW,500,0,0,0,0,0,0,0,0,0,0,0,0,1,32,22 kW,400,1,125,50 kW,500
EVR-80003,unassigned_point,node/5137641533,no,38.5724099,-7.9043797,Galp Power,yes,24/7,Mobi.E,Largo do Colégio,Évora,,,+351 800 249 249,https://www.mobie.pt,0,0,0,0,0,0,0,0,0,0,0,0,2,32,22 kW,400,0,0,0,0,0,0,0,0
EVR-90001,unassigned_point,node/5137641530,no,38.5760723,-7.9145097,Galp Power,yes,24/7,Mobi.E,,Évora,7000-744,,+351 800 249 249,https://www.mobie.pt,0,0,0,0,0,0,0,0,0,0,0,0,2,16,3.7 kW,230,0,0,0,0,0,0,0,0
EVR-90002,unassigned_point,node/5137641531,no,38.573427,-7.9125785,EDP,yes,24/7,Mobi.E,Praça Joaquim António de Aguiar,Évora,,,+351 800 222 222,https://www.mobie.pt,0,0,0,0,0,0,0,0,0,0,0,0,2,16,3.7 kW,230,0,0,0,0,0,0,0,0
EVR-90004,unassigned_point,node/5137641529,no,38.5690995,-7.9095268,EDP,yes,24/7,Mobi.E,Praça 1º Maio,Évora,7000-671,,+351 800 222 222,https://www.mobie.pt,0,0,0,0,0,0,0,0,0,0,0,0,2,32,22 kW,400,0,0,0,0,0,0,0,0
EVR-90006,unassigned_point,node/7745153196,no,38.5663618,-7.9116838,Galp Power,yes,24/7,Mobi.E,Avenida General Humberto Delgado,Évora,,,+351 800 249 249,https://www.mobie.pt,0,0,0,0,0,0,0,0,0,0,0,0,2,16,3.7 kW,230,0,0,0,0,0,0,0,0
FAF-00001,unassigned_point,node/8113074612,no,41.4524234,-8.171624,Atlante,yes,24/7,Mobi.E,,,,,+351 800 296 929;+351 234 246 050,https://www.mobie.pt,0,0,0,0,0,0,0,0,0,0,0,0,2,32,22 kW,400,0,0,0,0,0,0,0,0
FAF-00007,unassigned_point,node/11336755071,no,41.453416,-8.18756,EDP,yes,24/7,Mobi.E,,,,,+351 800 222 222,https://www.mobie.pt/,1,125,50 kW,500,0,0,0,0,0,0,0,0,0,0,0,0,0,0,0,0,1,200,120 kW,1000
FAF-00008,unassigned_point,node/11359317372,no,41.4521062,-8.1775045,Galp Power,yes,24/7,Mobi.E,,,,,+351 800 249 249,https://www.mobie.pt/,0,0,0,0,0,0,0,0,0,0,0,0,0,0,0,0,0,0,0,0,2,190,180 kW,1000
FAF-00009,unassigned_point,node/11650619049,no,41.4471984,-8.1715417,EDP,yes,24/7,Mobi.E,,,,,+351 800 222 222,https://www.mobie.pt,1,125,50 kW,500,0,0,0,0,0,0,0,0,1,32,22 kW,400,0,0,0,0,1,200,90 kW,1000
FAF-00013,unassigned_point,node/13090796680,no,41.4478855,-8.1712251,EDP,yes,24/7,Mobi.E,,,,,+351 800 222 222,https://www.mobie.pt,0,0,0,0,0,0,0,0,0,0,0,0,2,32,22 kW,400,0,0,0,0,0,0,0,0
FAF-00019,unassigned_point,node/12826461855,no,41.4462788,-8.1622991,Iberdrola,yes,09:00-21:00,Mobi.E,,,,,+351 800 607 717,https://www.mobie.pt/,0,0,0,0,0,0,0,0,0,0,0,0,2,32,22 kW,400,0,0,0,0,0,0,0,0
FAF-00023,unassigned_point,node/12000498742,no,41.451913,-8.1884906,Galp Power,yes,24/7,Mobi.E,,,,,+351 800 249 249,https://www.mobie.pt/,1,120,50 kW,500,0,0,0,0,0,0,0,0,0,0,0,0,1,32,22 kW,400,1,125,50 kW,500
FAF-00026,unassigned_point,node/8477321982,no,41.4452085,-8.1655131,Atlante,yes,24/7,Mobi.E,,Fafe,,,+351 800 296 929;+351 234 246 050,https://www.mobie.pt,0,0,0,0,0,0,0,0,0,0,0,0,0,0,0,0,0,0,0,0,2,300,85 kW,1000
FAF-90002,unassigned_point,node/8113074611,no,41.4537879,-8.1676731,Galp Power,yes,24/7,Mobi.E,,,,,+351 800 249 249,https://www.mobie.pt,0,0,0,0,0,0,0,0,0,0,0,0,2,32,22 kW,400,0,0,0,0,0,0,0,0
FAG-90001,unassigned_point,node/8309462476,no,40.6196706,-7.5394616,EDP,yes,24/7,Mobi.E,,,,PT,+351 800 222 222,https://www.mobie.pt,0,0,0,0,0,0,0,0,0,0,0,0,2,32,22 kW,400,0,0,0,0,0,0,0,0
FAL-90001,unassigned_point,node/8273848819,no,38.0588102,-8.1126485,EDP,yes,24/7,Mobi.E,,,,,+351 800 222 222,https://www.mobie.pt,0,0,0,0,0,0,0,0,0,0,0,0,2,32,22 kW,400,0,0,0,0,0,0,0,0
FAR-00005,unassigned_point,node/7126770378,no,37.0246387,-7.9304569,Powerdot,yes,24/7,Mobi.E,Rua da Cidade de Bolama,Faro,,,+351 800 180 292,https://www.mobie.pt,0,0,0,0,0,0,0,0,0,0,0,0,2,16,3.7 kW,230,0,0,0,0,0,0,0,0
FAR-00009,unassigned_point,node/8085449703,no,37.0167126,-7.9300643,EDP,yes,24/7,Mobi.E,,,,,+351 800 222 222,https://www.mobie.pt,0,0,0,0,0,0,0,0,0,0,0,0,2,32,22 kW,400,0,0,0,0,0,0,0,0
FAR-00011,unassigned_point,node/8781101650,no,37.0199921,-7.923571,Repsol,yes,24/7,Mobi.E,Avenida Doutor Júlio Filipe de Almeida Carrapato,Faro,,,+351 800 226 624,https://www.mobie.pt,1,120,45 kW,500,0,0,0,0,0,0,0,0,0,0,0,0,1,32,22 kW,400,1,125,45 kW,500
FAR-00019,unassigned_point,node/7126741219,no,37.0278035,-7.9446485,Mota Engil II,yes,24/7,Mobi.E,Parque de Estacionamento do Forum Algarve Piso 0,Faro,,,+351 800 020 940,https://www.mobie.pt,0,0,0,0,0,0,0,0,0,0,0,0,2,32,22 kW,400,0,0,0,0,0,0,0,0
FAR-00025,unassigned_point,node/7692759834,no,37.0361441,-7.8970443,Galp Power,yes,08:00-20:00,Mobi.E,,Faro,,,+351 800 249 249,https://www.mobie.pt,0,0,0,0,0,0,0,0,0,0,0,0,2,32,7.4 kW,230,0,0,0,0,0,0,0,0
FAR-00032,unassigned_point,node/9919933661,no,37.0299347,-7.851212,EDP,yes,24/7,Mobi.E,,,,,+351 800 222 222,https://www.mobie.pt,1,125,50 kW,500,0,0,0,0,0,0,0,0,1,32,22 kW,400,0,0,0,0,1,200,90 kW,1000
FAR-00034,unassigned_point,node/6905269374,no,37.0373186,-7.9571104,Prio.E,yes,24/7,Mobi.E,Via Colectora da EN125-10,Faro,,,+351 800 100 303,https://www.mobie.pt,1,120,50 kW,500,0,0,0,0,0,0,0,0,0,0,0,0,0,0,0,0,1,125,50 kW,500
FAR-00039,unassigned_point,node/10665576673,no,37.0275795,-7.9683052,Atlante,yes,24/7,Mobi.E,,,,,+351 800 296 929;+351 234 246 050,https://www.mobie.pt/,1,120,50 kW,500,0,0,0,0,0,0,0,0,0,0,0,0,1,32,22 kW,400,1,125,50 kW,500
FAR-00043,unassigned_point,node/11829164595,no,37.0317561,-7.9638051,Powerdot,yes,24/7,Mobi.E,,,,,+351 800 180 292,https://www.mobie.pt/,0,0,0,0,0,0,0,0,0,0,0,0,2,32,22 kW,400,0,0,0,0,0,0,0,0
FAR-00044,unassigned_point,node/11895647858,no,37.0170395,-7.9288568,Powerdot,yes,24/7,Mobi.E,,,,,+351 800 180 292,https://www.mobie.pt/,0,0,0,0,0,0,0,0,0,0,0,0,2,32,22 kW,400,0,0,0,0,0,0,0,0
FAR-00045,unassigned_point,node/12101523365,no,37.0187007,-7.938404,Powerdot,yes,24/7,Mobi.E,,,,,+351 800 180 292,https://www.mobie.pt/,0,0,0,0,0,0,0,0,0,0,0,0,2,32,22 kW,400,0,0,0,0,0,0,0,0
FAR-00046,unassigned_point,node/11910670617,no,37.0230942,-7.9304938,Powerdot,yes,24/7,Mobi.E,,,,,+351 800 180 292,https://www.mobie.pt/,0,0,0,0,0,0,0,0,0,0,0,0,2,32,22 kW,400,0,0,0,0,0,0,0,0
FAR-00047,unassigned_point,node/11895647857,no,37.0207988,-7.9375651,Powerdot,yes,24/7,Mobi.E,,,,,+351 800 180 292,https://www.mobie.pt/,0,0,0,0,0,0,0,0,0,0,0,0,2,32,22 kW,400,0,0,0,0,0,0,0,0
FAR-00048,unassigned_point,node/11829164594,no,37.0179459,-7.9249668,Powerdot,yes,24/7,Mobi.E,,,,,+351 800 180 292,https://www.mobie.pt/,0,0,0,0,0,0,0,0,0,0,0,0,2,32,22 kW,400,0,0,0,0,0,0,0,0
FAR-00049,unassigned_point,node/12050811582,no,37.0144125,-7.9272264,Powerdot,yes,24/7,Mobi.E,,,,,+351 800 180 292,https://www.mobie.pt/,0,0,0,0,0,0,0,0,0,0,0,0,2,32,22 kW,400,0,0,0,0,0,0,0,0
FAR-00050,unassigned_point,node/11895647856,no,37.0141506,-7.9264904,Powerdot,yes,24/7,Mobi.E,,,,,+351 800 180 292,https://www.mobie.pt/,0,0,0,0,0,0,0,0,0,0,0,0,2,32,22 kW,400,0,0,0,0,0,0,0,0
FAR-00053,unassigned_point,node/11829164593,no,37.0283908,-7.9283607,Powerdot,yes,24/7,Mobi.E,,,,,+351 800 180 292,https://www.mobie.pt/,0,0,0,0,0,0,0,0,0,0,0,0,2,32,22 kW,400,0,0,0,0,0,0,0,0
FAR-00054,unassigned_point,node/11831602323,no,37.0332551,-7.9597622,Powerdot,yes,24/7,Mobi.E,,,,,+351 800 180 292,https://www.mobie.pt/,0,0,0,0,0,0,0,0,0,0,0,0,2,32,22 kW,400,0,0,0,0,0,0,0,0
FAR-00059,unassigned_point,node/11698743561,no,37.0456122,-7.9684927,Luzigás,yes,24/7,Mobi.E,,,,,+351 808 203 825,https://www.mobie.pt/,0,0,0,0,0,0,0,0,0,0,0,0,2,32,22 kW,400,0,0,0,0,0,0,0,0
FAR-00060,unassigned_point,node/12343627019,no,37.0450597,-7.967168,Powerdot,yes,24/7,Mobi.E,,,,,+351 800 180 292,https://www.mobie.pt/,1,125,50 kW,500,0,0,0,0,0,0,0,0,0,0,0,0,1,32,22 kW,400,1,200,150 kW,1000
FAR-00062,unassigned_point,node/11861937009,no,37.0118334,-7.9311756,Powerdot,yes,24/7,Mobi.E,,,,,+351 800 180 292,https://www.mobie.pt/,0,0,0,0,0,0,0,0,0,0,0,0,1,32,22 kW,400,0,0,0,0,2,200,150 kW,1000
FAR-00063,unassigned_point,node/12059982439,no,37.1063592,-8.3829226,Cepsa,yes,24/7,Mobi.E,,,,,,https://www.mobie.pt/,0,0,0,0,0,0,0,0,0,0,0,0,0,0,0,0,0,0,0,0,2,500,300 kW,1000
FAR-00071,unassigned_point,node/12259301827,no,37.0315379,-7.9481042,EDP,yes,09:00-20:00,Mobi.E,,,,,+351 800 222 222,https://www.mobie.pt/,0,0,0,0,0,0,0,0,0,0,0,0,2,32,22 kW,400,0,0,0,0,0,0,0,0
FAR-00072,unassigned_point,node/12090525397,no,37.0345627,-7.9295342,Evio,yes,24/7,Mobi.E,,,,,+351 308 803 746,https://www.mobie.pt/,0,0,0,0,0,0,0,0,0,0,0,0,0,0,0,0,0,0,0,0,2,250,180 kW,1000
FAR-00073,unassigned_point,node/12090525396,no,37.0334182,-7.9297535,Evio,yes,24/7,Mobi.E,,,,,+351 308 803 746,https://www.mobie.pt/,0,0,0,0,0,0,0,0,0,0,0,0,0,0,0,0,0,0,0,0,2,250,120 kW,1000
FAR-00074,unassigned_point,node/6905244952,no,37.0255135,-7.9174994,Charging Together,yes,24/7,Mobi.E,Avenida Cidade de Hayward,Faro,,,+351 800 917 576,https://www.mobie.pt,0,0,0,0,0,0,0,0,0,0,0,0,0,0,0,0,0,0,0,0,2,150,50 kW,1000
FAR-00075,unassigned_point,node/11287170751,no,37.0286521,-7.9430501,Galp Power,yes,24/7,Mobi.E,,,,,+351 800 249 249,https://www.mobie.pt/,1,120,50 kW,500,0,0,0,0,0,0,0,0,0,0,0,0,1,32,22 kW,400,1,125,50 kW,500
FAR-00076,unassigned_point,node/12072355373,no,37.0139819,-7.9193842,Galp Power,yes,24/7,Mobi.E,,,,,+351 800 249 249,https://www.mobie.pt/,1,120,50 kW,500,0,0,0,0,0,0,0,0,0,0,0,0,1,32,22 kW,400,1,125,50 kW,500
FAR-00077,unassigned_point,node/12456293248,no,37.050766,-7.9514713,Powerdot,yes,24/7,Mobi.E,,,,,+351 800 180 292,https://www.mobie.pt/,1,125,50 kW,500,0,0,0,0,0,0,0,0,1,32,22 kW,400,0,0,0,0,1,300,150 kW,1000
FAR-00079,unassigned_point,node/13265255092,no,37.0319472,-7.9635849,Powerdot,yes,24/7,Mobi.E,,,,,+351 800 180 292,https://www.mobie.pt/,0,0,0,0,0,0,0,0,0,0,0,0,1,32,22 kW,400,0,0,0,0,2,200,150 kW,1000
FAR-00098,unassigned_point,node/9920092715,no,37.0268508,-7.9466982,Atlante,yes,08:00-21:30,Mobi.E,,,,,+351 800 296 929;+351 234 246 050,https://www.mobie.pt/,0,0,0,0,0,0,0,0,0,0,0,0,0,0,0,0,0,0,0,0,2,400,60 kW,1000
FAR-00099,unassigned_point,node/9920092716,no,37.0252213,-7.9248757,Atlante,yes,24/7,Mobi.E,,,,,+351 800 296 929;+351 234 246 050,https://www.mobie.pt/,0,0,0,0,0,0,0,0,0,0,0,0,0,0,0,0,0,0,0,0,2,300,60 kW,1000
FAR-90003,unassigned_point,node/7126770380,no,37.0176838,-7.9388388,Galp Power,yes,24/7,Mobi.E,Avenida da Republica,Faro,,,+351 800 249 249,https://www.mobie.pt,0,0,0,0,0,0,0,0,0,0,0,0,2,16,3.7 kW,230,0,0,0,0,0,0,0,0
FAR-90004,unassigned_point,node/7126770379,no,37.019596,-7.9283148,Galp Power,yes,24/7,Mobi.E,Largo Francisco Sá Carneiro,Faro,,,+351 800 249 249,https://www.mobie.pt,0,0,0,0,0,0,0,0,0,0,0,0,2,32,7.4 kW,230,0,0,0,0,0,0,0,0
FCR-00002,unassigned_point,node/12205419877,no,40.8842278,-6.9653596,EDP,yes,24/7,Mobi.E,,,,PT,+351 800 222 222,https://www.mobie.pt/,0,0,0,0,0,0,0,0,0,0,0,0,2,32,22 kW,400,0,0,0,0,0,0,0,0
FCR-90001,unassigned_point,node/8112873812,no,40.8948068,-6.9629294,Powerdot,yes,24/7,Mobi.E,,,,PT,+351 800 180 292,https://www.mobie.pt,0,0,0,0,0,0,0,0,0,0,0,0,2,32,22 kW,400,0,0,0,0,0,0,0,0
FEC-00003,unassigned_point,node/8968514561,no,41.0911187,-6.8122494,Atlante,yes,24/7,Mobi.E,,,,PT,+351 800 296 929;+351 234 246 050,https://www.mobie.pt,0,0,0,0,0,0,0,0,0,0,0,0,2,32,22 kW,400,0,0,0,0,0,0,0,0
FEC-90001,unassigned_point,node/8287664118,no,41.0878241,-6.808986,Galp Power,yes,24/7,Mobi.E,,,,PT,+351 800 249 249,https://www.mobie.pt,0,0,0,0,0,0,0,0,0,0,0,0,2,32,22 kW,400,0,0,0,0,0,0,0,0
FIG-00004,unassigned_point,node/8382102163,no,40.1478183,-8.8358094,Powerdot,yes,24/7,Mobi.E,Rua da Vidreira,Figueira da Foz,,,+351 800 180 292,https://www.mobie.pt,1,120,50 kW,500,0,0,0,0,0,0,0,0,0,0,0,0,1,63,43 kW,400,1,125,50 kW,500
FIG-00019,unassigned_point,node/10157924955,no,40.179554,-8.828377,Galp Geste,yes,24/7,Mobi.E,,,,,+351 800 249 249,https://www.mobie.pt/,0,0,0,0,0,0,0,0,0,0,0,0,0,0,0,0,0,0,0,0,2,200,120 kW,1000
FIG-00021,unassigned_point,node/10981449245,no,40.1587757,-8.8576284,Iberdrola,yes,09:00-21:30,Mobi.E,,,,,+351 800 607 717,https://www.mobie.pt/,0,0,0,0,0,0,0,0,0,0,0,0,2,32,22 kW,400,0,0,0,0,0,0,0,0
FIG-00024,unassigned_point,node/10831642482,no,40.1494381,-8.8500169,Atlante,yes,09:00-21:00,Mobi.E,,,,,+351 800 296 929;+351 234 246 050,https://www.mobie.pt/,1,125,50 kW,500,0,0,0,0,0,0,0,0,0,0,0,0,1,32,22 kW,400,1,150,60 kW,500
FIG-00025,unassigned_point,node/9456391414,no,40.1631913,-8.8471485,Atlante,yes,24/7,Mobi.E,,,,,+351 800 296 929;+351 234 246 050,https://www.mobie.pt/,1,120,50 kW,500,0,0,0,0,0,0,0,0,0,0,0,0,1,32,22 kW,400,1,125,50 kW,500
FIG-00035,unassigned_point,node/8779356631,no,40.1622475,-8.8478789,Charging Together,yes,24/7,Mobi.E,Avenida Dom João Alves,Figueira da Foz,,,+351 800 917 576,https://www.mobie.pt,0,0,0,0,0,0,0,0,0,0,0,0,0,0,0,0,0,0,0,0,2,150,50 kW,1000
FIG-00036,unassigned_point,node/12728560981,no,40.084824,-8.824648,Powerdot,yes,24/7,Mobi.E,,,,,+351 800 180 292,https://www.mobie.pt,1,125,50 kW,500,0,0,0,0,0,0,0,0,1,32,22 kW,400,0,0,0,0,2,100,80 kW,1000
FIG-00039,unassigned_point,node/8757714043,no,40.1569836,-8.8498949,Galp Power,yes,24/7,Mobi.E,,Figueira da Foz,,,+351 800 249 249,https://www.mobie.pt,1,120,50 kW,500,0,0,0,0,0,0,0,0,0,0,0,0,1,63,43 kW,400,1,125,50 kW,500
FIG-00040,unassigned_point,node/12031823620,no,40.1668192,-8.8837653,Galp Power,yes,24/7,Mobi.E,,,,,+351 800 249 249,https://www.mobie.pt/,1,120,50 kW,500,0,0,0,0,0,0,0,0,0,0,0,0,1,32,22 kW,400,1,125,50 kW,500
FIG-00041,unassigned_point,node/13042767416,no,40.15735,-8.8491833,Prio.E,yes,24/7,Mobi.E,,,,,,https://www.mobie.pt/,0,0,0,0,0,0,0,0,0,0,0,0,0,0,0,0,0,0,0,0,2,300,180 kW,1000
FIG-00043,unassigned_point,node/8851234256,no,40.166767,-8.860599,Evaz Energy,yes,08:30-22:00,Mobi.E,,,,,+351 800 181 742,https://www.mobie.pt,0,0,0,0,0,0,0,0,0,0,0,0,2,32,22 kW,400,0,0,0,0,0,0,0,0
FIG-00044,unassigned_point,node/10157924954,no,40.1796588,-8.829126,Galp Power,yes,24/7,Mobi.E,,,,,+351 800 249 249,https://www.mobie.pt/,0,0,0,0,0,0,0,0,0,0,0,0,0,0,0,0,0,0,0,0,2,200,120 kW,1000
FIG-00045,unassigned_point,node/13428455460,no,40.1485047,-8.855423,True Kare,yes,24/7,Mobi.E,,,,,,https://www.mobie.pt/,0,0,0,0,0,0,0,0,0,0,0,0,1,16,3.7 kW,230,0,0,0,0,0,0,0,0
FIG-00046,unassigned_point,node/13863528848,no,40.1484662,-8.8623485,True Kare,yes,24/7,Mobi.E,,,,,,https://www.mobie.pt/,0,0,0,0,0,0,0,0,0,0,0,0,2,32,22 kW,400,0,0,0,0,0,0,0,0
FIG-00047,unassigned_point,node/13863528847,no,40.1519509,-8.8666266,True Kare,yes,24/7,Mobi.E,,,,,,https://www.mobie.pt/,0,0,0,0,0,0,0,0,0,0,0,0,2,32,22 kW,400,0,0,0,0,0,0,0,0
FIG-00048,unassigned_point,node/13863528846,no,40.1501935,-8.8617289,True Kare,yes,24/7,Mobi.E,,,,,,https://www.mobie.pt/,0,0,0,0,0,0,0,0,0,0,0,0,2,32,22 kW,400,0,0,0,0,0,0,0,0
FIG-00049,unassigned_point,node/13863528845,no,40.1510125,-8.8606017,True Kare,yes,24/7,Mobi.E,,,,,,https://www.mobie.pt/,0,0,0,0,0,0,0,0,0,0,0,0,2,32,22 kW,400,0,0,0,0,0,0,0,0
FIG-00050,unassigned_point,node/14047301643,no,40.152259,-8.8622734,True Kare,yes,24/7,Mobi.E,,,,,,https://www.mobie.pt/,0,0,0,0,0,0,0,0,0,0,0,0,2,32,22 kW,400,0,0,0,0,0,0,0,0
FIG-00051,unassigned_point,node/13863500996,no,40.1490546,-8.8560306,True Kare,yes,24/7,Mobi.E,,,,,,https://www.mobie.pt/,0,0,0,0,0,0,0,0,0,0,0,0,2,32,22 kW,400,0,0,0,0,0,0,0,0
FIG-00052,unassigned_point,node/13863577565,no,40.1577377,-8.8569291,True Kare,yes,24/7,Mobi.E,,,,,,https://www.mobie.pt/,0,0,0,0,0,0,0,0,0,0,0,0,2,32,22 kW,400,0,0,0,0,0,0,0,0
FIG-00053,unassigned_point,node/13863577564,no,40.1554325,-8.8541061,True Kare,yes,24/7,Mobi.E,,,,,,https://www.mobie.pt/,0,0,0,0,0,0,0,0,0,0,0,0,2,32,22 kW,400,0,0,0,0,0,0,0,0
FIG-00054,unassigned_point,node/13718233629,no,40.152867,-8.8538143,True Kare,yes,24/7,Mobi.E,,,,,,https://www.mobie.pt/,0,0,0,0,0,0,0,0,0,0,0,0,2,32,22 kW,400,0,0,0,0,0,0,0,0
FIG-00055,unassigned_point,node/13863551645,no,40.1492863,-8.8452239,True Kare,yes,24/7,Mobi.E,,,,,,https://www.mobie.pt/,0,0,0,0,0,0,0,0,0,0,0,0,2,32,22 kW,400,0,0,0,0,0,0,0,0
FIG-00056,unassigned_point,node/13988011520,no,40.15594,-8.865811,True Kare,yes,24/7,Mobi.E,,,,,,https://www.mobie.pt/,0,0,0,0,0,0,0,0,0,0,0,0,2,32,22 kW,400,0,0,0,0,0,0,0,0
FIG-00057,unassigned_point,node/13863551644,no,40.1667455,-8.8485982,True Kare,yes,24/7,Mobi.E,,,,,,https://www.mobie.pt/,0,0,0,0,0,0,0,0,0,0,0,0,2,32,22 kW,400,0,0,0,0,0,0,0,0
FIG-00058,unassigned_point,node/13863551643,no,40.1483806,-8.8507956,True Kare,yes,24/7,Mobi.E,,,,,,https://www.mobie.pt/,0,0,0,0,0,0,0,0,0,0,0,0,2,32,22 kW,400,0,0,0,0,0,0,0,0
FIG-00059,unassigned_point,node/13866016232,no,40.1487549,-8.8532113,True Kare,yes,24/7,Mobi.E,,,,,,https://www.mobie.pt/,0,0,0,0,0,0,0,0,0,0,0,0,2,32,22 kW,400,0,0,0,0,0,0,0,0
FIG-00060,unassigned_point,node/13866016231,no,40.1610125,-8.8681741,True Kare,yes,24/7,Mobi.E,,,,,,https://www.mobie.pt/,0,0,0,0,0,0,0,0,0,0,0,0,2,32,22 kW,400,0,0,0,0,0,0,0,0
FIG-00061,unassigned_point,node/13866016230,no,40.1634286,-8.8687584,True Kare,yes,24/7,Mobi.E,,,,,,https://www.mobie.pt/,0,0,0,0,0,0,0,0,0,0,0,0,2,32,22 kW,400,0,0,0,0,0,0,0,0
FIG-00062,unassigned_point,node/13988011519,no,40.165306,-8.866557,True Kare,yes,24/7,Mobi.E,,,,,,https://www.mobie.pt/,0,0,0,0,0,0,0,0,0,0,0,0,2,32,22 kW,400,0,0,0,0,0,0,0,0
FIG-00063,unassigned_point,node/13866016229,no,40.1629798,-8.8629892,True Kare,yes,24/7,Mobi.E,,,,,,https://www.mobie.pt/,0,0,0,0,0,0,0,0,0,0,0,0,2,32,22 kW,400,0,0,0,0,0,0,0,0
FIG-00064,unassigned_point,node/13866027303,no,40.1577802,-8.8685575,True Kare,yes,24/7,Mobi.E,,,,,,https://www.mobie.pt/,0,0,0,0,0,0,0,0,0,0,0,0,2,32,22 kW,400,0,0,0,0,0,0,0,0
FIG-00065,unassigned_point,node/13866027302,no,40.1606364,-8.8705799,True Kare,yes,24/7,Mobi.E,,,,,,https://www.mobie.pt/,0,0,0,0,0,0,0,0,0,0,0,0,2,32,22 kW,400,0,0,0,0,0,0,0,0
FLG-00004,unassigned_point,node/9241550809,no,41.355321,-8.194633,Iberdrola,yes,09:00-21:30,Mobi.E,,,,,+351 800 607 717,https://www.mobie.pt/,0,0,0,0,0,0,0,0,0,0,0,0,2,32,22 kW,400,0,0,0,0,0,0,0,0
FLG-00005,unassigned_point,node/9455582849,no,41.3603468,-8.203598,Repsol,yes,24/7,Mobi.E,,,,,+351 800 226 624,https://www.mobie.pt/,1,120,45 kW,500,0,0,0,0,0,0,0,0,0,0,0,0,1,32,22 kW,400,1,125,45 kW,500
FLG-00006,unassigned_point,node/9598091355,no,41.3589838,-8.2046809,EDP,yes,24/7,Mobi.E,,,,,+351 800 222 222,https://www.mobie.pt,1,125,50 kW,500,0,0,0,0,0,0,0,0,1,32,22 kW,400,0,0,0,0,1,200,90 kW,1000
FLG-00007,unassigned_point,node/9606389253,no,41.3626547,-8.1969101,EDP,yes,24/7,Mobi.E,,,,,+351 800 222 222,https://www.mobie.pt,1,125,50 kW,500,0,0,0,0,0,0,0,0,1,32,22 kW,400,0,0,0,0,1,200,90 kW,1000
FLG-00009,unassigned_point,node/10229505397,no,41.3560656,-8.1896454,Powerdot,yes,24/7,Mobi.E,,,,,+351 800 180 292,https://www.mobie.pt/,1,120,50 kW,500,0,0,0,0,0,0,0,0,1,32,22 kW,400,0,0,0,0,2,200,100 kW,1000
FLG-00010,unassigned_point,node/10809116539,no,41.3667001,-8.2011082,Galp Geste,yes,24/7,Mobi.E,,,,,+351 800 249 249,https://www.mobie.pt/,0,0,0,0,0,0,0,0,0,0,0,0,0,0,0,0,0,0,0,0,2,200,120 kW,1000
FLG-00015,unassigned_point,node/11513771563,no,41.3607065,-8.1924547,Repsol,yes,24/7,Mobi.E,,,,,+351 800 226 624,https://www.mobie.pt/,1,125,50 kW,500,0,0,0,0,0,0,0,0,0,0,0,0,1,32,22 kW,400,1,150,50 kW,1000
FLG-00016,unassigned_point,node/11460839682,no,41.361007,-8.19923,Atlante,yes,24/7,Mobi.E,,,,,+351 800 296 929;+351 234 246 050,https://www.mobie.pt/,1,125,50 kW,500,0,0,0,0,0,0,0,0,0,0,0,0,1,32,22 kW,400,1,150,60 kW,500
FLG-00017,unassigned_point,node/11779036082,no,41.376804,-8.1743755,Charging Together,yes,24/7,Mobi.E,,,,,+351 800 917 576,https://www.mobie.pt/,1,200,80 kW,500,0,0,0,0,0,0,0,0,0,0,0,0,0,0,0,0,2,500,150 kW,1000
FLG-00020,unassigned_point,node/11822870202,no,41.3772631,-8.1727836,Prio.E,yes,24/7,Mobi.E,,,,,+351 800 100 303,https://www.mobie.pt/,0,0,0,0,0,0,0,0,0,0,0,0,0,0,0,0,0,0,0,0,2,200,90 kW,1000
FLG-00023,unassigned_point,node/12319393046,no,41.3164642,-8.143541,EDP,yes,09:00-20:00,Mobi.E,,,,,+351 800 222 222,https://www.mobie.pt/,0,0,0,0,0,0,0,0,0,0,0,0,2,16,11 kW,400,0,0,0,0,0,0,0,0
FLG-00024,unassigned_point,node/13625864783,no,41.3641204,-8.1997841,KPM,yes,24/7,Mobi.E,,,,,,https://www.mobie.pt/,1,120,50 kW,500,0,0,0,0,0,0,0,0,0,0,0,0,1,32,22 kW,400,1,120,50 kW,500
FLG-00025,unassigned_point,node/8227701597,no,41.3160015,-8.1414861,Galp Power,yes,24/7,Mobi.E,,Lixa,,PT,+351 800 249 249,https://www.mobie.pt,1,120,50 kW,500,0,0,0,0,0,0,0,0,0,0,0,0,1,63,43 kW,400,1,125,50 kW,500
FLG-00026,unassigned_point,node/12090525386,no,41.3614469,-8.1977577,Galp Power,yes,24/7,Mobi.E,,,,,+351 800 249 249,https://www.mobie.pt/,1,120,50 kW,500,0,0,0,0,0,0,0,0,0,0,0,0,1,32,22 kW,400,1,125,50 kW,500
FLG-00028,unassigned_point,node/13131265261,no,41.3137898,-8.1641541,Mota Engil II,yes,24/7,Mobi.E,,,,,+351 800 020 940,https://www.mobie.pt/,0,0,0,0,0,0,0,0,0,0,0,0,0,0,0,0,0,0,0,0,2,500,200 kW,1000
FLG-00030,unassigned_point,node/13357450102,no,41.36163,-8.194304,REMO,yes,24/7,Mobi.E,,,,,+351 800 020 940,https://www.mobie.pt/,0,0,0,0,0,0,0,0,0,0,0,0,0,0,0,0,0,0,0,0,2,500,200 kW,1000
FLG-00032,unassigned_point,node/13839336456,no,41.356533,-8.1876925,Powerdot,yes,24/7,Mobi.E,,,,,+351 800 180 292,https://www.mobie.pt/,0,0,0,0,0,0,0,0,0,0,0,0,0,0,0,0,0,0,0,0,2,250,100 kW,1000
FLG-00033,unassigned_point,node/13893873903,no,41.3684822,-8.2192744,Galp Power,yes,24/7,Mobi.E,,,,,+351 800 249 249,https://www.mobie.pt/,0,0,0,0,0,0,0,0,0,0,0,0,0,0,0,0,0,0,0,0,2,300,120 kW,1000
FLG-00034,unassigned_point,node/14002808221,no,41.3136,-8.159554,Galp Power,yes,24/7,Mobi.E,,,,,+351 800 249 249,https://www.galp.com/,0,0,0,0,0,0,0,0,0,0,0,0,0,0,0,0,0,0,0,0,2,125,60 kW,1000
FLG-00036,unassigned_point,node/13981665272,no,41.3716196,-8.2041502,Helexia II,yes,24/7,Mobi.E,,,,,+351 210 181 157,https://helexia.pt/,0,0,0,0,0,0,0,0,0,0,0,0,0,0,0,0,0,0,0,0,2,250,100 kW,1000
FLG-90002,unassigned_point,node/8309571666,no,41.3215101,-8.1454155,Galp Power,yes,24/7,Mobi.E,,,,,+351 800 249 249,https://www.mobie.pt,0,0,0,0,0,0,0,0,0,0,0,0,2,32,22 kW,400,0,0,0,0,0,0,0,0
FNC-00040,unassigned_point,node/8082166425,no,32.6472363,-16.9038921,Emacom,yes,24/7,Mobi.E,,,,,+351 800 221 187,https://www.mobie.pt/,0,0,0,0,0,0,0,0,0,0,0,0,0,0,0,0,0,0,0,0,2,200,150 kW,1000
FNC-00044,unassigned_point,node/8908343323,no,32.6551288,-16.9145673,Charging Together,yes,24/7,Mobi.E,,,,,+351 800 917 576,https://www.mobie.pt,1,200,80 kW,500,0,0,0,0,0,0,0,0,0,0,0,0,0,0,0,0,2,500,150 kW,1000
FNC-00050,unassigned_point,node/8116281267,no,32.656387,-16.9431938,EcoInside,yes,24/7,Mobi.E,,,,,+351 22 617 33 43,https://www.mobie.pt,0,0,0,0,0,0,0,0,0,0,0,0,2,32,22 kW,400,0,0,0,0,0,0,0,0
FNC-00051,unassigned_point,node/8116281266,no,32.6593678,-16.9405425,EcoInside,yes,24/7,Mobi.E,,,,,+351 22 617 33 43,https://www.mobie.pt,0,0,0,0,0,0,0,0,0,0,0,0,2,32,22 kW,400,0,0,0,0,0,0,0,0
FNC-00052,unassigned_point,node/8116260533,no,32.636237,-16.9323403,EcoInside,yes,24/7,Mobi.E,,,,,+351 22 617 33 43,https://www.mobie.pt,0,0,0,0,0,0,0,0,0,0,0,0,2,32,22 kW,400,0,0,0,0,0,0,0,0
FNC-00053,unassigned_point,node/8116281265,no,32.6604884,-16.9301502,EcoInside,yes,24/7,Mobi.E,,,,,+351 22 617 33 43,https://www.mobie.pt,0,0,0,0,0,0,0,0,0,0,0,0,2,32,22 kW,400,0,0,0,0,0,0,0,0
FNC-00054,unassigned_point,node/8116281264,no,32.6593048,-16.9254797,EcoInside,yes,24/7,Mobi.E,,,,,+351 22 617 33 43,https://www.mobie.pt,0,0,0,0,0,0,0,0,0,0,0,0,2,32,22 kW,400,0,0,0,0,0,0,0,0
FNC-00055,unassigned_point,node/8116260532,no,32.6439338,-16.9213821,EcoInside,yes,24/7,Mobi.E,,,,,+351 22 617 33 43,https://www.mobie.pt,0,0,0,0,0,0,0,0,0,0,0,0,2,32,22 kW,400,0,0,0,0,0,0,0,0
FNC-00056,unassigned_point,node/8116281268,no,32.6703693,-16.9220862,EcoInside,yes,24/7,Mobi.E,,,,,+351 22 617 33 43,https://www.mobie.pt,0,0,0,0,0,0,0,0,0,0,0,0,2,32,22 kW,400,0,0,0,0,0,0,0,0
FNC-00057,unassigned_point,node/8116281263,no,32.6531106,-16.9112651,EcoInside,yes,24/7,Mobi.E,,,,,+351 22 617 33 43,https://www.mobie.pt,0,0,0,0,0,0,0,0,0,0,0,0,2,32,22 kW,400,0,0,0,0,0,0,0,0
FNC-00058,unassigned_point,node/8116281262,no,32.6502213,-16.9091392,EcoInside,yes,24/7,Mobi.E,,,,,+351 22 617 33 43,https://www.mobie.pt,0,0,0,0,0,0,0,0,0,0,0,0,2,32,22 kW,400,0,0,0,0,0,0,0,0
FNC-00059,unassigned_point,node/8116281261,no,32.6492672,-16.8828602,EcoInside,yes,24/7,Mobi.E,,,,,+351 22 617 33 43,https://www.mobie.pt,0,0,0,0,0,0,0,0,0,0,0,0,2,32,22 kW,400,0,0,0,0,0,0,0,0
FNC-00060,unassigned_point,node/9847807944,no,32.6474918,-16.9157864,EcoInside,yes,24/7,Mobi.E,,,,,+351 22 617 33 43,https://www.mobie.pt/,0,0,0,0,0,0,0,0,0,0,0,0,2,16,11 kW,400,0,0,0,0,0,0,0,0
FNC-00061,unassigned_point,node/12188496426,no,32.655458,-16.914231,Factor Energia,yes,24/7,Mobi.E,,,,,+351 800 100 013,https://www.mobie.pt/,0,0,0,0,0,0,0,0,0,0,0,0,2,32,22 kW,400,0,0,0,0,0,0,0,0
FNC-00062,unassigned_point,node/12188496425,no,32.649956,-16.915425,Factor Energia,yes,24/7,Mobi.E,,,,,+351 800 100 013,https://www.mobie.pt/,0,0,0,0,0,0,0,0,0,0,0,0,2,32,22 kW,400,0,0,0,0,0,0,0,0
FNC-00066,unassigned_point,node/12787875418,no,32.6474618,-16.9159627,Factor Energia,yes,24/7,Mobi.E,,,,,+351 800 100 013,https://www.mobie.pt/,0,0,0,0,0,0,0,0,0,0,0,0,2,32,22 kW,400,0,0,0,0,0,0,0,0
FNC-00068,unassigned_point,node/12949621080,no,32.6520553,-16.9118246,Factor Energia,yes,24/7,Mobi.E,,,,,+351 800 100 013,https://www.mobie.pt/,0,0,0,0,0,0,0,0,0,0,0,0,2,32,22 kW,400,0,0,0,0,0,0,0,0
FNC-00069,unassigned_point,node/12787875417,no,32.6529356,-16.9018428,Factor Energia,yes,24/7,Mobi.E,,,,,+351 800 100 013,https://www.mobie.pt/,0,0,0,0,0,0,0,0,0,0,0,0,2,32,22 kW,400,0,0,0,0,0,0,0,0
FNC-00071,unassigned_point,node/13087023019,no,32.6475076,-16.9418735,Powerdot,yes,08:00-21:00,Mobi.E,,,,,,https://www.mobie.pt/,0,0,0,0,0,0,0,0,0,0,0,0,2,32,22 kW,400,0,0,0,0,0,0,0,0
FNC-00076,unassigned_point,node/13825640353,no,32.6475587,-16.9032463,Powerdot,yes,24/7,Mobi.E,,,,,+351 800 180 292,https://www.mobie.pt/,0,0,0,0,0,0,0,0,0,0,0,0,2,32,22 kW,400,0,0,0,0,0,0,0,0
FNC-00078,unassigned_point,node/13849332628,no,32.6710865,-16.9225084,Repsol,yes,24/7,Mobi.E,,,,,+351 800 226 624,https://www.mobie.pt/,1,125,50 kW,500,0,0,0,0,0,0,0,0,0,0,0,0,1,32,22 kW,400,1,150,60 kW,500
FNC-00081,unassigned_point,node/8947335629,no,32.6449647,-16.9179502,Galp Geste,yes,24/7,Mobi.E,,,,,+351 800 249 249,https://www.mobie.pt,0,0,0,0,0,0,0,0,0,0,0,0,0,0,0,0,0,0,0,0,2,250,120 kW,1000
FNC-00082,unassigned_point,node/9731276114,no,32.655804,-16.9005357,Galp Geste,yes,24/7,Mobi.E,,,,,+351 800 249 249,https://www.mobie.pt,0,0,0,0,0,0,0,0,0,0,0,0,0,0,0,0,0,0,0,0,2,250,120 kW,1000
FND-00004,unassigned_point,node/8579443835,no,40.1423181,-7.4973548,Repsol,yes,24/7,Mobi.E,Rua Cidade da Covilhã,Fundão,,,+351 800 226 624,https://www.mobie.pt,1,120,50 kW,500,0,0,0,0,0,0,0,0,0,0,0,0,1,63,43 kW,400,1,150,60 kW,1000
FND-00006,unassigned_point,node/8309430654,no,40.1700729,-7.4936564,EV Power,yes,24/7,Mobi.E,,,,,+351 800 254 565,https://www.mobie.pt,0,0,0,0,0,0,0,0,0,0,0,0,2,32,22 kW,400,0,0,0,0,0,0,0,0
FND-00007,unassigned_point,node/8833233512,no,40.1522409,-7.4979806,Powerdot,yes,24/7,Mobi.E,,Fundão,,,+351 800 180 292,https://www.mobie.pt,1,120,50 kW,500,0,0,0,0,0,0,0,0,0,0,0,0,1,63,43 kW,400,1,125,50 kW,500
FND-00013,unassigned_point,node/10691892688,no,40.1901383,-7.4879937,Cepsa,yes,24/7,Mobi.E,,,,,,https://www.mobie.pt/,0,0,0,0,0,0,0,0,0,0,0,0,0,0,0,0,0,0,0,0,2,250,100 kW,1000
FND-00014,unassigned_point,node/10691892687,no,40.1908724,-7.4865689,Cepsa,yes,24/7,Mobi.E,,,,,,https://www.mobie.pt/,0,0,0,0,0,0,0,0,0,0,0,0,0,0,0,0,0,0,0,0,2,250,100 kW,1000
FND-00018,unassigned_point,node/9975732686,no,40.1625835,-7.498381,Atlante,yes,24/7,Mobi.E,,,,,+351 800 296 929;+351 234 246 050,https://www.mobie.pt/,1,120,50 kW,500,0,0,0,0,0,0,0,0,0,0,0,0,1,32,22 kW,400,1,125,50 kW,500
FND-00020,unassigned_point,node/12676285376,no,40.1543867,-7.4967267,EDP,yes,24/7,Mobi.E,,,,,+351 800 222 222,https://www.mobie.pt/,0,0,0,0,0,0,0,0,0,0,0,0,0,0,0,0,0,0,0,0,2,300,120 kW,1000
FND-00028,unassigned_point,node/12022544837,no,40.1547527,-7.4974077,Galp Power,yes,24/7,Mobi.E,,,,,+351 800 249 249,https://www.mobie.pt/,1,120,50 kW,500,0,0,0,0,0,0,0,0,0,0,0,0,1,32,22 kW,400,1,125,50 kW,500
FND-00029,unassigned_point,node/13302511187,no,40.1338374,-7.5051498,DTE,yes,24/7,Mobi.E,,,,,+351 912 872 459,https://www.mobie.pt/,0,0,0,0,0,0,0,0,0,0,0,0,2,32,22 kW,400,0,0,0,0,0,0,0,0
FND-00030,unassigned_point,node/13302541460,no,40.1422745,-7.5015489,DTE,yes,24/7,Mobi.E,,,,,+351 912 872 459,https://www.mobie.pt/,0,0,0,0,0,0,0,0,0,0,0,0,2,32,22 kW,400,0,0,0,0,0,0,0,0
FND-00031,unassigned_point,node/13322963721,no,40.13477,-7.502782,DTE,yes,24/7,Mobi.E,,,,,+351 912 872 459,https://www.mobie.pt/,0,0,0,0,0,0,0,0,0,0,0,0,2,32,22 kW,400,0,0,0,0,0,0,0,0
FND-00032,unassigned_point,node/13302540547,no,40.139847,-7.503565,DTE,yes,24/7,Mobi.E,,,,,+351 912 872 459,https://www.mobie.pt/,0,0,0,0,0,0,0,0,0,0,0,0,2,32,22 kW,400,0,0,0,0,0,0,0,0
FND-00033,unassigned_point,node/13696595910,no,40.1434896,-7.5023183,DTE,yes,24/7,Mobi.E,,,,,+351 912 872 459,https://www.mobie.pt/,1,125,50 kW,500,0,0,0,0,0,0,0,0,1,32,22 kW,400,0,0,0,0,1,150,60 kW,1000
FND-00034,unassigned_point,node/13696595909,no,40.1391505,-7.5025364,DTE,yes,24/7,Mobi.E,,,,,+351 912 872 459,https://www.mobie.pt/,1,125,50 kW,500,0,0,0,0,0,0,0,0,1,32,22 kW,400,0,0,0,0,1,150,60 kW,1000
FND-00035,unassigned_point,node/13357442797,no,40.0670618,-7.8012829,DTE,yes,24/7,Mobi.E,,,,,+351 912 872 459,https://www.mobie.pt/,0,0,0,0,0,0,0,0,0,0,0,0,2,32,22 kW,400,0,0,0,0,0,0,0,0
FND-00036,unassigned_point,node/13302540546,no,40.0985,-7.4663362,DTE,yes,24/7,Mobi.E,,,,,+351 912 872 459,https://www.mobie.pt/,0,0,0,0,0,0,0,0,0,0,0,0,2,32,22 kW,400,0,0,0,0,0,0,0,0
FND-90001,unassigned_point,node/8109685927,no,40.1414305,-7.4967727,Galp Power,yes,24/7,Mobi.E,,,,,+351 800 249 249,https://www.mobie.pt,0,0,0,0,0,0,0,0,0,0,0,0,2,32,22 kW,400,0,0,0,0,0,0,0,0
FTR-00001,unassigned_point,node/8280673314,no,39.0538628,-7.6452465,Atlante,yes,24/7,Mobi.E,,,,PT,+351 800 296 929;+351 234 246 050,https://www.mobie.pt,0,0,0,0,0,0,0,0,0,0,0,0,2,32,22 kW,400,0,0,0,0,0,0,0,0
FUN-00003,unassigned_point,node/8116260531,no,32.6452539,-16.9129714,Emacom,yes,24/7,Mobi.E,,,,,+351 800 221 187,https://www.mobie.pt,0,0,0,0,0,0,0,0,0,0,0,0,2,32,22 kW,400,0,0,0,0,0,0,0,0
FUN-00020,unassigned_point,node/8270303689,no,32.646854,-16.9226944,EDP,yes,24/7,Mobi.E,,,,,+351 800 222 222,https://www.mobie.pt,0,0,0,0,0,0,0,0,0,0,0,0,2,32,22 kW,400,0,0,0,0,0,0,0,0
FUN-00031,unassigned_point,node/9458801227,no,32.6471082,-16.9400476,EDP,yes,24/7,Mobi.E,,,,,+351 800 222 222,https://www.mobie.pt,1,125,50 kW,500,0,0,0,0,0,0,0,0,1,32,22 kW,400,0,0,0,0,1,200,90 kW,1000
FUN-00032,unassigned_point,node/9649768012,no,32.64756,-16.903502,Powerdot,yes,24/7,Mobi.E,,,,,+351 800 180 292,https://www.mobie.pt/,0,0,0,0,0,0,0,0,0,0,0,0,2,32,22 kW,400,0,0,0,0,0,0,0,0
FUN-00033,unassigned_point,node/9627393283,no,32.6494537,-16.9047172,Powerdot,yes,07:30-22:00,Mobi.E,,,,,+351 800 180 292,https://www.mobie.pt/,0,0,0,0,0,0,0,0,0,0,0,0,2,32,22 kW,400,0,0,0,0,0,0,0,0
FUN-00036,unassigned_point,node/10112116964,no,32.6606668,-16.8935448,Repsol,yes,24/7,Mobi.E,,,,,+351 800 226 624,https://www.mobie.pt/,1,125,50 kW,500,0,0,0,0,0,0,0,0,0,0,0,0,1,32,22 kW,400,1,150,60 kW,500
FUN-00037,unassigned_point,node/10112116965,no,32.6612804,-16.8941035,Repsol,yes,24/7,Mobi.E,,,,,+351 800 226 624,https://www.mobie.pt/,1,125,50 kW,500,0,0,0,0,0,0,0,0,0,0,0,0,1,32,22 kW,400,1,150,60 kW,500
FUN-00039,unassigned_point,node/10110145670,no,32.6497108,-16.9360749,Repsol,yes,24/7,Mobi.E,,,,,+351 800 226 624,https://www.mobie.pt/,1,125,50 kW,500,0,0,0,0,0,0,0,0,0,0,0,0,1,32,22 kW,400,1,150,60 kW,500
FUN-00049,unassigned_point,node/8116260534,no,32.6361811,-16.9423851,EcoInside,yes,24/7,Mobi.E,,,,,+351 22 617 33 43,https://www.mobie.pt,0,0,0,0,0,0,0,0,0,0,0,0,2,32,22 kW,400,0,0,0,0,0,0,0,0
FVN-00002,unassigned_point,node/9783866980,no,39.9063507,-8.2809567,Galp Power,yes,24/7,Mobi.E,,Figueiró dos Vinhos,,,+351 800 249 249,https://www.mobie.pt/,1,120,50 kW,500,0,0,0,0,0,0,0,0,0,0,0,0,0,0,0,0,1,125,60 kW,1000
FVN-00003,unassigned_point,node/11439919568,no,39.8961538,-8.2842118,EDP,yes,24/7,Mobi.E,,,,,+351 800 222 222,https://www.mobie.pt/,0,0,0,0,0,0,0,0,0,0,0,0,2,16,11 kW,400,0,0,0,0,0,0,0,0
FVN-90001,unassigned_point,node/8109672547,no,39.9013328,-8.2731939,Galp Power,yes,24/7,Mobi.E,,,,,+351 800 249 249,https://www.mobie.pt,0,0,0,0,0,0,0,0,0,0,0,0,2,32,22 kW,400,0,0,0,0,0,0,0,0
FZZ-00001,unassigned_point,node/8109599990,no,39.6938625,-8.2934171,Powerdot,yes,24/7,Mobi.E,,,,PT,+351 800 180 292,https://www.mobie.pt,0,0,0,0,0,0,0,0,0,0,0,0,2,32,22 kW,400,0,0,0,0,0,0,0,0
FZZ-00003,unassigned_point,node/11717508846,no,39.6936948,-8.29488,Cepsa,yes,24/7,Mobi.E,,,,PT,,https://www.mobie.pt/,0,0,0,0,0,0,0,0,0,0,0,0,0,0,0,0,0,0,0,0,1,500,150 kW,1000
FZZ-00004,unassigned_point,node/13238819924,no,39.6735476,-8.2320563,Powerdot,yes,24/7,Mobi.E,,,,,+351 800 180 292,https://www.mobie.pt/,1,125,25 kW,500,0,0,0,0,0,0,0,0,0,0,0,0,1,32,22 kW,400,1,120,25 kW,500
FZZ-00005,unassigned_point,node/8340117187,no,39.668116,-8.2331277,Powerdot,yes,24/7,Mobi.E,,,,,+351 800 180 292,https://www.mobie.pt,0,0,0,0,0,0,0,0,0,0,0,0,2,32,22 kW,400,0,0,0,0,0,0,0,0
GAV-00001,unassigned_point,node/7765288944,no,39.46464,-7.9378715,Powerdot,yes,24/7,Mobi.E,,,,PT,+351 800 180 292,https://www.mobie.pt,0,0,0,0,0,0,0,0,0,0,0,0,2,32,22 kW,400,0,0,0,0,0,0,0,0
GDL-00002,unassigned_point,node/7778843952,no,38.4925052,-8.900629,Prio.E,yes,24/7,Mobi.E,,,,,+351 800 100 303,https://www.mobie.pt,0,0,0,0,0,0,0,0,0,0,0,0,2,32,22 kW,400,0,0,0,0,0,0,0,0
GDL-00003,unassigned_point,node/8688212145,no,38.182555,-8.5673449,Powerdot,yes,24/7,Mobi.E,,,,,+351 800 180 292,https://www.mobie.pt,0,0,0,0,0,0,0,0,0,0,0,0,2,32,22 kW,400,0,0,0,0,0,0,0,0
GDL-00005,unassigned_point,node/8929363145,no,38.035847,-8.425966,Plug,yes,24/7,Mobi.E,,,,,+351 211 648 577,https://www.mobie.pt,0,0,0,0,0,0,0,0,0,0,0,0,2,32,22 kW,400,0,0,0,0,0,0,0,0
GDL-00015,unassigned_point,node/11954649035,no,38.0716843,-8.4185475,True Kare,yes,24/7,Mobi.E,,,,,,https://www.mobie.pt/,0,0,0,0,0,0,0,0,0,0,0,0,2,32,22 kW,400,0,0,0,0,0,0,0,0
GDL-00017,unassigned_point,node/9960356554,no,38.1844907,-8.5688231,Charging Together,yes,24/7,Mobi.E,,,,,+351 800 917 576,https://www.mobie.pt/,1,200,80 kW,500,0,0,0,0,0,0,0,0,0,0,0,0,0,0,0,0,2,500,150 kW,1000
GDL-00052,unassigned_point,node/8001239596,no,38.1845399,-8.5681422,Galp Power,yes,24/7,Mobi.E,,Grandola,,,,https://www.mobie.pt,1,120,50 kW,500,0,0,0,0,0,0,0,0,0,0,0,0,1,63,43 kW,400,1,125,50 kW,500
GDL-00065,unassigned_point,node/13948506281,no,38.308596,-8.740998,Galp Power,yes,24/7,Mobi.E,,,,,+351 800 249 249,https://www.galp.com/,1,125,50 kW,500,0,0,0,0,0,0,0,0,0,0,0,0,1,32,22 kW,400,1,125,50 kW,500
GDM-00001,unassigned_point,node/10981659770,no,41.1769411,-8.561111,Powerdot,yes,24/7,Mobi.E,,,,,+351 800 180 292,https://www.mobie.pt/,0,0,0,0,0,0,0,0,0,0,0,0,2,16,11 kW,400,0,0,0,0,0,0,0,0
GDM-00011,unassigned_point,node/8227799063,no,41.1472957,-8.5310876,Galp Geste,yes,24/7,Mobi.E,Avenida General Humberto Delgado,São Cosme,,,+351 800 249 249,https://www.mobie.pt,1,120,50 kW,500,0,0,0,0,0,0,0,0,0,0,0,0,1,63,43 kW,400,1,125,50 kW,500
GDM-00013,unassigned_point,node/9434463993,no,41.173093,-8.550395,Repsol,yes,24/7,Mobi.E,,,,,+351 800 226 624,https://www.mobie.pt/,1,120,50 kW,500,0,0,0,0,0,0,0,0,0,0,0,0,1,32,22 kW,400,1,125,50 kW,500
GDM-00016,unassigned_point,node/9571079478,no,41.18044,-8.56865,Repsol,yes,24/7,Mobi.E,,,,,+351 800 226 624,https://www.mobie.pt,1,80,30 kW,500,0,0,0,0,0,0,0,0,0,0,0,0,1,32,22 kW,400,1,80,30 kW,500
GDM-00017,unassigned_point,node/9588654391,no,41.173407,-8.5522798,EDP,yes,24/7,Mobi.E,,,,,+351 800 222 222,https://www.mobie.pt,1,125,50 kW,500,0,0,0,0,0,0,0,0,1,32,22 kW,400,0,0,0,0,1,200,90 kW,1000
GDM-00018,unassigned_point,node/9661671210,no,41.1366331,-8.5369519,EDP,yes,24/7,Mobi.E,,,,,+351 800 222 222,https://www.mobie.pt,0,0,0,0,0,0,0,0,0,0,0,0,1,32,22 kW,400,0,0,0,0,2,200,120 kW,1000
GDM-00019,unassigned_point,node/9727741431,no,41.1810133,-8.5361957,EDP,yes,24/7,Mobi.E,,,,,+351 800 222 222,https://www.mobie.pt/,1,125,50 kW,500,0,0,0,0,0,0,0,0,1,32,22 kW,400,0,0,0,0,1,200,90 kW,1000
GDM-00030,unassigned_point,node/8829299063,no,41.1959329,-8.5762143,Galp Geste,yes,24/7,Mobi.E,,,,,+351 800 249 249,https://www.mobie.pt,0,0,0,0,0,0,0,0,0,0,0,0,0,0,0,0,0,0,0,0,2,200,120 kW,1000
GDM-00031,unassigned_point,node/10809116536,no,41.1733662,-8.5546456,Galp Geste,yes,24/7,Mobi.E,,,,,+351 800 249 249,https://www.mobie.pt/,0,0,0,0,0,0,0,0,0,0,0,0,0,0,0,0,0,0,0,0,2,200,120 kW,1000
GDM-00036,unassigned_point,node/11109235691,no,41.1730216,-8.5550386,EDP,yes,24/7,Mobi.E,,,,,+351 800 222 222,https://www.mobie.pt/,1,125,50 kW,500,0,0,0,0,0,0,0,0,0,0,0,0,0,0,0,0,1,200,120 kW,1000
GDM-00037,unassigned_point,node/11228733847,no,41.143859,-8.541468,Iberdrola,yes,09:00-21:30,Mobi.E,,,,,+351 800 607 717,https://www.mobie.pt,0,0,0,0,0,0,0,0,0,0,0,0,2,32,22 kW,400,0,0,0,0,0,0,0,0
GDM-00039,unassigned_point,node/11287170752,no,41.1524285,-8.5061955,Atlante,yes,24/7,Mobi.E,,,,,+351 800 296 929;+351 234 246 050,https://www.mobie.pt/,1,125,50 kW,500,0,0,0,0,0,0,0,0,0,0,0,0,1,32,22 kW,400,1,150,60 kW,500
GDM-00040,unassigned_point,node/10760048724,no,41.1508247,-8.5161369,Atlante,yes,24/7,Mobi.E,,,,,+351 800 296 929;+351 234 246 050,https://www.mobie.pt/,1,120,50 kW,500,0,0,0,0,0,0,0,0,0,0,0,0,1,32,22 kW,400,1,125,50 kW,500
GDM-00045,unassigned_point,node/11571346759,no,41.165703,-8.544065,Cepsa,yes,24/7,Mobi.E,,,,,,https://www.mobie.pt,0,0,0,0,0,0,0,0,0,0,0,0,0,0,0,0,0,0,0,0,1,500,150 kW,1000
GDM-00050,unassigned_point,node/12236282644,no,41.0692454,-8.402202,Iberdrola,yes,09:00-20:00,Mobi.E,,,,,+351 800 607 717,https://www.mobie.pt/,0,0,0,0,0,0,0,0,0,0,0,0,0,0,0,0,2,32,22 kW,400,0,0,0,0
GDM-00051,unassigned_point,node/13954558702,no,41.170345,-8.5681202,Helexia II,yes,10:00-19:30,Mobi.E,,,,,,https://www.mobie.pt,0,0,0,0,0,0,0,0,0,0,0,0,0,0,0,0,0,0,0,0,2,150,50 kW,1000
GDM-00052,unassigned_point,node/12605317158,no,41.1345499,-8.5341156,EDP,yes,24/7,Mobi.E,,,,,+351 800 222 222,https://www.mobie.pt/,0,0,0,0,0,0,0,0,0,0,0,0,0,0,0,0,0,0,0,0,2,200,120 kW,1000
GDM-00053,unassigned_point,node/12623349762,no,41.1600779,-8.5307829,Prio.E,yes,24/7,Mobi.E,,,,,+351 800 100 303,https://www.mobie.pt/,1,125,50 kW,500,0,0,0,0,0,0,0,0,0,0,0,0,0,0,0,0,1,250,90 kW,1000
GDM-00054,unassigned_point,node/12935275862,no,41.1807338,-8.5750653,Mota Engil II,yes,24/7,Mobi.E,,,,,+351 800 020 940,https://www.mobie.pt/,0,0,0,0,0,0,0,0,0,0,0,0,0,0,0,0,0,0,0,0,2,500,200 kW,1000
GDM-00058,unassigned_point,node/8418602785,no,41.175184,-8.5566961,Galp Power,yes,24/7,Mobi.E,Rua da Boavista,Rio Tinto,,,+351 800 249 249,https://www.mobie.pt,1,120,50 kW,500,0,0,0,0,0,0,0,0,0,0,0,0,1,63,43 kW,400,1,125,50 kW,500
GDM-00059,unassigned_point,node/9455785685,no,41.1823523,-8.5371119,Galp Power,yes,24/7,Mobi.E,,,,,+351 800 249 249,https://www.mobie.pt,1,120,50 kW,500,0,0,0,0,0,0,0,0,0,0,0,0,1,63,43 kW,400,1,125,50 kW,500
GDM-00060,unassigned_point,node/10681530963,no,41.1366891,-8.5362851,Galp Power,yes,24/7,Mobi.E,,,,,+351 800 249 249,https://www.mobie.pt/,1,120,50 kW,500,0,0,0,0,0,0,0,0,0,0,0,0,1,32,22 kW,400,1,125,50 kW,500
GDM-00061,unassigned_point,node/12216222216,no,41.153785,-8.5169667,Galp Power,yes,24/7,Mobi.E,,,,,+351 800 249 249,https://www.mobie.pt/,1,120,50 kW,500,0,0,0,0,0,0,0,0,0,0,0,0,1,32,22 kW,400,1,125,50 kW,500
GDM-00062,unassigned_point,node/13027361865,no,41.1383258,-8.5356386,Atlante,yes,08:00-21:00,Mobi.E,,,,,,https://www.mobie.pt/,0,0,0,0,0,0,0,0,0,0,0,0,0,0,0,0,0,0,0,0,2,150,60 kW,500
GDM-00066,unassigned_point,node/9397572595,no,41.1812028,-8.5358358,Prio.E,yes,24/7,Mobi.E,,,,,+351 800 100 303,https://www.mobie.pt/,0,0,0,0,0,0,0,0,0,0,0,0,0,0,0,0,0,0,0,0,2,250,90 kW,1000
GDM-00067,unassigned_point,node/10648560879,no,41.10799,-8.5325826,Prio.E,yes,24/7,Mobi.E,,,,,+351 800 100 303,https://www.mobie.pt/,0,0,0,0,0,0,0,0,0,0,0,0,0,0,0,0,0,0,0,0,2,250,90 kW,1000
GDM-00069,unassigned_point,node/13972006425,no,41.1841691,-8.5385039,Prio.E,yes,24/7,Mobi.E,,,,,+351 800 100 303,https://www.mobie.pt/,0,0,0,0,0,0,0,0,0,0,0,0,0,0,0,0,0,0,0,0,2,400,180 kW,1000
GLG-00001,unassigned_point,node/8089512831,no,39.401278,-8.4863055,Powerdot,yes,24/7,Mobi.E,,,,PT,+351 800 180 292,https://www.mobie.pt,0,0,0,0,0,0,0,0,0,0,0,0,2,32,22 kW,400,0,0,0,0,0,0,0,0
GMR-00003,unassigned_point,node/8144037961,no,41.4416552,-8.294973,Atlante,yes,24/7,Mobi.E,,,,,+351 800 296 929;+351 234 246 050,https://www.mobie.pt,0,0,0,0,0,0,0,0,0,0,0,0,2,16,3.7 kW,230,0,0,0,0,0,0,0,0
GMR-00005,unassigned_point,node/3105753180,no,41.4386003,-8.2953346,Powerdot,yes,24/7,Mobi.E,,,,,+351 800 180 292,https://www.mobie.pt,0,0,0,0,0,0,0,0,0,0,0,0,2,16,3.7 kW,230,0,0,0,0,0,0,0,0
GMR-00009,unassigned_point,node/8231184246,no,41.4538014,-8.2694411,Galp Geste,yes,24/7,Mobi.E,Rua Cruz da Argola,Guimarães,,,+351 800 249 249,https://www.mobie.pt,1,120,50 kW,500,0,0,0,0,0,0,0,0,0,0,0,0,1,63,43 kW,400,1,125,50 kW,500
GMR-00013,unassigned_point,node/8231922711,no,41.4328183,-8.3020444,Galp Geste,yes,24/7,Mobi.E,EN 105,Guimarães,,,+351 800 249 249,https://www.mobie.pt,1,120,50 kW,500,0,0,0,0,0,0,0,0,0,0,0,0,1,63,43 kW,400,1,125,50 kW,500
GMR-00017,unassigned_point,node/8231935093,no,41.4514238,-8.3013149,Galp Geste,yes,24/7,Mobi.E,Circular Urbana de Guimarães,Guimarães,,,+351 800 249 249,https://www.mobie.pt,1,120,50 kW,500,0,0,0,0,0,0,0,0,0,0,0,0,1,63,43 kW,400,1,125,50 kW,500
GMR-00019,unassigned_point,node/8818730512,no,41.4449927,-8.3393678,Iberdrola,yes,09:00-21:30,Mobi.E,,,,,+351 800 607 717,https://www.mobie.pt,0,0,0,0,0,0,0,0,0,0,0,0,2,32,22 kW,400,0,0,0,0,0,0,0,0
GMR-00027,unassigned_point,node/9629855774,no,41.4367956,-8.2985435,Iberdrola,yes,09:00-21:30,Mobi.E,,,,,+351 800 607 717,https://www.mobie.pt/,0,0,0,0,0,0,0,0,0,0,0,0,2,32,22 kW,400,0,0,0,0,0,0,0,0
GMR-00040,unassigned_point,node/9588654389,no,41.4694379,-8.3281467,Repsol,yes,24/7,Mobi.E,,,,,+351 800 226 624,https://www.mobie.pt/,1,125,50 kW,500,0,0,0,0,0,0,0,0,0,0,0,0,1,64,43 kW,400,1,120,60 kW,500
GMR-00042,unassigned_point,node/9731247063,no,41.4311926,-8.3018411,EDP,yes,24/7,Mobi.E,,,,,+351 800 222 222,https://www.mobie.pt,0,0,0,0,0,0,0,0,0,0,0,0,1,32,22 kW,400,0,0,0,0,2,200,120 kW,1000
GMR-00052,unassigned_point,node/9847958426,no,41.4869519,-8.3513022,Galp Power,yes,24/7,Mobi.E,,Caldas das Taipas,,,+351 800 249 249,https://www.mobie.pt/,0,0,0,0,0,0,0,0,0,0,0,0,0,0,0,0,0,0,0,0,2,200,90 kW,1000
GMR-00054,unassigned_point,node/10056853553,no,41.437262,-8.3125402,Evio,yes,24/7,Mobi.E,,,,,,https://www.mobie.pt/,1,120,50 kW,500,0,0,0,0,0,0,0,0,0,0,0,0,0,0,0,0,1,125,60 kW,500
GMR-00055,unassigned_point,node/10648560888,no,41.4560639,-8.3638232,Hexagonal Ocean,yes,24/7,Mobi.E,,,,,,https://www.mobie.pt/,0,0,0,0,0,0,0,0,0,0,0,0,2,20,13.8 kW,400,0,0,0,0,0,0,0,0
GMR-00056,unassigned_point,node/10648560887,no,41.4427599,-8.3803041,Hexagonal Ocean,yes,24/7,Mobi.E,,,,,,https://www.mobie.pt/,0,0,0,0,0,0,0,0,0,0,0,0,2,20,13.8 kW,400,0,0,0,0,0,0,0,0
GMR-00057,unassigned_point,node/10589069548,no,41.442677,-8.302626,Hexagonal Ocean,yes,24/7,Mobi.E,,,,,,https://www.mobie.pt/,0,0,0,0,0,0,0,0,0,0,0,0,2,32,22 kW,400,0,0,0,0,0,0,0,0
GMR-00058,unassigned_point,node/10589018778,no,41.4298368,-8.3218954,Hexagonal Ocean,yes,24/7,Mobi.E,,,,,,https://www.mobie.pt/,0,0,0,0,0,0,0,0,0,0,0,0,2,20,13.8 kW,400,0,0,0,0,0,0,0,0
GMR-00059,unassigned_point,node/10588855284,no,41.4270006,-8.3572298,Hexagonal Ocean,yes,24/7,Mobi.E,,,,,,https://www.mobie.pt/,0,0,0,0,0,0,0,0,0,0,0,0,2,20,13.8 kW,400,0,0,0,0,0,0,0,0
GMR-00060,unassigned_point,node/10913012849,no,41.465171,-8.3310815,Hexagonal Ocean,yes,24/7,Mobi.E,,,,,,https://www.mobie.pt/,0,0,0,0,0,0,0,0,0,0,0,0,2,30,20 kW,400,0,0,0,0,0,0,0,0
GMR-00061,unassigned_point,node/10648560886,no,41.444273,-8.3073776,Hexagonal Ocean,yes,24/7,Mobi.E,,,,,,https://www.mobie.pt/,0,0,0,0,0,0,0,0,0,0,0,0,2,20,14 kW,400,0,0,0,0,0,0,0,0
GMR-00062,unassigned_point,node/10648560885,no,41.4573746,-8.2875244,Hexagonal Ocean,yes,24/7,Mobi.E,,,,,,https://www.mobie.pt/,0,0,0,0,0,0,0,0,0,0,0,0,2,20,13.8 kW,400,0,0,0,0,0,0,0,0
GMR-00063,unassigned_point,node/10648560884,no,41.4271531,-8.2989642,Hexagonal Ocean,yes,24/7,Mobi.E,,,,,,https://www.mobie.pt/,0,0,0,0,0,0,0,0,0,0,0,0,2,20,13.8 kW,400,0,0,0,0,0,0,0,0
GMR-00064,unassigned_point,node/10589018777,no,41.4417709,-8.3021642,Hexagonal Ocean,yes,24/7,Mobi.E,,,,,,https://www.mobie.pt/,0,0,0,0,0,0,0,0,0,0,0,0,2,30,20 kW,400,0,0,0,0,0,0,0,0
GMR-00065,unassigned_point,node/11931608972,no,41.4376118,-8.2922578,Hexagonal Ocean,yes,24/7,Mobi.E,,,,,,https://www.mobie.pt/,0,0,0,0,0,0,0,0,0,0,0,0,2,20,14 kW,400,0,0,0,0,0,0,0,0
GMR-00066,unassigned_point,node/10589069546,no,41.449904,-8.279835,Hexagonal Ocean,yes,24/7,Mobi.E,,,,,,https://www.mobie.pt/,0,0,0,0,0,0,0,0,0,0,0,0,2,20,13.8 kW,400,0,0,0,0,0,0,0,0
GMR-00067,unassigned_point,node/10702550362,no,41.4435762,-8.3002332,Hexagonal Ocean,yes,24/7,Mobi.E,,,,,,https://www.mobie.pt/,0,0,0,0,0,0,0,0,0,0,0,0,2,30,20 kW,400,0,0,0,0,0,0,0,0
GMR-00068,unassigned_point,node/10913012848,no,41.4802052,-8.3455418,Hexagonal Ocean,yes,24/7,Mobi.E,,,,,,https://www.mobie.pt/,0,0,0,0,0,0,0,0,0,0,0,0,2,20,13.8 kW,400,0,0,0,0,0,0,0,0
GMR-00069,unassigned_point,node/10589098056,no,41.4811209,-8.2628314,Hexagonal Ocean,yes,24/7,Mobi.E,,,,,,https://www.mobie.pt/,0,0,0,0,0,0,0,0,0,0,0,0,2,20,13.8 kW,400,0,0,0,0,0,0,0,0
GMR-00070,unassigned_point,node/10589069547,no,41.4520929,-8.2863953,Hexagonal Ocean,yes,24/7,Mobi.E,,,,,,https://www.mobie.pt/,0,0,0,0,0,0,0,0,0,0,0,0,2,20,13.8 kW,400,0,0,0,0,0,0,0,0
GMR-00071,unassigned_point,node/10589098057,no,41.452345,-8.2754478,Hexagonal Ocean,yes,24/7,Mobi.E,,,,,,https://www.mobie.pt/,0,0,0,0,0,0,0,0,0,0,0,0,2,20,13.8 kW,400,0,0,0,0,0,0,0,0
GMR-00073,unassigned_point,node/10740188508,no,41.4313254,-8.2681858,Generation Journey,yes,24/7,Mobi.E,,,,,,https://www.mobie.pt/,0,0,0,0,0,0,0,0,0,0,0,0,2,32,22 kW,400,0,0,0,0,0,0,0,0
GMR-00074,unassigned_point,node/10707933574,no,41.484986,-8.350041,Generation Journey,yes,24/7,Mobi.E,,,,,,https://www.mobie.pt/,0,0,0,0,0,0,0,0,0,0,0,0,2,16,11 kW,400,0,0,0,0,0,0,0,0
GMR-00075,unassigned_point,node/10740188507,no,41.4431792,-8.281268,Generation Journey,yes,24/7,Mobi.E,,,,,,https://www.mobie.pt/,0,0,0,0,0,0,0,0,0,0,0,0,2,32,22 kW,400,0,0,0,0,0,0,0,0
GMR-00076,unassigned_point,node/10830023114,no,41.4342525,-8.3043601,Generation Journey,yes,24/7,Mobi.E,,,,,,https://www.mobie.pt/,0,0,0,0,0,0,0,0,0,0,0,0,2,16,11 kW,400,0,0,0,0,0,0,0,0
GMR-00077,unassigned_point,node/10740188505,no,41.4864099,-8.3441096,Generation Journey,yes,24/7,Mobi.E,,,,,,https://www.mobie.pt/,0,0,0,0,0,0,0,0,0,0,0,0,2,32,22 kW,400,0,0,0,0,0,0,0,0
GMR-00078,unassigned_point,node/10830023113,no,41.3658531,-8.3705488,Generation Journey,yes,24/7,Mobi.E,,,,,,https://www.mobie.pt/,0,0,0,0,0,0,0,0,0,0,0,0,2,16,11 kW,400,0,0,0,0,0,0,0,0
GMR-00079,unassigned_point,node/10830023112,no,41.480767,-8.2586952,Generation Journey,yes,24/7,Mobi.E,,,,,,https://www.mobie.pt/,0,0,0,0,0,0,0,0,0,0,0,0,2,16,11 kW,400,0,0,0,0,0,0,0,0
GMR-00081,unassigned_point,node/10830023111,no,41.4418358,-8.2863381,Generation Journey,yes,24/7,Mobi.E,,,,,,https://www.mobie.pt/,0,0,0,0,0,0,0,0,0,0,0,0,2,16,11 kW,400,0,0,0,0,0,0,0,0
GMR-00082,unassigned_point,node/10830023110,no,41.445507,-8.2997141,Generation Journey,yes,24/7,Mobi.E,,,,,,https://www.mobie.pt/,0,0,0,0,0,0,0,0,0,0,0,0,2,32,22 kW,400,0,0,0,0,0,0,0,0
GMR-00083,unassigned_point,node/10830023109,no,41.4329559,-8.3028588,Generation Journey,yes,24/7,Mobi.E,,,,,,https://www.mobie.pt/,0,0,0,0,0,0,0,0,0,0,0,0,2,16,11 kW,400,0,0,0,0,0,0,0,0
GMR-00084,unassigned_point,node/10707964342,no,41.448087,-8.305994,Generation Journey,yes,24/7,Mobi.E,,,,,,https://www.mobie.pt/,0,0,0,0,0,0,0,0,0,0,0,0,2,16,11 kW,400,0,0,0,0,0,0,0,0
GMR-00085,unassigned_point,node/10707933572,no,41.4561909,-8.2785523,Generation Journey,yes,24/7,Mobi.E,,,,,,https://www.mobie.pt/,0,0,0,0,0,0,0,0,0,0,0,0,2,16,11 kW,400,0,0,0,0,0,0,0,0
GMR-00086,unassigned_point,node/10830131119,no,41.4215129,-8.3684574,Generation Journey,yes,24/7,Mobi.E,,,,,,https://www.mobie.pt/,0,0,0,0,0,0,0,0,0,0,0,0,2,16,11 kW,400,0,0,0,0,0,0,0,0
GMR-00087,unassigned_point,node/10282359955,no,41.464624,-8.3315554,Galp Geste,yes,24/7,Mobi.E,,,,,+351 800 249 249,https://www.mobie.pt,1,120,50 kW,500,0,0,0,0,0,0,0,0,0,0,0,0,0,0,0,0,1,120,60 kW,1000
GMR-00088,unassigned_point,node/10913012850,no,41.3729046,-8.379133,Hexagonal Ocean,yes,24/7,Mobi.E,,,,,,https://www.mobie.pt/,0,0,0,0,0,0,0,0,0,0,0,0,2,20,13.8 kW,400,0,0,0,0,0,0,0,0
GMR-00089,unassigned_point,node/11033268441,no,41.4356798,-8.3047191,Helexia II,yes,24/7,Mobi.E,,,,,+351 210 181 157,https://www.mobie.pt/,0,0,0,0,0,0,0,0,0,0,0,0,2,32,22 kW,400,0,0,0,0,0,0,0,0
GMR-00090,unassigned_point,node/10830131118,no,41.4247235,-8.3521825,Generation Journey,yes,24/7,Mobi.E,,,,,,https://www.mobie.pt/,0,0,0,0,0,0,0,0,0,0,0,0,2,32,22 kW,400,0,0,0,0,0,0,0,0
GMR-00091,unassigned_point,node/10707964343,no,41.425564,-8.296881,Generation Journey,yes,24/7,Mobi.E,,,,,,https://www.mobie.pt/,0,0,0,0,0,0,0,0,0,0,0,0,2,16,11 kW,400,0,0,0,0,0,0,0,0
GMR-00098,unassigned_point,node/10830131117,no,41.4065841,-8.3668407,Generation Journey,yes,24/7,Mobi.E,,,,,,https://www.mobie.pt/,0,0,0,0,0,0,0,0,0,0,0,0,2,16,11 kW,400,0,0,0,0,0,0,0,0
GMR-00099,unassigned_point,node/10830131116,no,41.421845,-8.300349,Generation Journey,yes,24/7,Mobi.E,,,,,,https://www.mobie.pt/,0,0,0,0,0,0,0,0,0,0,0,0,2,16,11 kW,400,0,0,0,0,0,0,0,0
GMR-00105,unassigned_point,node/11047154700,no,41.4753771,-8.2693258,Galp Geste,yes,24/7,Mobi.E,,,,,+351 800 249 249,https://www.mobie.pt/,0,0,0,0,0,0,0,0,0,0,0,0,0,0,0,0,0,0,0,0,2,200,120 kW,1000
GMR-00106,unassigned_point,node/11145819040,no,41.422253,-8.3563913,EDP,yes,24/7,Mobi.E,,,,,+351 800 222 222,https://www.mobie.pt/,0,0,0,0,0,0,0,0,0,0,0,0,2,16,11 kW,400,0,0,0,0,0,0,0,0
GMR-00107,unassigned_point,node/14045692635,no,41.430952,-8.3465389,Powerdot,yes,24/7,Mobi.E,,,,,+351 800 180 292,https://powerdot.eu/,1,125,50 kW,500,0,0,0,0,0,0,0,0,1,32,22 kW,400,0,0,0,0,1,250,50 kW,1000
GMR-00108,unassigned_point,node/10635089649,no,41.446601,-8.2982456,Atlante,yes,09:00-21:00,Mobi.E,,,,,+351 800 296 929;+351 234 246 050,https://www.mobie.pt/,1,120,50 kW,500,0,0,0,0,0,0,0,0,0,0,0,0,1,32,22 kW,400,1,125,50 kW,500
GMR-00109,unassigned_point,node/10599918398,no,41.4379922,-8.2923931,Atlante,yes,09:00-21:00,Mobi.E,,,,,+351 800 296 929;+351 234 246 050,https://www.mobie.pt/,1,120,50 kW,500,0,0,0,0,0,0,0,0,0,0,0,0,1,32,22 kW,400,1,125,50 kW,500
GMR-00113,unassigned_point,node/11725759946,no,41.4928106,-8.36095,Galp Power,yes,24/7,Mobi.E,,,,,+351 800 249 249,https://www.mobie.pt/,0,0,0,0,0,0,0,0,0,0,0,0,0,0,0,0,0,0,0,0,2,200,180 kW,1000
GMR-00114,unassigned_point,node/11418482347,no,41.4610372,-8.427024,EVCE,yes,24/7,Mobi.E,,,,,+351 800 301 303,https://www.mobie.pt/,1,80,40 kW,500,0,0,0,0,0,0,0,0,0,0,0,0,1,16,11 kW,400,1,80,40 kW,500
GMR-00124,unassigned_point,node/6860923888,no,41.4448232,-8.2979159,EDP,yes,24/7,Mobi.E,Alameda Doutor Alfredo Pimenta,Guimarães,,PT,+351 800 222 222,https://www.mobie.pt,0,0,0,0,0,0,0,0,0,0,0,0,2,32,7.4 kW,230,0,0,0,0,0,0,0,0
GMR-00125,unassigned_point,node/8144037959,no,41.4505612,-8.2939753,EDP,yes,24/7,Mobi.E,,,,,+351 800 222 222,https://www.mobie.pt,0,0,0,0,0,0,0,0,0,0,0,0,2,32,7.4 kW,230,0,0,0,0,0,0,0,0
GMR-00131,unassigned_point,node/12029888510,no,41.455276,-8.275464,Distrifrio Supermercados,yes,24/7,Mobi.E,,,,,,https://www.mobie.pt/,0,0,0,0,0,0,0,0,0,0,0,0,2,32,22 kW,400,0,0,0,0,0,0,0,0
GMR-00134,unassigned_point,node/12175855268,no,41.4252651,-8.3512168,Charging Together,yes,24/7,Mobi.E,,,,,+351 800 917 576,https://www.mobie.pt,1,200,80 kW,500,0,0,0,0,0,0,0,0,0,0,0,0,0,0,0,0,2,500,150 kW,1000
GMR-00136,unassigned_point,node/12259306125,no,41.4375819,-8.3106969,EDP,yes,09:00-20:00,Mobi.E,,,,,+351 800 222 222,https://www.mobie.pt/,0,0,0,0,0,0,0,0,0,0,0,0,2,32,22 kW,400,0,0,0,0,0,0,0,0
GMR-00138,unassigned_point,node/12437744020,no,41.4393135,-8.3076989,Prio.E,yes,24/7,Mobi.E,,,,,+351 800 100 303,https://www.mobie.pt/,0,0,0,0,0,0,0,0,0,0,0,0,0,0,0,0,0,0,0,0,2,300,150 kW,1000
GMR-00141,unassigned_point,node/12639679316,no,41.4499968,-8.2946797,EDP,yes,24/7,Mobi.E,,,,,+351 800 222 222,https://www.mobie.pt/,0,0,0,0,0,0,0,0,0,0,0,0,1,32,22 kW,400,0,0,0,0,2,300,120 kW,1000
GMR-00142,unassigned_point,node/12892687937,no,41.437063,-8.3110087,Mota Engil II,yes,24/7,Mobi.E,,,,,+351 800 020 940,https://www.mobie.pt/,0,0,0,0,0,0,0,0,0,0,0,0,0,0,0,0,0,0,0,0,2,150,60 kW,1000
GMR-00143,unassigned_point,node/12712882943,no,41.4465575,-8.2968142,Atlante,yes,24/7,Mobi.E,,,,,+351 800 296 929;+351 234 246 050,https://www.mobie.pt/,0,0,0,0,0,0,0,0,0,0,0,0,0,0,0,0,0,0,0,0,2,300,120 kW,500
GMR-00145,unassigned_point,node/12826627055,no,41.4876375,-8.3549506,Atlante,yes,24/7,Mobi.E,,,,,+351 800 296 929;+351 234 246 050,https://www.mobie.pt/,0,0,0,0,0,0,0,0,0,0,0,0,0,0,0,0,0,0,0,0,2,300,120 kW,500
GMR-00146,unassigned_point,node/9847571322,no,41.4539729,-8.2754355,Galp Power,yes,24/7,Mobi.E,Rua da Arcela,Guimarães,,PT,+351 800 249 249,https://www.mobie.pt/,1,120,50 kW,500,0,0,0,0,0,0,0,0,0,0,0,0,1,63,43 kW,400,1,125,50 kW,500
GMR-00147,unassigned_point,node/8231880006,no,41.4607289,-8.3134817,Galp Power,yes,24/7,Mobi.E,,Guimarães,,,+351 800 249 249,https://www.mobie.pt,1,120,50 kW,500,0,0,0,0,0,0,0,0,0,0,0,0,1,63,43 kW,400,1,125,50 kW,500
GMR-00148,unassigned_point,node/9464421021,no,41.4476866,-8.3444822,Galp Power,yes,24/7,Mobi.E,,,,,+351 800 249 249,https://www.mobie.pt/,1,120,50 kW,500,0,0,0,0,0,0,0,0,0,0,0,0,1,63,43 kW,400,1,125,50 kW,500
GMR-00149,unassigned_point,node/12132211017,no,41.4218691,-8.3550524,Galp Power,yes,24/7,Mobi.E,,,,,+351 800 249 249,https://www.mobie.pt/,1,120,50 kW,500,0,0,0,0,0,0,0,0,0,0,0,0,1,32,22 kW,400,1,125,50 kW,500
GMR-00150,unassigned_point,node/12887060030,no,41.4597653,-8.3240495,EVCE,yes,09:30-22:30,Mobi.E,,,,,+351 800 301 303,https://www.mobie.pt/,0,0,0,0,0,0,0,0,0,0,0,0,2,32,22 kW,400,0,0,0,0,0,0,0,0
GMR-00156,unassigned_point,node/13279693995,no,41.447914,-8.363688,Mota Engil II,yes,24/7,Mobi.E,,,,,+351 800 020 940,https://www.mobie.pt/,0,0,0,0,0,0,0,0,0,0,0,0,0,0,0,0,0,0,0,0,2,200,60 kW,1000
GMR-00160,unassigned_point,node/13306377307,no,41.4870259,-8.3524262,Galp Power,yes,24/7,Mobi.E,,,,,+351 800 249 249,https://www.mobie.pt/,0,0,0,0,0,0,0,0,0,0,0,0,0,0,0,0,0,0,0,0,2,250,90 kW,1000
GMR-00162,unassigned_point,node/13340375861,no,41.4593322,-8.2840327,Helexia II,yes,24/7,Mobi.E,,,,,+351 210 181 157,https://www.mobie.pt/,0,0,0,0,0,0,0,0,0,0,0,0,0,0,0,0,0,0,0,0,2,250,100 kW,1000
GMR-00167,unassigned_point,node/13356404069,no,41.4419199,-8.3800355,REMO,yes,24/7,Mobi.E,,,,,+351 800 020 940,https://www.mobie.pt/,0,0,0,0,0,0,0,0,0,0,0,0,0,0,0,0,0,0,0,0,2,500,150 kW,1000
GMR-70012,unassigned_point,node/8144037962,no,41.4412851,-8.3044643,Atlante,yes,24/7,Mobi.E,,,,,+351 800 296 929;+351 234 246 050,https://www.mobie.pt,0,0,0,0,0,0,0,0,0,0,0,0,2,32,7.4 kW,230,0,0,0,0,0,0,0,0
GMR-90001,unassigned_point,node/3612876421,no,41.4448216,-8.2915479,Galp Power,yes,24/7,Mobi.E,,,,,+351 800 249 249,https://www.mobie.pt,0,0,0,0,0,0,0,0,0,0,0,0,2,32,7.4 kW,230,0,0,0,0,0,0,0,0
GOI-00001,unassigned_point,node/8109685926,no,40.1632958,-8.1089321,Powerdot,yes,24/7,Mobi.E,,,,,+351 800 180 292,https://www.mobie.pt,0,0,0,0,0,0,0,0,0,0,0,0,2,32,22 kW,400,0,0,0,0,0,0,0,0
GRD-00002,unassigned_point,node/8143027998,no,40.5374582,-7.2661894,Powerdot,yes,24/7,Mobi.E,,,,,+351 800 180 292,https://www.mobie.pt,0,0,0,0,0,0,0,0,0,0,0,0,2,16,3.7 kW,230,0,0,0,0,0,0,0,0
GRD-00004,unassigned_point,node/8143027995,no,40.5509513,-7.2460976,Atlante,yes,24/7,Mobi.E,,,,,+351 800 296 929;+351 234 246 050,https://www.mobie.pt,0,0,0,0,0,0,0,0,0,0,0,0,2,16,3.7 kW,230,0,0,0,0,0,0,0,0
GRD-00007,unassigned_point,node/8234959780,no,40.5438347,-7.2155982,Galp Geste,yes,24/7,Mobi.E,A 23,,,,+351 800 249 249,https://www.mobie.pt,1,120,50 kW,500,0,0,0,0,0,0,0,0,0,0,0,0,1,63,43 kW,400,1,125,50 kW,500
GRD-00008,unassigned_point,node/8078271553,no,40.5440105,-7.2162935,Galp Geste,yes,24/7,Mobi.E,,,,,+351 800 249 249,https://www.mobie.pt,1,120,50 kW,500,0,0,0,0,0,0,0,0,0,0,0,0,1,63,43 kW,400,1,125,50 kW,500
GRD-00012,unassigned_point,node/8781101648,no,40.5343074,-7.2436519,Repsol,yes,24/7,Mobi.E,,Guarda,,,+351 800 226 624,https://www.mobie.pt,1,120,50 kW,500,0,0,0,0,0,0,0,0,0,0,0,0,1,63,43 kW,400,1,150,60 kW,1000
GRD-00019,unassigned_point,node/10571690793,no,40.5414771,-7.2608056,Repsol,yes,24/7,Mobi.E,,,,,+351 800 226 624,https://www.mobie.pt/,1,125,50 kW,500,0,0,0,0,0,0,0,0,0,0,0,0,1,32,22 kW,400,1,150,60 kW,500
GRD-00020,unassigned_point,node/10269340796,no,40.5431462,-7.2586255,Galp Geste,yes,24/7,Mobi.E,,,,,+351 800 249 249,https://www.mobie.pt/,0,0,0,0,0,0,0,0,0,0,0,0,0,0,0,0,0,0,0,0,2,200,120 kW,1000
GRD-00021,unassigned_point,node/10809116535,no,40.549415,-7.241882,NRG,yes,24/7,Mobi.E,,,,,,https://www.mobie.pt/,1,120,50 kW,500,0,0,0,0,0,0,0,0,0,0,0,0,0,0,0,0,1,200,180 kW,1000
GRD-00027,unassigned_point,node/11127335089,no,40.552404,-7.24914,Prio.E,yes,24/7,Mobi.E,,,,,+351 800 100 303,https://www.mobie.pt/,1,120,50 kW,500,0,0,0,0,0,0,0,0,0,0,0,0,0,0,0,0,1,200,90 kW,1000
GRD-00028,unassigned_point,node/8833322152,no,40.5589951,-7.2503628,Atlante,yes,24/7,Mobi.E,,Guarda,,,+351 800 296 929;+351 234 246 050,https://www.mobie.pt,1,120,50 kW,500,0,0,0,0,0,0,0,0,0,0,0,0,1,32,22 kW,400,1,150,50 kW,500
GRD-00032,unassigned_point,node/11432988426,no,40.6044164,-7.2982841,High Green Power,yes,24/7,Mobi.E,,,,,,https://www.mobie.pt/,0,0,0,0,0,0,0,0,0,0,0,0,1,16,11 kW,400,0,0,0,0,0,0,0,0
GRD-00033,unassigned_point,node/11892126461,no,40.5519832,-7.24685,Iberdrola,yes,09:00-21:30,Mobi.E,,,,,+351 800 607 717,https://www.mobie.pt/,0,0,0,0,0,0,0,0,0,0,0,0,2,32,22 kW,400,0,0,0,0,0,0,0,0
GRD-00036,unassigned_point,node/11684517731,no,40.5342651,-7.243022,Charging Together,yes,24/7,Mobi.E,,,,,,https://www.mobie.pt,1,200,80 kW,500,0,0,0,0,0,0,0,0,0,0,0,0,0,0,0,0,2,500,150 kW,1000
GRD-00042,unassigned_point,node/8235022353,no,40.5438983,-7.2586651,Galp Power,yes,24/7,Mobi.E,,Guarda,,,+351 800 249 249,https://www.mobie.pt,1,120,50 kW,500,0,0,0,0,0,0,0,0,0,0,0,0,1,63,43 kW,400,1,125,50 kW,500
GRD-00044,unassigned_point,node/13021803205,no,40.5377211,-7.2399147,Acciona,yes,24/7,Mobi.E,,,,,,https://www.mobie.pt/,1,200,80 kW,500,0,0,0,0,0,0,0,0,1,32,22 kW,400,0,0,0,0,1,250,100 kW,1000
GRD-00045,unassigned_point,node/13016256782,no,40.532096,-7.3285054,EDP,yes,24/7,Mobi.E,,,,,+351 800 222 222,https://www.mobie.pt/,0,0,0,0,0,0,0,0,0,0,0,0,2,32,22 kW,400,0,0,0,0,0,0,0,0
GRD-00046,unassigned_point,node/13016341254,no,40.535088,-7.2642396,EDP,yes,24/7,Mobi.E,,,,,+351 800 222 222,https://www.mobie.pt/,0,0,0,0,0,0,0,0,0,0,0,0,1,32,22 kW,400,0,0,0,0,2,300,120 kW,1000
GRD-00047,unassigned_point,node/13016353547,no,40.5112461,-7.3833507,EDP,yes,24/7,Mobi.E,,,,,+351 800 222 222,https://www.mobie.pt/,0,0,0,0,0,0,0,0,0,0,0,0,2,32,22 kW,400,0,0,0,0,0,0,0,0
GRD-00048,unassigned_point,node/13016324038,no,40.5277838,-7.1991867,EDP,yes,24/7,Mobi.E,,,,,+351 800 222 222,https://www.mobie.pt/,0,0,0,0,0,0,0,0,0,0,0,0,1,32,22 kW,400,0,0,0,0,2,300,120 kW,1000
GRD-00049,unassigned_point,node/13016356441,no,40.5542387,-7.2425866,EDP,yes,24/7,Mobi.E,,,,,+351 800 222 222,https://www.mobie.pt/,0,0,0,0,0,0,0,0,0,0,0,0,2,32,22 kW,400,0,0,0,0,0,0,0,0
GRD-00050,unassigned_point,node/13016290584,no,40.5287529,-7.277432,EDP,yes,24/7,Mobi.E,,,,,+351 800 222 222,https://www.mobie.pt/,0,0,0,0,0,0,0,0,0,0,0,0,1,32,22 kW,400,0,0,0,0,2,300,120 kW,1000
GRD-00051,unassigned_point,node/13016316763,no,40.5443902,-7.2459214,EDP,yes,24/7,Mobi.E,,,,,+351 800 222 222,https://www.mobie.pt/,0,0,0,0,0,0,0,0,0,0,0,0,2,32,22 kW,400,0,0,0,0,0,0,0,0
GRD-00052,unassigned_point,node/13016357913,no,40.5304469,-7.2577343,EDP,yes,24/7,Mobi.E,,,,,+351 800 222 222,https://www.mobie.pt/,0,0,0,0,0,0,0,0,0,0,0,0,2,32,22 kW,400,0,0,0,0,0,0,0,0
GRD-00053,unassigned_point,node/13016360506,no,40.5310224,-7.2635476,EDP,yes,24/7,Mobi.E,,,,,+351 800 222 222,https://www.mobie.pt/,0,0,0,0,0,0,0,0,0,0,0,0,2,32,22 kW,400,0,0,0,0,0,0,0,0
GRD-00054,unassigned_point,node/13016364035,no,40.534447,-7.271228,EDP,yes,24/7,Mobi.E,,,,,+351 800 222 222,https://www.mobie.pt/,0,0,0,0,0,0,0,0,0,0,0,0,2,32,22 kW,400,0,0,0,0,0,0,0,0
GRD-00055,unassigned_point,node/13016363603,no,40.5417523,-7.2595691,EDP,yes,24/7,Mobi.E,,,,,+351 800 222 222,https://www.mobie.pt/,0,0,0,0,0,0,0,0,0,0,0,0,2,32,22 kW,400,0,0,0,0,0,0,0,0
GRD-00059,unassigned_point,node/9847828033,no,40.5658302,-7.2244214,Acciona,yes,24/7,Mobi.E,,,,,,https://www.mobie.pt/,1,120,50 kW,500,0,0,0,0,0,0,0,0,1,32,22 kW,400,0,0,0,0,1,125,50 kW,500
GRD-70003,unassigned_point,node/8143027997,no,40.5375762,-7.2770536,Atlante,yes,24/7,Mobi.E,,,,,+351 800 296 929;+351 234 246 050,https://www.mobie.pt,0,0,0,0,0,0,0,0,0,0,0,0,2,32,22 kW,400,0,0,0,0,0,0,0,0
GRD-90001,unassigned_point,node/8143027999,no,40.5359321,-7.2671313,Galp Power,yes,24/7,Mobi.E,,,,,+351 800 249 249,https://www.mobie.pt,0,0,0,0,0,0,0,0,0,0,0,0,2,32,7.4 kW,230,0,0,0,0,0,0,0,0
GRD-90005,unassigned_point,node/8143027996,no,40.5414865,-7.2665009,Galp Power,yes,24/7,Mobi.E,,,,,+351 800 249 249,https://www.mobie.pt,0,0,0,0,0,0,0,0,0,0,0,0,2,16,3.7 kW,230,0,0,0,0,0,0,0,0
GVA-00001,unassigned_point,node/8440850794,no,40.4926772,-7.5942083,Atlante,yes,24/7,Mobi.E,,,,PT,+351 800 296 929;+351 234 246 050,https://www.mobie.pt,0,0,0,0,0,0,0,0,0,0,0,0,2,32,22 kW,400,0,0,0,0,0,0,0,0
GVA-00006,unassigned_point,node/9456398517,no,40.4946223,-7.6010196,Galp Power,yes,24/7,Mobi.E,,,,PT,+351 800 249 249,https://www.mobie.pt/,1,120,50 kW,500,0,0,0,0,0,0,0,0,0,0,0,0,1,63,43 kW,400,1,125,50 kW,500
HRT-00001,unassigned_point,node/8220809913,no,38.5286792,-28.6302008,Galp Geste,yes,24/7,Mobi.E,Estrada Principe Alberto de Monaco,Horta (Angústias),,,+351 800 249 249,https://www.mobie.pt,1,120,50 kW,500,0,0,0,0,0,0,0,0,0,0,0,0,1,63,43 kW,400,1,125,50 kW,500
HRT-00003,unassigned_point,node/11051694103,no,38.634809,-28.6959467,SEGMA,yes,24/7,Mobi.E,,,,,,https://www.mobie.pt/,0,0,0,0,0,0,0,0,0,0,0,0,2,32,22 kW,400,0,0,0,0,0,0,0,0
HRT-00004,unassigned_point,node/12586216456,no,38.53056,-28.628477,SEGMA,yes,24/7,Mobi.E,,,,,+351 296 20 22 09,https://www.mobie.pt/,0,0,0,0,0,0,0,0,0,0,0,0,1,32,22 kW,400,0,0,0,0,0,0,0,0
HRT-00005,unassigned_point,node/12979789082,no,38.5428973,-28.6204412,SEGMA,yes,24/7,Mobi.E,,,,,,https://www.mobie.pt/,0,0,0,0,0,0,0,0,0,0,0,0,2,32,22 kW,400,0,0,0,0,0,0,0,0
HRT-00006,unassigned_point,node/12979776007,no,38.5376367,-28.6262586,SEGMA,yes,24/7,Mobi.E,,,,,,https://www.mobie.pt/,0,0,0,0,0,0,0,0,0,0,0,0,2,32,22 kW,400,0,0,0,0,0,0,0,0
HRT-00007,unassigned_point,node/12979776006,no,38.53305,-28.627926,SEGMA,yes,24/7,Mobi.E,,,,,,https://www.mobie.pt/,0,0,0,0,0,0,0,0,0,0,0,0,2,32,22 kW,400,0,0,0,0,0,0,0,0
HRT-00008,unassigned_point,node/12979776005,no,38.5283479,-28.6350433,SEGMA,yes,24/7,Mobi.E,,,,,,https://www.mobie.pt/,0,0,0,0,0,0,0,0,0,0,0,0,2,32,22 kW,400,0,0,0,0,0,0,0,0
HRT-00009,unassigned_point,node/13172082494,no,38.5286138,-28.6266024,SEGMA,yes,24/7,Mobi.E,,,,,+351 296 20 22 09,https://www.mobie.pt/,0,0,0,0,0,0,0,0,0,0,0,0,2,32,22 kW,400,0,0,0,0,0,0,0,0
IDN-00001,unassigned_point,node/8284957668,no,39.9230237,-7.2417763,Atlante,yes,24/7,Mobi.E,,,,,+351 800 296 929;+351 234 246 050,https://www.mobie.pt,0,0,0,0,0,0,0,0,0,0,0,0,2,32,22 kW,400,0,0,0,0,0,0,0,0
IDN-00002,unassigned_point,node/11877520415,no,40.0003584,-6.8768661,Iberdrola,yes,24/7,Mobi.E,,,,,+351 800 607 717,https://www.mobie.pt/,0,0,0,0,0,0,0,0,0,0,0,0,0,0,0,0,2,32,22 kW,400,0,0,0,0
IDN-00005,unassigned_point,node/12176539856,no,40.032802,-7.009445,Charging Together,yes,24/7,Mobi.E,,,,,+351 800 917 576,https://www.mobie.pt,1,200,80 kW,500,0,0,0,0,0,0,0,0,0,0,0,0,0,0,0,0,2,500,150 kW,1000
IDN-00006,unassigned_point,node/12569198445,no,40.0462535,-7.1842911,Prio.E,yes,24/7,Mobi.E,,,,,+351 800 100 303,https://www.mobie.pt/,1,125,50 kW,500,0,0,0,0,0,0,0,0,0,0,0,0,0,0,0,0,1,250,90 kW,1000
IDN-00009,unassigned_point,node/13830936462,no,39.8393321,-7.26019,Atlante,yes,24/7,Mobi.E,,,,,+351 800 296 929;+351 234 246 050,https://www.mobie.pt/,0,0,0,0,0,0,0,0,0,0,0,0,1,32,22 kW,400,0,0,0,0,0,0,0,0
IDN-00010,unassigned_point,node/13949137859,no,39.8330132,-7.261266,Atlante,yes,24/7,Mobi.E,,,,,+351 800 296 929;+351 234 246 050,https://www.mobie.pt/,0,0,0,0,0,0,0,0,0,0,0,0,1,32,22 kW,400,0,0,0,0,0,0,0,0
ILH-00002,unassigned_point,node/8225265851,no,40.6280845,-8.7040861,Prio.E,yes,24/7,Mobi.E,,Ílhavo,,,+351 800 100 303,https://www.mobie.pt,1,120,50 kW,500,0,0,0,0,0,0,0,0,0,0,0,0,0,0,0,0,1,125,50 kW,500
ILH-00009,unassigned_point,node/10931462670,no,40.6037478,-8.6623944,Atlante,yes,24/7,Mobi.E,,,,,+351 800 296 929;+351 234 246 050,https://www.mobie.pt,1,125,30 kW,500,0,0,0,0,0,0,0,0,0,0,0,0,1,32,22 kW,400,1,150,30 kW,500
ILH-00016,unassigned_point,node/12101523364,no,40.59732,-8.6652228,EDP,yes,24/7,Mobi.E,,,,,+351 800 222 222,https://www.mobie.pt,1,125,50 kW,500,0,0,0,0,0,0,0,0,1,32,22 kW,400,0,0,0,0,1,200,90 kW,1000
ILH-00017,unassigned_point,node/12996082020,no,40.6400448,-8.7467393,DTE,yes,24/7,Mobi.E,,,,,,https://www.mobie.pt/,0,0,0,0,0,0,0,0,0,0,0,0,2,32,22 kW,400,0,0,0,0,0,0,0,0
ILH-00018,unassigned_point,node/12396883397,no,40.6334059,-8.7464743,DTE,yes,24/7,Mobi.E,,,,,,https://www.mobie.pt,1,125,50 kW,500,0,0,0,0,0,0,0,0,0,0,0,0,1,32,22 kW,400,1,150,60 kW,1000
ILH-00019,unassigned_point,node/12996082019,no,40.635582,-8.712472,DTE,yes,24/7,Mobi.E,,,,,,https://www.mobie.pt/,0,0,0,0,0,0,0,0,0,0,0,0,2,32,22 kW,400,0,0,0,0,0,0,0,0
ILH-00020,unassigned_point,node/12884599563,no,40.6365468,-8.6946643,DTE,yes,24/7,Mobi.E,,,,,,https://www.mobie.pt/,0,0,0,0,0,0,0,0,0,0,0,0,2,32,22 kW,400,0,0,0,0,0,0,0,0
ILH-00021,unassigned_point,node/13081943645,no,40.6181098,-8.751734,DTE,yes,24/7,Mobi.E,,,,,,https://www.mobie.pt/,0,0,0,0,0,0,0,0,0,0,0,0,2,32,22 kW,400,0,0,0,0,0,0,0,0
ILH-00022,unassigned_point,node/12748834147,no,40.6113671,-8.749245,DTE,yes,24/7,Mobi.E,,,,,,https://www.mobie.pt/,1,125,50 kW,500,0,0,0,0,0,0,0,0,0,0,0,0,1,32,22 kW,400,1,125,60 kW,1000
ILH-00023,unassigned_point,node/12996082018,no,40.6172219,-8.7334877,DTE,yes,24/7,Mobi.E,,,,,,https://www.mobie.pt/,0,0,0,0,0,0,0,0,0,0,0,0,2,32,22 kW,400,0,0,0,0,0,0,0,0
ILH-00024,unassigned_point,node/12841593502,no,40.60496,-8.715914,DTE,yes,24/7,Mobi.E,,,,,,https://www.mobie.pt,1,125,50 kW,500,0,0,0,0,0,0,0,0,0,0,0,0,1,32,22 kW,400,1,150,60 kW,1000
ILH-00025,unassigned_point,node/12841623225,no,40.5877737,-8.7416326,DTE,yes,24/7,Mobi.E,,,,,,https://www.mobie.pt/,0,0,0,0,0,0,0,0,0,0,0,0,2,32,22 kW,400,0,0,0,0,0,0,0,0
ILH-00026,unassigned_point,node/12841579464,no,40.6047625,-8.6657106,DTE,yes,24/7,Mobi.E,,,,,,https://www.mobie.pt,1,125,50 kW,500,0,0,0,0,0,0,0,0,0,0,0,0,1,32,22 kW,400,1,150,60 kW,1000
ILH-00027,unassigned_point,node/12841579463,no,40.60074,-8.667914,DTE,yes,24/7,Mobi.E,,,,,,https://www.mobie.pt,1,125,50 kW,500,0,0,0,0,0,0,0,0,0,0,0,0,1,32,22 kW,400,1,150,60 kW,1000
ILH-00028,unassigned_point,node/12841576959,no,40.617854,-8.666815,DTE,yes,24/7,Mobi.E,,,,,,https://www.mobie.pt,1,125,50 kW,500,0,0,0,0,0,0,0,0,0,0,0,0,1,32,22 kW,400,1,150,60 kW,1000
ILH-00029,unassigned_point,node/12826871764,no,40.6078169,-8.6848393,DTE,yes,24/7,Mobi.E,,,,,,https://www.mobie.pt/,0,0,0,0,0,0,0,0,0,0,0,0,2,32,22 kW,400,0,0,0,0,0,0,0,0
ILH-00030,unassigned_point,node/12827099470,no,40.614613,-8.737825,DTE,yes,24/7,Mobi.E,,,,,,https://www.mobie.pt/,0,0,0,0,0,0,0,0,0,0,0,0,2,32,22 kW,400,0,0,0,0,0,0,0,0
ILH-90001,unassigned_point,node/8309449243,no,40.6135288,-8.7495842,EDP,yes,24/7,Mobi.E,,,,,+351 800 222 222,https://www.mobie.pt,0,0,0,0,0,0,0,0,0,0,0,0,2,32,22 kW,400,0,0,0,0,0,0,0,0
LAG-00001,unassigned_point,node/8270396392,no,37.7462759,-25.574692,SEGMA,yes,24/7,Mobi.E,,,,,+351 296 20 22 09,https://www.mobie.pt,0,0,0,0,0,0,0,0,0,0,0,0,2,32,22 kW,400,0,0,0,0,0,0,0,0
LAG-00003,unassigned_point,node/13959955369,no,37.7482678,-25.5827663,SEGMA,yes,24/7,Mobi.E,,,,,+351 296 20 22 09,https://www.segma.pt/,0,0,0,0,0,0,0,0,0,0,0,0,2,32,22 kW,400,0,0,0,0,0,0,0,0
LAG-00004,unassigned_point,node/13987997342,no,37.7453029,-25.5793241,SEGMA,yes,24/7,Mobi.E,,,,,+351 296 20 22 09,https://www.segma.pt/,0,0,0,0,0,0,0,0,0,0,0,0,2,32,22 kW,400,0,0,0,0,0,0,0,0
LAG-00005,unassigned_point,node/13959955368,no,37.7216489,-25.5104889,SEGMA,yes,24/7,Mobi.E,,,,,+351 296 20 22 09,https://www.segma.pt/,0,0,0,0,0,0,0,0,0,0,0,0,2,32,22 kW,400,0,0,0,0,0,0,0,0
LAG-00007,unassigned_point,node/13959955367,no,37.7419962,-25.577337,SEGMA,yes,24/7,Mobi.E,,,,,+351 296 20 22 09,https://www.segma.pt/,0,0,0,0,0,0,0,0,0,0,0,0,2,32,22 kW,400,0,0,0,0,0,0,0,0
LGA-00002,unassigned_point,node/8850662958,no,37.0997223,-8.4692656,EDP,yes,24/7,Mobi.E,,,,,+351 800 222 222,https://www.mobie.pt,0,0,0,0,0,0,0,0,0,0,0,0,2,32,22 kW,400,0,0,0,0,0,0,0,0
LGA-00015,unassigned_point,node/9238885741,no,37.140696,-8.5065724,Repsol,yes,24/7,Mobi.E,,,,,+351 800 226 624,https://www.mobie.pt/,1,80,30 kW,500,0,0,0,0,0,0,0,0,0,0,0,0,1,32,22 kW,400,1,80,30 kW,1000
LGA-00016,unassigned_point,node/9458753222,no,37.0914829,-8.4445623,Veimonte,yes,24/7,Mobi.E,,,,,+351 266 896 443,https://www.mobie.pt/,0,0,0,0,0,0,0,0,0,0,0,0,2,32,22 kW,400,0,0,0,0,0,0,0,0
LGA-00018,unassigned_point,node/11103231980,no,37.1045707,-8.4771072,EDP,yes,24/7,Mobi.E,,,,,+351 800 222 222,https://www.mobie.pt/,0,0,0,0,0,0,0,0,0,0,0,0,2,32,7.4 kW,230,0,0,0,0,0,0,0,0
LGA-00023,unassigned_point,node/10722216482,no,37.130912,-8.454179,Atlante,yes,24/7,Mobi.E,,,,,+351 800 296 929;+351 234 246 050,https://www.mobie.pt/,1,120,30 kW,500,0,0,0,0,0,0,0,0,0,0,0,0,1,16,11 kW,400,1,125,30 kW,500
LGA-00025,unassigned_point,node/12020159643,no,37.136415,-8.520922,EDP,yes,24/7,Mobi.E,,,,,+351 800 222 222,https://www.mobie.pt,0,0,0,0,0,0,0,0,0,0,0,0,1,32,22 kW,400,0,0,0,0,2,200,120 kW,1000
LGA-00032,unassigned_point,node/12345029839,no,37.1358404,-8.4601798,EDP,yes,24/7,Mobi.E,,,,,+351 800 222 222,https://www.mobie.pt/,1,125,50 kW,500,0,0,0,0,0,0,0,0,0,0,0,0,0,0,0,0,1,300,120 kW,1000
LGA-00033,unassigned_point,node/12300231168,no,37.1374459,-8.5195097,EDP,yes,09:00-20:00,Mobi.E,,,,,+351 800 222 222,https://www.mobie.pt/,0,0,0,0,0,0,0,0,0,0,0,0,2,32,22 kW,400,0,0,0,0,0,0,0,0
LGA-00035,unassigned_point,node/12563742561,no,37.1269372,-8.5196707,EV Power,yes,24/7,Mobi.E,,,,,+351 800 254 565,https://www.mobie.pt/,0,0,0,0,0,0,0,0,0,0,0,0,2,32,22 kW,400,0,0,0,0,0,0,0,0
LGA-00037,unassigned_point,node/12059982436,no,37.1517297,-8.4262862,Cepsa,yes,24/7,Mobi.E,,,,,,https://www.mobie.pt/,0,0,0,0,0,0,0,0,0,0,0,0,0,0,0,0,0,0,0,0,2,500,300 kW,1000
LGA-00042,unassigned_point,node/7070440679,no,37.1364274,-8.4665899,Prio.E,yes,24/7,Mobi.E,Reta Vale de Deus,Lagoa,,,+351 800 100 303,https://www.mobie.pt,1,120,50 kW,500,0,0,0,0,0,0,0,0,0,0,0,0,0,0,0,0,1,150,60 kW,1000
LGA-00043,unassigned_point,node/7995646152,no,37.1368653,-8.5197277,Galp Power,yes,24/7,Mobi.E,,,,,+351 800 249 249,https://www.mobie.pt,1,120,50 kW,500,0,0,0,0,0,0,0,0,0,0,0,0,1,63,43 kW,400,1,125,50 kW,500
LGA-00047,unassigned_point,node/13830836772,no,37.1014073,-8.3850818,Luzigás,yes,24/7,Mobi.E,,,,,+351 808 203 825,https://www.mobie.pt/,0,0,0,0,0,0,0,0,0,0,0,0,0,0,0,0,0,0,0,0,2,190,120 kW,1000
LGA-80001,unassigned_point,node/7272409829,no,37.1335145,-8.4543195,Atlante,yes,24/7,Mobi.E,,,,,+351 800 296 929;+351 234 246 050,https://www.mobie.pt,0,0,0,0,0,0,0,0,0,0,0,0,2,32,22 kW,400,0,0,0,0,0,0,0,0
LGF-00001,unassigned_point,node/8220836084,no,39.3790806,-31.1815099,Galp Geste,yes,24/7,Mobi.E,Travessa da Cruz,Lajes das Flores,,PT,+351 800 249 249,https://www.mobie.pt,1,120,50 kW,500,0,0,0,0,0,0,0,0,0,0,0,0,1,63,43 kW,400,1,125,50 kW,500
LGP-00001,unassigned_point,node/8270429442,no,38.3962367,-28.2516941,SEGMA,yes,24/7,Mobi.E,,,,PT,,https://www.mobie.pt,0,0,0,0,0,0,0,0,0,0,0,0,2,32,22 kW,400,0,0,0,0,0,0,0,0
LGS-00002,unassigned_point,node/5398312785,no,37.1488132,-8.7039562,Galp Geste,yes,24/7,Mobi.E,,,,,+351 800 249 249,https://www.mobie.pt,1,120,50 kW,500,0,0,0,0,0,0,0,0,0,0,0,0,1,63,43 kW,400,1,125,50 kW,500
LGS-00003,unassigned_point,node/5398312786,no,37.1485224,-8.7026574,Galp Geste,yes,24/7,Mobi.E,,,,,+351 800 249 249,https://www.mobie.pt,1,120,50 kW,500,0,0,0,0,0,0,0,0,0,0,0,0,1,63,43 kW,400,1,125,50 kW,500
LGS-00005,unassigned_point,node/8270254652,no,37.1061319,-8.6740071,EDP,yes,24/7,Mobi.E,,,,,+351 800 222 222,https://www.mobie.pt,0,0,0,0,0,0,0,0,0,0,0,0,2,32,22 kW,400,0,0,0,0,0,0,0,0
LGS-00008,unassigned_point,node/8085618939,no,37.1127821,-8.6759005,Plug,yes,24/7,Mobi.E,,,,,+351 211 648 577,https://www.mobie.pt,0,0,0,0,0,0,0,0,0,0,0,0,2,32,22 kW,400,0,0,0,0,0,0,0,0
LGS-00011,unassigned_point,node/9458753221,no,37.0868805,-8.6854788,Powerdot,yes,24/7,Mobi.E,,,,,+351 800 180 292,https://www.mobie.pt/,0,0,0,0,0,0,0,0,0,0,0,0,2,32,22 kW,400,0,0,0,0,0,0,0,0
LGS-00012,unassigned_point,node/9598091360,no,37.1137291,-8.6812851,EDP,yes,24/7,Mobi.E,,,,,+351 800 222 222,https://www.mobie.pt,1,125,50 kW,500,0,0,0,0,0,0,0,0,1,32,22 kW,400,0,0,0,0,1,200,90 kW,1000
LGS-00030,unassigned_point,node/11289495897,no,37.111085,-8.67924,Galp Power,yes,24/7,Mobi.E,,,,,+351 800 249 249,https://www.mobie.pt/,0,0,0,0,0,0,0,0,0,0,0,0,0,0,0,0,0,0,0,0,2,190,180 kW,1000
LGS-00033,unassigned_point,node/11819820859,no,37.1067162,-8.6876513,Evio,yes,24/7,Mobi.E,,,,,,https://www.mobie.pt/,0,0,0,0,0,0,0,0,0,0,0,0,0,0,0,0,0,0,0,0,2,250,120 kW,500
LGS-00037,unassigned_point,node/12312704735,no,37.1198112,-8.6728632,Charging Together,yes,24/7,Mobi.E,,,,,+351 800 917 576,https://www.mobie.pt,1,200,80 kW,500,0,0,0,0,0,0,0,0,0,0,0,0,0,0,0,0,2,500,150 kW,1000
LGS-00038,unassigned_point,node/12607067729,no,37.1109699,-8.6798122,Galp Power,yes,24/7,Mobi.E,,,,,+351 800 249 249,https://www.mobie.pt/,0,0,0,0,0,0,0,0,0,0,0,0,0,0,0,0,0,0,0,0,2,250,90 kW,1000
LGS-00039,unassigned_point,node/12719001112,no,37.09126,-8.733207,Charging Together,yes,24/7,Mobi.E,,,,,+351 800 917 576,https://www.mobie.pt,1,200,80 kW,500,0,0,0,0,0,0,0,0,0,0,0,0,0,0,0,0,2,500,150 kW,1000
LGS-00041,unassigned_point,node/7995658005,no,37.1072721,-8.6813557,Galp Power,yes,24/7,Mobi.E,,,,,+351 800 249 249,https://www.mobie.pt,1,120,50 kW,500,0,0,0,0,0,0,0,0,0,0,0,0,1,63,43 kW,400,1,125,50 kW,500
LGS-00046,unassigned_point,node/11332057548,no,37.1073195,-8.6793344,Atlante,yes,24/7,Mobi.E,,,,,+351 800 296 929;+351 234 246 050,https://www.mobie.pt/,0,0,0,0,0,0,0,0,0,0,0,0,0,0,0,0,0,0,0,0,2,150,60 kW,500
LGS-00047,unassigned_point,node/10675989049,no,37.1129049,-8.6761286,Atlante,yes,24/7,Mobi.E,,,,,+351 800 296 929;+351 234 246 050,https://www.mobie.pt/,0,0,0,0,0,0,0,0,0,0,0,0,0,0,0,0,0,0,0,0,2,375,100 kW,1000
LLE-00002,unassigned_point,node/5137692866,no,37.1362255,-8.1107364,Galp Geste,yes,24/7,Mobi.E,Área de Serviço de Loulé Sentido O/E,,,,+351 800 249 249,https://www.mobie.pt,1,120,50 kW,500,0,0,0,0,0,0,0,0,0,0,0,0,1,63,43 kW,400,1,125,50 kW,500
LLE-00003,unassigned_point,node/5137692865,no,37.1372983,-8.1104655,Galp Geste,yes,24/7,Mobi.E,Área de Serviço de Loulé Sentido E/O,,,,+351 800 249 249,https://www.mobie.pt,1,120,50 kW,500,0,0,0,0,0,0,0,0,0,0,0,0,1,63,43 kW,400,1,125,50 kW,500
LLE-00021,unassigned_point,node/7131935132,no,37.0694013,-8.1077412,Loulé Concelho Global,yes,24/7,Mobi.E,Largo das Cortes Reais,Quarteira,,,+351 289 401 080,https://www.mobie.pt,0,0,0,0,0,0,0,0,0,0,0,0,2,32,22 kW,400,0,0,0,0,0,0,0,0
LLE-00022,unassigned_point,node/7131901084,no,37.1381444,-8.0208913,Loulé Concelho Global,yes,24/7,Mobi.E,Avenida José da Costa Mealha,Loulé,,,+351 289 401 080,https://www.mobie.pt,0,0,0,0,0,0,0,0,0,0,0,0,2,32,22 kW,400,0,0,0,0,0,0,0,0
LLE-00023,unassigned_point,node/8269969086,no,37.1376623,-8.0175881,Powerdot,yes,24/7,Mobi.E,,,,,+351 800 180 292,https://www.mobie.pt,0,0,0,0,0,0,0,0,0,0,0,0,2,32,22 kW,400,0,0,0,0,0,0,0,0
LLE-00043,unassigned_point,node/6905683672,no,37.0610045,-8.0309408,Loulé Concelho Global,yes,24/7,Mobi.E,Centro Comercial Buganvilia Plaza,Almancil,,,+351 289 401 080,https://www.mobie.pt,1,120,50 kW,500,0,0,0,0,0,0,0,0,1,32,22 kW,400,0,0,0,0,1,125,50 kW,500
LLE-00049,unassigned_point,node/6905244011,no,37.1395257,-8.0247744,Loulé Concelho Global,yes,24/7,Mobi.E,Rua de São Paulo,Loulé,,,+351 289 401 080,https://www.mobie.pt,1,120,50 kW,500,0,0,0,0,0,0,0,0,1,32,22 kW,400,0,0,0,0,1,125,50 kW,500
LLE-00052,unassigned_point,node/8553085828,no,37.0450316,-8.0172363,Plug,yes,24/7,Mobi.E,Aldeamento Vilar do Golf,Quinta do Lago,,,+351 211 648 577,https://www.mobie.pt,0,0,0,0,0,0,0,0,0,0,0,0,2,32,22 kW,400,0,0,0,0,0,0,0,0
LLE-00054,unassigned_point,node/8840244413,no,37.082291,-8.1180428,Galp Geste,yes,24/7,Mobi.E,Avenida Engenheiro João Meireles,Vilamoura,,,+351 800 249 249,https://www.mobie.pt,1,120,50 kW,500,0,0,0,0,0,0,0,0,0,0,0,0,1,63,43 kW,400,1,125,50 kW,500
LLE-00056,unassigned_point,node/8781101649,no,37.0357119,-8.0267143,Loulé Concelho Global,yes,24/7,Mobi.E,,,,,+351 289 401 080,https://www.mobie.pt,0,0,0,0,0,0,0,0,0,0,0,0,2,32,22 kW,400,0,0,0,0,0,0,0,0
LLE-00057,unassigned_point,node/9208602997,no,37.0481257,-8.0292231,Loulé Concelho Global,yes,24/7,Mobi.E,,,,,+351 289 401 080,https://www.mobie.pt/,0,0,0,0,0,0,0,0,0,0,0,0,2,32,22 kW,400,0,0,0,0,0,0,0,0
LLE-00059,unassigned_point,node/8269974329,no,37.240269,-8.0453563,Loulé Concelho Global,yes,24/7,Mobi.E,,,,,+351 289 401 080,https://www.mobie.pt,0,0,0,0,0,0,0,0,0,0,0,0,2,32,22 kW,400,0,0,0,0,0,0,0,0
LLE-00060,unassigned_point,node/8269974330,no,37.1977544,-7.9868062,Loulé Concelho Global,yes,24/7,Mobi.E,,,,,+351 289 401 080,https://www.mobie.pt,0,0,0,0,0,0,0,0,0,0,0,0,2,32,22 kW,400,0,0,0,0,0,0,0,0
LLE-00061,unassigned_point,node/8269972288,no,37.0737479,-8.1086015,Loulé Concelho Global,yes,24/7,Mobi.E,,,,,+351 289 401 080,https://www.mobie.pt,0,0,0,0,0,0,0,0,0,0,0,0,2,32,22 kW,400,0,0,0,0,0,0,0,0
LLE-00062,unassigned_point,node/8269938606,no,37.132899,-8.0030466,Loulé Concelho Global,yes,24/7,Mobi.E,,,,,+351 289 401 080,https://www.mobie.pt,0,0,0,0,0,0,0,0,0,0,0,0,2,32,22 kW,400,0,0,0,0,0,0,0,0
LLE-00064,unassigned_point,node/8269986418,no,37.1338048,-8.1603152,Loulé Concelho Global,yes,24/7,Mobi.E,,,,,+351 289 401 080,https://www.mobie.pt,0,0,0,0,0,0,0,0,0,0,0,0,2,32,22 kW,400,0,0,0,0,0,0,0,0
LLE-00065,unassigned_point,node/8269974328,no,37.3637684,-7.9615594,Loulé Concelho Global,yes,24/7,Mobi.E,,,,,+351 289 401 080,https://www.mobie.pt,0,0,0,0,0,0,0,0,0,0,0,0,2,32,22 kW,400,0,0,0,0,0,0,0,0
LLE-00066,unassigned_point,node/8269958549,no,37.2334479,-8.1790547,Loulé Concelho Global,yes,24/7,Mobi.E,,,,,+351 289 401 080,https://www.mobie.pt,0,0,0,0,0,0,0,0,0,0,0,0,2,32,22 kW,400,0,0,0,0,0,0,0,0
LLE-00067,unassigned_point,node/8269938604,no,37.0816944,-8.0356738,Loulé Concelho Global,yes,24/7,Mobi.E,,,,,+351 289 401 080,https://www.mobie.pt,0,0,0,0,0,0,0,0,0,0,0,0,2,32,22 kW,400,0,0,0,0,0,0,0,0
LLE-00069,unassigned_point,node/9319250336,no,37.0942575,-8.0433429,Powerdot,yes,24/7,Mobi.E,,,,,+351 800 180 292,https://www.mobie.pt/,1,120,50 kW,500,0,0,0,0,0,0,0,0,0,0,0,0,1,63,43 kW,400,1,125,50 kW,500
LLE-00072,unassigned_point,node/9325275038,no,37.0448257,-8.0298,Luzigás,yes,24/7,Mobi.E,,,,,+351 808 203 825,https://www.mobie.pt/,0,0,0,0,0,0,0,0,0,0,0,0,2,32,7.4 kW,230,0,0,0,0,0,0,0,0
LLE-00073,unassigned_point,node/7131888831,no,37.0491908,-8.0634284,Loulé Concelho Global,yes,24/7,Mobi.E,Estrada da Horta,Vale de Lobo,,,+351 289 401 080,https://www.mobie.pt,0,0,0,0,0,0,0,0,0,0,0,0,2,32,22 kW,400,0,0,0,0,0,0,0,0
LLE-00074,unassigned_point,node/7131880291,no,37.052055,-8.0648956,Loulé Concelho Global,yes,24/7,Mobi.E,Avenida do Mar,Vale de Lobo,,,+351 289 401 080,https://www.mobie.pt,0,0,0,0,0,0,0,0,0,0,0,0,2,32,22 kW,400,0,0,0,0,0,0,0,0
LLE-00079,unassigned_point,node/7127044141,no,37.0763271,-8.114725,Galp Power,yes,24/7,Mobi.E,Avenida Tivoli,Vilamoura,,,+351 800 249 249,https://www.mobie.pt,0,0,0,0,0,0,0,0,0,0,0,0,2,32,22 kW,400,0,0,0,0,0,0,0,0
LLE-00083,unassigned_point,node/7129425281,no,37.0742984,-8.1181575,Galp Power,yes,24/7,Mobi.E,Avenida da Marina,Vilamoura,,,+351 800 249 249,https://www.mobie.pt,0,0,0,0,0,0,0,0,0,0,0,0,2,32,22 kW,400,0,0,0,0,0,0,0,0
LLE-00084,unassigned_point,node/6906350097,no,37.0826857,-8.1174159,Galp Power,yes,24/7,Mobi.E,Avenida Engheneiro João Meireles,Vilamoura,,,+351 800 249 249,https://www.mobie.pt,1,120,50 kW,500,0,0,0,0,0,0,0,0,0,0,0,0,1,63,43 kW,400,1,125,50 kW,500
LLE-00085,unassigned_point,node/9860072933,no,37.040769,-8.049818,Loulé Concelho Global,yes,24/7,Mobi.E,,,,,+351 289 401 080,https://www.mobie.pt/,0,0,0,0,0,0,0,0,0,0,0,0,2,32,22 kW,400,0,0,0,0,0,0,0,0
LLE-00114,unassigned_point,node/10246674406,no,37.080415,-8.114305,Galp Power,yes,24/7,Mobi.E,,,,,+351 800 249 249,https://www.mobie.pt/,1,120,50 kW,500,0,0,0,0,0,0,0,0,0,0,0,0,0,0,0,0,1,250,100 kW,1000
LLE-00115,unassigned_point,node/10246674405,no,37.077101,-8.102371,Galp Power,yes,24/7,Mobi.E,,,,,+351 800 249 249,https://www.mobie.pt/,1,120,50 kW,500,0,0,0,0,0,0,0,0,0,0,0,0,0,0,0,0,1,250,100 kW,1000
LLE-00116,unassigned_point,node/10246674404,no,37.1102295,-8.1470493,Galp Power,yes,24/7,Mobi.E,,,,,+351 800 249 249,https://www.mobie.pt/,1,120,50 kW,500,0,0,0,0,0,0,0,0,0,0,0,0,0,0,0,0,1,250,100 kW,1000
LLE-00117,unassigned_point,node/10773665775,no,37.091345,-8.121602,Galp Power,yes,24/7,Mobi.E,,,,,+351 800 249 249,https://www.mobie.pt/,1,120,50 kW,500,0,0,0,0,0,0,0,0,0,0,0,0,0,0,0,0,1,250,100 kW,1000
LLE-00118,unassigned_point,node/10773710820,no,37.1144821,-8.1471805,Galp Power,yes,24/7,Mobi.E,,,,,+351 800 249 249,https://www.mobie.pt/,1,120,50 kW,500,0,0,0,0,0,0,0,0,0,0,0,0,0,0,0,0,1,250,100 kW,1000
LLE-00119,unassigned_point,node/10773665774,no,37.0870664,-8.120997,Galp Power,yes,24/7,Mobi.E,,,,,+351 800 249 249,https://www.mobie.pt/,1,120,50 kW,500,0,0,0,0,0,0,0,0,0,0,0,0,0,0,0,0,1,250,100 kW,1000
LLE-00120,unassigned_point,node/10773665778,no,37.1050357,-8.1151407,Galp Power,yes,24/7,Mobi.E,,,,,+351 800 249 249,https://www.mobie.pt/,1,120,50 kW,500,0,0,0,0,0,0,0,0,0,0,0,0,0,0,0,0,1,250,100 kW,1000
LLE-00121,unassigned_point,node/10773665776,no,37.08741,-8.115817,Galp Power,yes,24/7,Mobi.E,,,,,+351 800 249 249,https://www.mobie.pt/,1,120,50 kW,500,0,0,0,0,0,0,0,0,0,0,0,0,0,0,0,0,1,300,100 kW,1000
LLE-00122,unassigned_point,node/10773665777,no,37.0818245,-8.1070317,Galp Power,yes,24/7,Mobi.E,,,,,+351 800 249 249,https://www.mobie.pt/,1,120,50 kW,500,0,0,0,0,0,0,0,0,0,0,0,0,0,0,0,0,1,250,100 kW,1000
LLE-00132,unassigned_point,node/10751645204,no,37.1409023,-8.020447,Loulé Concelho Global,yes,24/7,Mobi.E,,,,,+351 289 401 080,https://www.mobie.pt/,0,0,0,0,0,0,0,0,0,0,0,0,2,32,22 kW,400,0,0,0,0,0,0,0,0
LLE-00133,unassigned_point,node/10759839706,no,37.0669955,-8.099417,Loulé Concelho Global,yes,24/7,Mobi.E,,,,,+351 289 401 080,https://www.mobie.pt/,0,0,0,0,0,0,0,0,0,0,0,0,2,32,22 kW,400,0,0,0,0,0,0,0,0
LLE-00142,unassigned_point,node/10967696441,no,37.0733049,-8.0492973,EDP,yes,24/7,Mobi.E,,,,,+351 800 222 222,https://www.mobie.pt/,0,0,0,0,0,0,0,0,0,0,0,0,2,16,11 kW,400,0,0,0,0,0,0,0,0
LLE-00147,unassigned_point,node/11071979371,no,37.0678684,-8.0395843,Repsol,yes,24/7,Mobi.E,,,,,+351 800 226 624,https://www.mobie.pt/,0,0,0,0,0,0,0,0,0,0,0,0,1,32,22 kW,400,0,0,0,0,0,0,0,0
LLE-00157,unassigned_point,node/11061732350,no,37.1043494,-8.12637,Atlante,yes,24/7,Mobi.E,,,,,+351 800 296 929;+351 234 246 050,https://www.mobie.pt/,1,125,50 kW,500,0,0,0,0,0,0,0,0,0,0,0,0,1,32,22 kW,400,1,150,60 kW,500
LLE-00158,unassigned_point,node/10237649031,no,37.0775243,-8.094407,Atlante,yes,24/7,Mobi.E,,,,,+351 800 296 929;+351 234 246 050,https://www.mobie.pt/,1,120,50 kW,500,0,0,0,0,0,0,0,0,0,0,0,0,1,32,22 kW,400,1,125,50 kW,500
LLE-00159,unassigned_point,node/10777696088,no,37.1372378,-8.029701,Atlante,yes,24/7,Mobi.E,,,,,+351 800 296 929;+351 234 246 050,https://www.mobie.pt/,1,120,50 kW,500,0,0,0,0,0,0,0,0,0,0,0,0,1,32,22 kW,400,1,125,50 kW,500
LLE-00162,unassigned_point,node/7127072234,no,37.0829291,-8.11951,Atlante,yes,24/7,Mobi.E,Rua das Amoreiras,Vilamoura,,,+351 800 296 929;+351 234 246 050,https://www.mobie.pt,0,0,0,0,0,0,0,0,0,0,0,0,2,32,22 kW,400,0,0,0,0,0,0,0,0
LLE-00163,unassigned_point,node/9847762710,no,37.0737558,-8.1183948,Atlante,yes,24/7,Mobi.E,,,,,+351 800 296 929;+351 234 246 050,https://www.mobie.pt/,0,0,0,0,0,0,0,0,0,0,0,0,2,32,22 kW,400,0,0,0,0,0,0,0,0
LLE-00165,unassigned_point,node/7127068946,no,37.0841011,-8.0847815,Atlante,yes,24/7,Mobi.E,"Rua A, Vila Sol",Quarteira,,,+351 800 296 929;+351 234 246 050,https://www.mobie.pt,0,0,0,0,0,0,0,0,0,0,0,0,2,32,22 kW,400,0,0,0,0,0,0,0,0
LLE-00173,unassigned_point,node/10777898545,no,37.079125,-8.122689,Atlante,yes,24/7,Mobi.E,,,,,+351 800 296 929;+351 234 246 050,https://www.mobie.pt/,0,0,0,0,0,0,0,0,0,0,0,0,0,0,0,0,0,0,0,0,2,250,100 kW,1000
LLE-00174,unassigned_point,node/7127082177,no,37.0760264,-8.1182514,Atlante,yes,24/7,Mobi.E,Avenida da Marina,Vilamoura,,,+351 800 296 929;+351 234 246 050,https://www.mobie.pt,0,0,0,0,0,0,0,0,0,0,0,0,2,32,22 kW,400,0,0,0,0,0,0,0,0
LLE-00176,unassigned_point,node/10647619606,no,37.090107,-8.0337468,Atlante,yes,24/7,Mobi.E,,,,,+351 800 296 929;+351 234 246 050,https://www.mobie.pt/,1,125,50 kW,500,0,0,0,0,0,0,0,0,0,0,0,0,0,0,0,0,1,250,100 kW,500
LLE-00177,unassigned_point,node/10777898544,no,37.086557,-8.110831,Atlante,yes,24/7,Mobi.E,,,,,+351 800 296 929;+351 234 246 050,https://www.mobie.pt/,0,0,0,0,0,0,0,0,0,0,0,0,0,0,0,0,0,0,0,0,2,250,100 kW,1000
LLE-00178,unassigned_point,node/10777898543,no,37.092423,-8.093538,Atlante,yes,24/7,Mobi.E,,,,,+351 800 296 929;+351 234 246 050,https://www.mobie.pt/,1,120,50 kW,500,0,0,0,0,0,0,0,0,0,0,0,0,0,0,0,0,1,300,100 kW,1000
LLE-00186,unassigned_point,node/12505279875,no,37.0508666,-8.0512957,Loulé Concelho Global,yes,24/7,Mobi.E,,,,,+351 289 401 080,https://www.mobie.pt/,0,0,0,0,0,0,0,0,0,0,0,0,2,32,22 kW,400,0,0,0,0,0,0,0,0
LLE-00187,unassigned_point,node/13140673448,no,37.1288204,-8.036899,Loulé Concelho Global,yes,24/7,Mobi.E,,,,,+351 289 401 080,https://www.mobie.pt/,0,0,0,0,0,0,0,0,0,0,0,0,2,32,22 kW,400,0,0,0,0,0,0,0,0
LLE-00188,unassigned_point,node/13831550443,no,37.1316574,-8.1592326,Loulé Concelho Global,yes,24/7,Mobi.E,,,,,,https://www.mobie.pt/,0,0,0,0,0,0,0,0,0,0,0,0,2,32,22 kW,400,0,0,0,0,0,0,0,0
LLE-00189,unassigned_point,node/13154253876,no,37.06888,-8.093531,Loulé Concelho Global,yes,24/7,Mobi.E,,,,,+351 289 401 080,https://www.mobie.pt/,0,0,0,0,0,0,0,0,0,0,0,0,2,32,22 kW,400,0,0,0,0,0,0,0,0
LLE-00190,unassigned_point,node/13184076214,no,37.1401855,-8.0304904,Loulé Concelho Global,yes,24/7,Mobi.E,,,,,+351 289 401 080,https://www.mobie.pt/,0,0,0,0,0,0,0,0,0,0,0,0,2,32,22 kW,400,0,0,0,0,0,0,0,0
LLE-00193,unassigned_point,node/12188552514,no,37.1377467,-7.998709,Prio.E,yes,08:30-20:00,Mobi.E,,,,,+351 800 100 303,https://www.mobie.pt/,0,0,0,0,0,0,0,0,0,0,0,0,0,0,0,0,0,0,0,0,2,200,90 kW,500
LLE-00201,unassigned_point,node/12195761295,no,37.1027381,-8.1330963,Galp Power,yes,24/7,Mobi.E,,,,,+351 800 249 249,https://www.mobie.pt/,0,0,0,0,0,0,0,0,0,0,0,0,0,0,0,0,0,0,0,0,2,200,120 kW,1000
LLE-00202,unassigned_point,node/11910670624,no,37.1062875,-8.1298533,Galp Power,yes,24/7,Mobi.E,,,,,+351 800 249 249,https://www.mobie.pt/,0,0,0,0,0,0,0,0,0,0,0,0,0,0,0,0,0,0,0,0,2,200,120 kW,1000
LLE-00203,unassigned_point,node/11867258961,no,37.1072886,-8.1220319,Galp Power,yes,24/7,Mobi.E,,,,,+351 800 249 249,https://www.mobie.pt/,1,125,50 kW,500,0,0,0,0,0,0,0,0,0,0,0,0,0,0,0,0,1,200,120 kW,1000
LLE-00204,unassigned_point,node/11867258960,no,37.0909213,-8.1131108,Galp Power,yes,24/7,Mobi.E,,,,,+351 800 249 249,https://www.mobie.pt/,0,0,0,0,0,0,0,0,0,0,0,0,0,0,0,0,0,0,0,0,2,200,120 kW,1000
LLE-00205,unassigned_point,node/11910670623,no,37.0914824,-8.1042298,Galp Power,yes,24/7,Mobi.E,,,,,+351 800 249 249,https://www.mobie.pt/,0,0,0,0,0,0,0,0,0,0,0,0,0,0,0,0,0,0,0,0,2,200,120 kW,1000
LLE-00207,unassigned_point,node/12131813029,no,37.101501,-8.1298895,Galp Power,yes,24/7,Mobi.E,,,,,+351 800 249 249,https://www.mobie.pt/,0,0,0,0,0,0,0,0,0,0,0,0,0,0,0,0,0,0,0,0,2,200,120 kW,1000
LLE-00208,unassigned_point,node/11910670630,no,37.0901164,-8.1274966,Galp Power,yes,24/7,Mobi.E,,,,,+351 800 249 249,https://www.mobie.pt/,0,0,0,0,0,0,0,0,0,0,0,0,0,0,0,0,0,0,0,0,2,200,120 kW,1000
LLE-00209,unassigned_point,node/11867258959,no,37.0859119,-8.0941766,Galp Power,yes,24/7,Mobi.E,,,,,+351 800 249 249,https://www.mobie.pt/,0,0,0,0,0,0,0,0,0,0,0,0,0,0,0,0,0,0,0,0,2,200,120 kW,1000
LLE-00210,unassigned_point,node/11949808637,no,37.0800634,-8.1008887,Galp Power,yes,24/7,Mobi.E,,,,,+351 800 249 249,https://www.mobie.pt/,0,0,0,0,0,0,0,0,0,0,0,0,0,0,0,0,0,0,0,0,2,200,120 kW,1000
LLE-00211,unassigned_point,node/11947706720,no,37.0958339,-8.1306714,Galp Power,yes,24/7,Mobi.E,,,,,+351 800 249 249,https://www.mobie.pt/,0,0,0,0,0,0,0,0,0,0,0,0,0,0,0,0,0,0,0,0,2,200,120 kW,1000
LLE-00221,unassigned_point,node/10981659773,no,37.1369585,-8.009221,EDP,yes,24/7,Mobi.E,,,,,+351 800 222 222,https://www.mobie.pt/,0,0,0,0,0,0,0,0,0,0,0,0,2,32,22 kW,400,0,0,0,0,0,0,0,0
LLE-00223,unassigned_point,node/12132803537,no,37.0923495,-8.0266255,Charging Together,yes,24/7,Mobi.E,,,,,+351 800 917 576,https://www.mobie.pt,1,200,80 kW,500,0,0,0,0,0,0,0,0,0,0,0,0,0,0,0,0,2,500,150 kW,1000
LLE-00225,unassigned_point,node/7070428801,no,37.0763785,-8.095163,Charging Together,yes,24/7,Mobi.E,Av. de Ceuta,Quarteira,8125-406,,+351 800 917 576,https://www.mobie.pt,0,0,0,0,0,0,0,0,0,0,0,0,0,0,0,0,0,0,0,0,2,150,50 kW,1000
LLE-00234,unassigned_point,node/11145894250,no,37.092601,-8.0409081,Galp Power,yes,09:00-21:00,Mobi.E,,,,,+351 800 249 249,https://www.mobie.pt/,1,120,50 kW,500,0,0,0,0,0,0,0,0,0,0,0,0,1,32,22 kW,400,1,125,50 kW,500
LLE-00235,unassigned_point,node/7788236487,no,37.1294714,-8.1512306,Galp Power,yes,24/7,Mobi.E,,Boliqueime,,,+351 800 202 060,https://www.mobie.pt,1,120,50 kW,500,0,0,0,0,0,0,0,0,0,0,0,0,1,63,43 kW,400,1,125,50 kW,500
LLE-00236,unassigned_point,node/12072355372,no,37.0738102,-8.0785103,Galp Power,yes,24/7,Mobi.E,,,,,+351 800 249 249,https://www.mobie.pt/,1,120,50 kW,500,0,0,0,0,0,0,0,0,0,0,0,0,1,32,22 kW,400,1,125,50 kW,500
LLE-00237,unassigned_point,node/11896590200,no,37.135207,-8.0310579,Galp Power,yes,24/7,Mobi.E,,,,,+351 800 249 249,https://www.mobie.pt/,1,120,50 kW,500,0,0,0,0,0,0,0,0,0,0,0,0,1,32,22 kW,400,1,125,50 kW,500
LLE-00238,unassigned_point,node/11914242916,no,37.1009147,-8.0014817,Galp Power,yes,24/7,Mobi.E,,,,,+351 800 249 249,https://www.mobie.pt/,1,120,50 kW,500,0,0,0,0,0,0,0,0,0,0,0,0,1,32,22 kW,400,1,125,50 kW,500
LLE-00256,unassigned_point,node/8362282924,no,37.0780741,-8.1236322,Galp Power,yes,24/7,Mobi.E,,,,,+351 800 249 249,https://www.mobie.pt/,0,0,0,0,0,0,0,0,0,0,0,0,2,32,22 kW,400,0,0,0,0,0,0,0,0
LMG-00002,unassigned_point,node/8112945349,no,41.1005878,-7.810883,Powerdot,yes,24/7,Mobi.E,,,,,+351 800 180 292,https://www.mobie.pt,0,0,0,0,0,0,0,0,0,0,0,0,2,32,22 kW,400,0,0,0,0,0,0,0,0
LMG-00003,unassigned_point,node/8112945350,no,41.0965607,-7.8075041,Powerdot,yes,24/7,Mobi.E,,,,,+351 800 180 292,https://www.mobie.pt,0,0,0,0,0,0,0,0,0,0,0,0,2,32,22 kW,400,0,0,0,0,0,0,0,0
LMG-00010,unassigned_point,node/9847863913,no,41.0995694,-7.8185822,EDP,yes,24/7,Mobi.E,,,,,+351 800 222 222,https://www.mobie.pt/,1,125,50 kW,500,0,0,0,0,0,0,0,0,0,0,0,0,0,0,0,0,1,200,120 kW,1000
LMG-00013,unassigned_point,node/11483104396,no,41.0907004,-7.7994949,EDP,yes,24/7,Mobi.E,,,,,+351 800 222 222,https://www.mobie.pt,1,125,50 kW,500,0,0,0,0,0,0,0,0,1,32,22 kW,400,0,0,0,0,1,200,90 kW,1000
LMG-00016,unassigned_point,node/12188496424,no,41.0993458,-7.8072286,Galp Power,yes,24/7,Mobi.E,,,,,+351 800 249 249,https://www.mobie.pt/,0,0,0,0,0,0,0,0,0,0,0,0,0,0,0,0,0,0,0,0,2,250,90 kW,1000
LMG-00017,unassigned_point,node/12200052185,no,41.0815586,-7.7987084,Galp Power,yes,24/7,Mobi.E,,,,,+351 800 249 249,https://www.mobie.pt/,1,120,50 kW,500,0,0,0,0,0,0,0,0,0,0,0,0,1,32,22 kW,400,1,125,50 kW,500
LMG-00018,unassigned_point,node/13121741617,no,41.10776,-7.80676,EDP,yes,24/7,Mobi.E,,,,,+351 800 222 222,https://www.mobie.pt/,0,0,0,0,0,0,0,0,0,0,0,0,2,32,22 kW,400,0,0,0,0,0,0,0,0
LMG-00019,unassigned_point,node/13268649070,no,41.0914581,-7.8052461,EDP,yes,24/7,Mobi.E,,,,,+351 800 222 222,https://www.mobie.pt/,0,0,0,0,0,0,0,0,0,0,0,0,2,32,22 kW,400,0,0,0,0,0,0,0,0
LMG-00020,unassigned_point,node/13512541112,no,41.0961767,-7.8173176,EDP,yes,24/7,Mobi.E,,,,,+351 800 222 222,https://www.mobie.pt/,0,0,0,0,0,0,0,0,0,0,0,0,2,32,22 kW,400,0,0,0,0,0,0,0,0
LMG-00021,unassigned_point,node/13481538237,no,41.1008041,-7.8100576,EDP,yes,24/7,Mobi.E,,,,,,https://www.mobie.pt/,0,0,0,0,0,0,0,0,0,0,0,0,1,32,22 kW,400,0,0,0,0,2,200,60 kW,1000
LMG-00022,unassigned_point,node/13648350558,no,41.1276567,-7.8027571,EDP,yes,24/7,Mobi.E,,,,,+351 800 222 222,https://www.mobie.pt/,0,0,0,0,0,0,0,0,0,0,0,0,1,32,22 kW,400,0,0,0,0,2,200,60 kW,500
LMG-00023,unassigned_point,node/13238830705,no,41.0959316,-7.8127999,EDP,yes,24/7,Mobi.E,,,,,+351 800 222 222,https://www.mobie.pt/,0,0,0,0,0,0,0,0,0,0,0,0,0,0,0,0,0,0,0,0,2,300,120 kW,1000
LMG-00024,unassigned_point,node/13339523334,no,41.0942322,-7.8113655,EDP,yes,24/7,Mobi.E,,,,,+351 800 222 222,https://www.mobie.pt/,0,0,0,0,0,0,0,0,0,0,0,0,0,0,0,0,1,32,22 kW,400,2,120,60 kW,500
LMG-90004,unassigned_point,node/8313008736,no,41.0862463,-7.7988272,Powerdot,yes,24/7,Mobi.E,,,,,+351 800 180 292,https://www.mobie.pt,0,0,0,0,0,0,0,0,0,0,0,0,2,32,22 kW,400,0,0,0,0,0,0,0,0
LNH-00007,unassigned_point,node/11483104395,no,39.2512486,-9.3125361,EDP,yes,24/7,Mobi.E,,,,,+351 800 222 222,https://www.mobie.pt/,0,0,0,0,0,0,0,0,0,0,0,0,2,32,22 kW,400,0,0,0,0,0,0,0,0
LNH-00011,unassigned_point,node/10604806969,no,39.2442757,-9.313535,Atlante,yes,24/7,Mobi.E,,,,,+351 800 296 929;+351 234 246 050,https://www.mobie.pt/,0,0,0,0,0,0,0,0,0,0,0,0,2,32,22 kW,400,0,0,0,0,0,0,0,0
LNH-00012,unassigned_point,node/10571672759,no,39.2393457,-9.3096846,Atlante,yes,24/7,Mobi.E,,,,,+351 800 296 929;+351 234 246 050,https://www.mobie.pt/,0,0,0,0,0,0,0,0,0,0,0,0,2,30,22 kW,400,0,0,0,0,0,0,0,0
LNH-00013,unassigned_point,node/11607640048,no,39.2439544,-9.3087704,Atlante,yes,24/7,Mobi.E,,,,,+351 800 296 929;+351 234 246 050,https://www.mobie.pt,1,125,50 kW,500,0,0,0,0,0,0,0,0,0,0,0,0,1,32,22 kW,400,1,150,60 kW,500
LNH-00014,unassigned_point,node/11949726699,no,39.2637245,-9.3335697,Galp Power,yes,24/7,Mobi.E,,,,,+351 800 249 249,https://www.mobie.pt/,0,0,0,0,0,0,0,0,0,0,0,0,0,0,0,0,0,0,0,0,2,250,120 kW,1000
LNH-00015,unassigned_point,node/12109953974,no,39.2472357,-9.3122479,EDP,yes,24/7,Mobi.E,,,,,+351 800 222 222,https://www.mobie.pt/,1,125,60 kW,500,0,0,0,0,0,0,0,0,0,0,0,0,0,0,0,0,1,300,120 kW,1000
LNH-00016,unassigned_point,node/11446214797,no,39.2385263,-9.3103567,Galp Power,yes,24/7,Mobi.E,,,,,+351 800 249 249,https://www.mobie.pt/,0,0,0,0,0,0,0,0,0,0,0,0,0,0,0,0,0,0,0,0,2,200,120 kW,1000
LNH-00017,unassigned_point,node/10792390026,no,39.2372264,-9.3076585,EDP,yes,24/7,Mobi.E,,,,,+351 800 222 222,https://www.mobie.pt/,0,0,0,0,0,0,0,0,0,0,0,0,2,32,22 kW,400,0,0,0,0,0,0,0,0
LNH-00018,unassigned_point,node/12546933558,no,39.2416816,-9.3057466,Galp Power,yes,24/7,Mobi.E,,,,,+351 800 249 249,https://www.mobie.pt/,0,0,0,0,0,0,0,0,0,0,0,0,0,0,0,0,0,0,0,0,2,200,120 kW,1000
LNH-00035,unassigned_point,node/12623996155,no,39.265908,-9.3344393,Galp Power,yes,24/7,Mobi.E,,,,,+351 800 249 249,https://www.mobie.pt/,0,0,0,0,0,0,0,0,0,0,0,0,0,0,0,0,0,0,0,0,2,250,120 kW,1000
LNH-00037,unassigned_point,node/12817885803,no,39.2844148,-9.221124,Galp Power,yes,24/7,Mobi.E,,,,,+351 800 249 249,https://www.mobie.pt/,0,0,0,0,0,0,0,0,0,0,0,0,0,0,0,0,0,0,0,0,2,250,120 kW,1000
LNH-00038,unassigned_point,node/9848120744,no,39.2502925,-9.3131318,Galp Power,yes,24/7,Mobi.E,,,,,+351 800 249 249,https://www.mobie.pt/,1,125,50 kW,500,0,0,0,0,0,0,0,0,0,0,0,0,1,32,22 kW,400,1,125,50 kW,500
LNH-00041,unassigned_point,node/8833322153,no,39.2504338,-9.3120316,Atlante,yes,24/7,Mobi.E,,Lourinhã,,,+351 800 296 929;+351 234 246 050,https://www.mobie.pt,0,0,0,0,0,0,0,0,0,0,0,0,0,0,0,0,0,0,0,0,2,150,50 kW,1000
LNH-90001,unassigned_point,node/8089429852,no,39.2439252,-9.3116936,Galp Power,yes,24/7,Mobi.E,,,,,+351 800 249 249,https://www.mobie.pt,0,0,0,0,0,0,0,0,0,0,0,0,2,32,22 kW,400,0,0,0,0,0,0,0,0
LOU-00005,unassigned_point,node/8477405036,no,41.2701728,-8.2877111,Atlante,yes,24/7,Mobi.E,,Lousada,,,+351 800 296 929;+351 234 246 050,https://www.mobie.pt,1,120,50 kW,500,0,0,0,0,0,0,0,0,0,0,0,0,1,63,43 kW,400,1,125,50 kW,500
LOU-00008,unassigned_point,node/12018724388,no,41.2803842,-8.2780528,EDP,yes,24/7,Mobi.E,,,,,+351 800 222 222,https://www.mobie.pt/,0,0,0,0,0,0,0,0,0,0,0,0,2,32,22 kW,400,0,0,0,0,0,0,0,0
LOU-00009,unassigned_point,node/12094195210,no,41.271946,-8.2085038,Mota Engil II,yes,24/7,Mobi.E,,,,,+351 800 020 940,https://www.mobie.pt/,0,0,0,0,0,0,0,0,0,0,0,0,0,0,0,0,0,0,0,0,2,200,60 kW,1000
LOU-00011,unassigned_point,node/12090525389,no,41.2710051,-8.28468,Galp Power,yes,24/7,Mobi.E,,,,,+351 800 249 249,https://www.mobie.pt/,1,120,50 kW,500,0,0,0,0,0,0,0,0,0,0,0,0,1,32,22 kW,400,1,125,50 kW,500
LOU-00015,unassigned_point,node/13621438881,no,41.3227831,-8.3172994,Galp Power,yes,24/7,Mobi.E,,,,,+351 800 249 249,https://www.mobie.pt/,0,0,0,0,0,0,0,0,0,0,0,0,0,0,0,0,0,0,0,0,2,300,180 kW,1000
LOU-00017,unassigned_point,node/13696604398,no,41.322731,-8.3160065,Helexia II,yes,24/7,Mobi.E,,,,,+351 210 181 157,https://www.mobie.pt/,0,0,0,0,0,0,0,0,0,0,0,0,0,0,0,0,0,0,0,0,2,350,120 kW,1000
LOU-00018,unassigned_point,node/13839333786,no,41.265396,-8.2919774,Helexia II,yes,24/7,Mobi.E,,,,,+351 210 181 157,https://www.mobie.pt/,0,0,0,0,0,0,0,0,0,0,0,0,0,0,0,0,0,0,0,0,2,350,160 kW,1000
LOU-00019,unassigned_point,node/13892426838,no,41.2636455,-8.2868621,Repsol,yes,24/7,Mobi.E,,,,,+351 800 226 624,https://www.mobie.pt/,0,0,0,0,0,0,0,0,0,0,0,0,0,0,0,0,0,0,0,0,2,250,150 kW,1000
LOU-90001,unassigned_point,node/8113054725,no,41.2768036,-8.2777517,EDP,yes,24/7,Mobi.E,,,,,+351 800 222 222,https://www.mobie.pt,0,0,0,0,0,0,0,0,0,0,0,0,2,32,22 kW,400,0,0,0,0,0,0,0,0
LOU-90002,unassigned_point,node/9631176944,no,41.2898209,-8.2103929,EDP,yes,24/7,Mobi.E,,,,,+351 800 222 222,https://www.mobie.pt/,0,0,0,0,0,0,0,0,0,0,0,0,2,32,22 kW,400,0,0,0,0,0,0,0,0
LRA-00002,unassigned_point,node/3930754468,no,39.7636449,-8.8066034,Powerdot,yes,24/7,Mobi.E,Rua Joaquim Soares Cêa Simões,Marrazes,2415-690,,+351 800 180 292,https://www.mobie.pt,0,0,0,0,0,0,0,0,0,0,0,0,2,16,3.7 kW,230,0,0,0,0,0,0,0,0
LRA-00003,unassigned_point,node/3930754466,no,39.7562684,-8.8274533,EDP,yes,24/7,Mobi.E,Rua Olímpio Duarte Alves,Leiria,2415,,+351 800 222 222,https://www.mobie.pt,0,0,0,0,0,0,0,0,0,0,0,0,2,16,3.7 kW,230,0,0,0,0,0,0,0,0
LRA-00011,unassigned_point,node/3930754461,no,39.7339934,-8.7975635,Atlante,yes,24/7,Mobi.E,Rua Ascenção,Leiria,,,+351 800 296 929;+351 234 246 050,https://www.mobie.pt,0,0,0,0,0,0,0,0,0,0,0,0,2,16,3.7 kW,230,0,0,0,0,0,0,0,0
LRA-00016,unassigned_point,node/8224744810,no,39.739209,-8.8151523,Galp Geste,yes,24/7,Mobi.E,Avenida da Comunidade Europeia,Leiria,,,+351 800 249 249,https://www.mobie.pt,1,120,50 kW,500,0,0,0,0,0,0,0,0,0,0,0,0,1,63,43 kW,400,1,125,50 kW,500
LRA-00017,unassigned_point,node/8109604272,no,39.7436453,-8.807213,EDP,yes,24/7,Mobi.E,,,,,+351 800 222 222,https://www.mobie.pt,0,0,0,0,0,0,0,0,0,0,0,0,2,32,22 kW,400,0,0,0,0,0,0,0,0
LRA-00018,unassigned_point,node/8461905041,no,39.7383091,-8.8227448,Iberdrola,yes,24/7,Mobi.E,,,,,+351 800 607 717,https://www.mobie.pt,1,120,50 kW,500,0,0,0,0,0,0,0,0,0,0,0,0,1,63,43 kW,400,1,125,50 kW,500
LRA-00024,unassigned_point,node/8413110310,no,39.7294613,-8.7931616,Powerdot,yes,Mo-Sa 09:00-20:00,Mobi.E,,,,,+351 800 180 292,https://www.mobie.pt,0,0,0,0,0,0,0,0,0,0,0,0,2,32,22 kW,400,0,0,0,0,0,0,0,0
LRA-00032,unassigned_point,node/8930794566,no,39.7410384,-8.7970623,Powerdot,yes,24/7,Mobi.E,,,,,+351 800 180 292,https://www.mobie.pt,1,120,50 kW,500,0,0,0,0,0,0,0,0,0,0,0,0,1,63,43 kW,400,1,125,50 kW,500
LRA-00046,unassigned_point,node/9947919965,no,39.7637517,-8.7851773,Moon,yes,24/7,Mobi.E,,,,,,https://www.mobie.pt/,0,0,0,0,0,0,0,0,0,0,0,0,0,0,0,0,1,32,22 kW,400,1,190,180 kW,1000
LRA-00061,unassigned_point,node/9847826026,no,39.7148094,-8.8322178,Powerdot,yes,24/7,Mobi.E,,,,,+351 800 180 292,https://www.mobie.pt,1,125,50 kW,500,0,0,0,0,0,0,0,0,1,32,22 kW,400,0,0,0,0,1,250,120 kW,500
LRA-00071,unassigned_point,node/9920117018,no,39.7656209,-8.8166526,Powerdot,yes,24/7,Mobi.E,,,,,+351 800 180 292,https://www.mobie.pt/,1,120,50 kW,500,0,0,0,0,0,0,0,0,0,0,0,0,1,63,43 kW,400,1,125,50 kW,500
LRA-00074,unassigned_point,node/10005184509,no,39.7657203,-8.7805614,Powerdot,yes,24/7,Mobi.E,,,,,+351 800 180 292,https://www.mobie.pt/,1,120,50 kW,500,0,0,0,0,0,0,0,0,0,0,0,0,1,32,22 kW,400,1,125,50 kW,500
LRA-00088,unassigned_point,node/10571447304,no,39.7130405,-8.7117009,Propel,yes,24/7,Mobi.E,,,,,,https://www.mobie.pt/,1,120,50 kW,500,0,0,0,0,0,0,0,0,0,0,0,0,1,63,43 kW,400,1,125,50 kW,500
LRA-00089,unassigned_point,node/10571447303,no,39.7126149,-8.7094418,Propel,yes,24/7,Mobi.E,,,,,,https://www.mobie.pt/,1,120,50 kW,500,0,0,0,0,0,0,0,0,0,0,0,0,1,63,43 kW,400,1,125,50 kW,500
LRA-00095,unassigned_point,node/11359317371,no,39.68491,-8.8949287,EDP,yes,24/7,Mobi.E,,,,,+351 800 222 222,https://www.mobie.pt/,0,0,0,0,0,0,0,0,0,0,0,0,2,32,22 kW,400,0,0,0,0,0,0,0,0
LRA-00098,unassigned_point,node/11429954368,no,39.790248,-8.830571,Repsol,yes,24/7,Mobi.E,,,,,+351 800 226 624,https://www.mobie.pt/,1,125,50 kW,500,0,0,0,0,0,0,0,0,0,0,0,0,1,32,22 kW,400,1,150,60 kW,1000
LRA-00099,unassigned_point,node/10982810125,no,39.759204,-8.796515,Atlante,yes,08:00-21:00,Mobi.E,,,,,+351 800 296 929;+351 234 246 050,https://www.mobie.pt/,1,120,50 kW,500,0,0,0,0,0,0,0,0,0,0,0,0,0,0,0,0,1,150,60 kW,500
LRA-00100,unassigned_point,node/11487067612,no,39.7304776,-8.8266427,EDP,yes,24/7,Mobi.E,,,,,+351 800 222 222,https://www.mobie.pt/,0,0,0,0,0,0,0,0,0,0,0,0,2,16,11 kW,400,0,0,0,0,0,0,0,0
LRA-00101,unassigned_point,node/10855773199,no,39.760976,-8.8211663,Atlante,yes,24/7,Mobi.E,,,,,+351 800 296 929;+351 234 246 050,https://www.mobie.pt/,1,125,50 kW,500,0,0,0,0,0,0,0,0,0,0,0,0,1,32,22 kW,400,1,150,60 kW,500
LRA-00114,unassigned_point,node/11554812781,no,39.8999798,-8.8262574,EDP,yes,09:00-23:00,Mobi.E,,,,,+351 800 222 222,https://www.mobie.pt/,0,0,0,0,0,0,0,0,0,0,0,0,2,16,11 kW,400,0,0,0,0,0,0,0,0
LRA-00117,unassigned_point,node/11533583680,no,39.8281761,-8.6830158,Charging Together,yes,24/7,Mobi.E,,,,,+351 800 917 576,https://www.mobie.pt/,1,200,80 kW,500,0,0,0,0,0,0,0,0,0,0,0,0,0,0,0,0,2,500,150 kW,1000
LRA-00123,unassigned_point,node/11954649034,no,39.8988462,-8.8271549,Charging Together,yes,24/7,Mobi.E,,,,,+351 800 917 576,https://www.mobie.pt,1,200,80 kW,500,0,0,0,0,0,0,0,0,0,0,0,0,0,0,0,0,2,500,150 kW,1000
LRA-00125,unassigned_point,node/12175823206,no,39.7403987,-8.8229795,Iberdrola,yes,09:00-21:00,Mobi.E,,,,,+351 800 607 717,https://www.mobie.pt/,0,0,0,0,0,0,0,0,0,0,0,0,2,32,22 kW,400,0,0,0,0,0,0,0,0
LRA-00126,unassigned_point,node/12090293630,no,39.8514917,-8.8705276,Mota Engil II,yes,24/7,Mobi.E,,,,,+351 800 020 940,https://www.mobie.pt/,0,0,0,0,0,0,0,0,0,0,0,0,2,16,11 kW,400,0,0,0,0,0,0,0,0
LRA-00127,unassigned_point,node/12115804086,no,39.675059,-8.675567,Charging Together,yes,24/7,Mobi.E,,,,,+351 800 917 576,https://www.mobie.pt,0,0,0,0,0,0,0,0,0,0,0,0,0,0,0,0,0,0,0,0,2,500,150 kW,1000
LRA-00129,unassigned_point,node/13787262436,no,39.7206351,-8.8309237,EDP,yes,Mo-Sa 10:00-19:00,Mobi.E,,,,,,https://www.mobie.pt/,0,0,0,0,0,0,0,0,0,0,0,0,1,32,22 kW,400,0,0,0,0,2,200,60 kW,1000
LRA-00130,unassigned_point,node/12244228991,no,39.7541808,-8.8003351,EDP,yes,24/7,Mobi.E,,,,,+351 800 222 222,https://www.mobie.pt/,1,125,50 kW,500,0,0,0,0,0,0,0,0,0,0,0,0,0,0,0,0,1,200,120 kW,1000
LRA-00133,unassigned_point,node/8040870812,no,39.7145747,-8.8318822,Charging Together,yes,24/7,Mobi.E,Rua da Maceira,Leiria,,,+351 800 917 576,https://www.mobie.pt,0,0,0,0,0,0,0,0,0,0,0,0,0,0,0,0,0,0,0,0,2,150,50 kW,1000
LRA-00146,unassigned_point,node/12519225000,no,39.8877523,-8.8372089,EDP,yes,24/7,Mobi.E,,,,,+351 800 222 222,https://www.mobie.pt/,0,0,0,0,0,0,0,0,0,0,0,0,2,32,22 kW,400,0,0,0,0,0,0,0,0
LRA-00154,unassigned_point,node/12833775642,no,39.7710334,-8.7788609,EDP,yes,Mo-Sa 09:00-19:00,Mobi.E,,,,,+351 800 222 222,https://www.mobie.pt/,0,0,0,0,0,0,0,0,0,0,0,0,0,0,0,0,0,0,0,0,2,300,120 kW,1000
LRA-00155,unassigned_point,node/8224721758,no,39.7312341,-8.7992773,Lidl,yes,24/7,Mobi.E,,Leiria,,,+351 800 249 249,https://www.mobie.pt,1,120,50 kW,500,0,0,0,0,0,0,0,0,0,0,0,0,1,63,43 kW,400,1,125,50 kW,500
LRA-00156,unassigned_point,node/9848120751,no,39.7466017,-8.8156829,Lidl,yes,24/7,Mobi.E,,,,,+351 800 249 249,https://www.mobie.pt/,1,120,50 kW,500,0,0,0,0,0,0,0,0,0,0,0,0,1,32,22 kW,400,1,125,50 kW,500
LRA-00157,unassigned_point,node/12175707860,no,39.7630923,-8.8181311,Galp Power,yes,24/7,Mobi.E,,,,,+351 800 249 249,https://www.mobie.pt/,1,120,50 kW,500,0,0,0,0,0,0,0,0,0,0,0,0,1,32,22 kW,400,1,125,50 kW,500
LRA-00158,unassigned_point,node/12200052179,no,39.7634579,-8.7831244,Galp Power,yes,24/7,Mobi.E,,,,,+351 800 249 249,https://www.mobie.pt/,1,120,50 kW,500,0,0,0,0,0,0,0,0,0,0,0,0,1,32,22 kW,400,1,125,50 kW,500
LRA-00159,unassigned_point,node/13121811695,no,39.7512647,-8.7899682,Iberdrola,yes,09:00-21:00,Mobi.E,,,,,+351 800 607 717,https://www.mobie.pt/,0,0,0,0,0,0,0,0,0,0,0,0,2,32,22 kW,400,0,0,0,0,0,0,0,0
LRA-00169,unassigned_point,node/13151374159,no,39.7407257,-8.7992206,Cepsa,yes,24/7,Mobi.E,,,,,,https://www.mobie.pt/,0,0,0,0,0,0,0,0,0,0,0,0,0,0,0,0,0,0,0,0,2,500,300 kW,1000
LRA-00184,unassigned_point,node/13997411556,no,39.7529099,-8.812968,Repsol,yes,24/7,Mobi.E,,,,,+351 800 226 624,https://www.repsol.pt/,1,125,50 kW,400,0,0,0,0,0,0,0,0,0,0,0,0,1,63,43 kW,400,1,125,50 kW,500
LRA-80004,unassigned_point,node/3930754465,no,39.7516938,-8.8088871,Atlante,yes,24/7,Mobi.E,Avenida 22 de Maio,Leiria,2415,,+351 800 296 929;+351 234 246 050,https://www.mobie.pt,0,0,0,0,0,0,0,0,0,0,0,0,2,32,7.4 kW,230,0,0,0,0,0,0,0,0
LRA-90001,unassigned_point,node/3930754467,no,39.7626397,-8.8229496,Powerdot,yes,24/7,Mobi.E,Rua Francisco Clemente,Leiria,2415,,+351 800 180 292,https://www.mobie.pt,0,0,0,0,0,0,0,0,0,0,0,0,2,16,3.7 kW,230,0,0,0,0,0,0,0,0
LRA-90007,unassigned_point,node/3930754464,no,39.7411219,-8.8096408,EDP,yes,24/7,Mobi.E,Largo da República,Leiria,,,+351 800 222 222,https://www.mobie.pt,0,0,0,0,0,0,0,0,0,0,0,0,2,32,7.4 kW,230,0,0,0,0,0,0,0,0
LRS-00001,unassigned_point,node/8127241435,no,38.9016291,-9.1199063,EDP,yes,24/7,Mobi.E,,,,,+351 800 222 222,https://www.mobie.pt,0,0,0,0,0,0,0,0,0,0,0,0,2,16,3.7 kW,230,0,0,0,0,0,0,0,0
LRS-00007,unassigned_point,node/8127217938,no,38.8260013,-9.1616951,Atlante,yes,24/7,Mobi.E,,,,,+351 800 296 929;+351 234 246 050,https://www.mobie.pt,0,0,0,0,0,0,0,0,0,0,0,0,2,32,7.4 kW,230,0,0,0,0,0,0,0,0
LRS-00014,unassigned_point,node/7636753917,no,38.8463596,-9.1005717,Powerdot,yes,08:00-19:00,Mobi.E,,,,,+351 800 180 292,https://www.mobie.pt,0,0,0,0,0,0,0,0,0,0,0,0,2,16,3.7 kW,230,0,0,0,0,0,0,0,0
LRS-00019,unassigned_point,node/8126753540,no,38.8013451,-9.1043481,Powerdot,yes,24/7,Mobi.E,,,,,+351 800 180 292,https://www.mobie.pt,0,0,0,0,0,0,0,0,0,0,0,0,2,16,3.7 kW,230,0,0,0,0,0,0,0,0
LRS-00020,unassigned_point,node/8126753542,no,38.7940945,-9.1072744,Atlante,yes,24/7,Mobi.E,,,,,+351 800 296 929;+351 234 246 050,https://www.mobie.pt,0,0,0,0,0,0,0,0,0,0,0,0,2,16,3.7 kW,230,0,0,0,0,0,0,0,0
LRS-00021,unassigned_point,node/8126753541,no,38.7945686,-9.1019583,EDP,yes,24/7,Mobi.E,,,,,+351 800 222 222,https://www.mobie.pt,0,0,0,0,0,0,0,0,0,0,0,0,2,16,3.7 kW,230,0,0,0,0,0,0,0,0
LRS-00032,unassigned_point,node/8127217948,no,38.8150322,-9.1184673,Powerdot,yes,24/7,Mobi.E,,,,,+351 800 180 292,https://www.mobie.pt,0,0,0,0,0,0,0,0,0,0,0,0,2,16,3.7 kW,230,0,0,0,0,0,0,0,0
LRS-00034,unassigned_point,node/5390017495,no,38.8256798,-9.161502,Mobiletric,yes,24/7,Mobi.E,Parque Adão Barata,Loures,,,+351 800 249 249,https://www.mobie.pt,1,120,50 kW,500,0,0,0,0,0,0,0,0,0,0,0,0,1,63,43 kW,400,1,125,50 kW,500
LRS-00055,unassigned_point,node/9108791148,no,38.826538,-9.1628262,Galp Geste,yes,24/7,Mobi.E,,,,,+351 800 249 249,https://www.mobie.pt,1,120,50 kW,500,0,0,0,0,0,0,0,0,0,0,0,0,1,63,43 kW,400,1,125,50 kW,500
LRS-00060,unassigned_point,node/9328074493,no,38.8382512,-9.1654023,Moon,yes,Mo-Fr 09:00-19:30; Sa 09:00-18:00,Mobi.E,,,,,,https://www.mobie.pt/,1,120,50 kW,500,0,0,0,0,0,0,0,0,0,0,0,0,0,0,0,0,1,150,75 kW,500
LRS-00061,unassigned_point,node/9108791147,no,38.8085302,-9.1568104,EDP,yes,24/7,Mobi.E,,,,,+351 800 222 222,https://www.mobie.pt,0,0,0,0,0,0,0,0,0,0,0,0,1,32,22 kW,400,0,0,0,0,2,200,120 kW,1000
LRS-00063,unassigned_point,node/9600958559,no,38.8074384,-9.1568559,EDP,yes,24/7,Mobi.E,,,,,+351 800 222 222,https://www.mobie.pt/,1,125,50 kW,500,0,0,0,0,0,0,0,0,1,32,22 kW,400,0,0,0,0,1,200,90 kW,1000
LRS-00066,unassigned_point,node/9749864565,no,38.7940559,-9.1033437,Mobiletric,yes,Mo-Fr 07:30-20:00; Sa 07:30-17:00,Mobi.E,,,,,+351 800 249 249,https://www.mobie.pt/,0,0,0,0,0,0,0,0,0,0,0,0,2,32,22 kW,400,0,0,0,0,0,0,0,0
LRS-00092,unassigned_point,node/10553244016,no,38.7824739,-9.117754,EDP,yes,24/7,Mobi.E,,,,,+351 800 222 222,https://www.mobie.pt/,1,120,50 kW,500,0,0,0,0,0,0,0,0,0,0,0,0,0,0,0,0,1,200,120 kW,1000
LRS-00093,unassigned_point,node/10931338707,no,38.8848643,-9.1956803,Repsol,yes,24/7,Mobi.E,,,,,+351 800 226 624,https://www.mobie.pt,1,125,50 kW,500,0,0,0,0,0,0,0,0,0,0,0,0,1,64,43 kW,400,1,150,60 kW,1000
LRS-00098,unassigned_point,node/11270419877,no,38.8141463,-9.1004354,Atlante,yes,24/7,Mobi.E,,,,,+351 800 296 929;+351 234 246 050,https://www.mobie.pt/,1,125,50 kW,500,0,0,0,0,0,0,0,0,0,0,0,0,1,32,22 kW,400,1,150,60 kW,500
LRS-00100,unassigned_point,node/11371820964,no,38.851681,-9.0760168,EDP,yes,24/7,Mobi.E,,,,,+351 800 222 222,https://www.mobie.pt/,0,0,0,0,0,0,0,0,0,0,0,0,2,32,22 kW,400,0,0,0,0,0,0,0,0
LRS-00102,unassigned_point,node/11210903327,no,38.8161422,-9.1554858,Atlante,yes,09:00-21:00,Mobi.E,,,,,+351 800 296 929;+351 234 246 050,https://www.mobie.pt/,1,125,50 kW,500,0,0,0,0,0,0,0,0,0,0,0,0,1,32,22 kW,400,1,150,60 kW,500
LRS-00103,unassigned_point,node/10247064566,no,38.7978503,-9.1146927,Atlante,yes,07:30-21:00,Mobi.E,,,,,+351 800 296 929;+351 234 246 050,https://www.mobie.pt/,1,125,50 kW,500,0,0,0,0,0,0,0,0,0,0,0,0,0,0,0,0,1,150,60 kW,500
LRS-00123,unassigned_point,node/11867258958,no,38.8443279,-9.1660257,EDP,yes,24/7,Mobi.E,,,,,+351 800 222 222,https://www.mobie.pt/,0,0,0,0,0,0,0,0,0,0,0,0,2,32,22 kW,400,0,0,0,0,0,0,0,0
LRS-00130,unassigned_point,node/12412449465,no,38.8487199,-9.181097,Charging Together,yes,24/7,Mobi.E,,,,,+351 800 917 576,https://www.mobie.pt,1,200,80 kW,500,0,0,0,0,0,0,0,0,0,0,0,0,0,0,0,0,2,500,150 kW,1000
LRS-00131,unassigned_point,node/11349894185,no,38.7948896,-9.1034915,EDP,yes,24/7,Mobi.E,,,,,+351 800 222 222,https://www.mobie.pt,1,125,50 kW,500,0,0,0,0,0,0,0,0,0,0,0,0,1,32,22 kW,400,1,125,60 kW,500
LRS-00133,unassigned_point,node/12529933521,no,38.8455052,-9.162202,Prio.E,yes,24/7,Mobi.E,,,,,+351 800 100 303,https://www.mobie.pt/,0,0,0,0,0,0,0,0,0,0,0,0,0,0,0,0,0,0,0,0,2,250,90 kW,1000
LRS-00137,unassigned_point,node/12651930041,no,38.8505628,-9.0756511,Iberdrola,yes,09:00-21:00,Mobi.E,,,,,+351 800 607 717,https://www.mobie.pt/,0,0,0,0,0,0,0,0,0,0,0,0,2,32,22 kW,400,0,0,0,0,0,0,0,0
LRS-00140,unassigned_point,node/8126746542,no,38.7785608,-9.1023468,Powerdot,yes,24/7,Mobi.E,,,,,+351 800 180 292,https://www.mobie.pt,0,0,0,0,0,0,0,0,0,0,0,0,2,16,11 kW,400,0,0,0,0,0,0,0,0
LRS-00141,unassigned_point,node/8127217945,no,38.8071335,-9.1577127,Powerdot,yes,24/7,Mobi.E,,,,,+351 800 180 292,https://www.mobie.pt,0,0,0,0,0,0,0,0,0,0,0,0,2,32,22 kW,400,0,0,0,0,0,0,0,0
LRS-00143,unassigned_point,node/5389986370,no,38.795967,-9.1167322,Galp Power,yes,24/7,Mobi.E,,Sacavém,,,+351 800 249 249,https://www.mobie.pt,1,120,50 kW,500,0,0,0,0,0,0,0,0,0,0,0,0,1,63,43 kW,400,1,125,50 kW,500
LRS-00144,unassigned_point,node/12039801170,no,38.8376167,-9.0830706,Galp Power,yes,24/7,Mobi.E,,,,,+351 800 249 249,https://www.mobie.pt/,1,120,50 kW,500,0,0,0,0,0,0,0,0,0,0,0,0,1,63,43 kW,400,1,125,50 kW,500
LRS-00145,unassigned_point,node/9848183326,no,38.7852262,-9.1169277,Galp Power,yes,24/7,Mobi.E,,,,,+351 800 249 249,https://www.mobie.pt/,1,120,50 kW,500,0,0,0,0,0,0,0,0,0,0,0,0,1,32,22 kW,400,1,125,50 kW,500
LRS-00146,unassigned_point,node/8733712653,no,38.8154713,-9.1482069,Galp Power,yes,24/7,Mobi.E,,Loures,,,+351 800 249 249,https://www.mobie.pt,1,120,50 kW,500,0,0,0,0,0,0,0,0,0,0,0,0,1,32,22 kW,400,1,125,50 kW,500
LRS-00147,unassigned_point,node/12176582183,no,38.8266493,-9.164822,Galp Power,yes,24/7,Mobi.E,,,,,+351 800 249 249,https://www.mobie.pt/,1,120,50 kW,500,0,0,0,0,0,0,0,0,0,0,0,0,1,32,22 kW,400,1,125,50 kW,500
LRS-00148,unassigned_point,node/12264414814,no,38.7809668,-9.1039248,Galp Power,yes,09:00-21:00,Mobi.E,,,,,+351 800 249 249,https://www.mobie.pt/,1,120,50 kW,500,0,0,0,0,0,0,0,0,0,0,0,0,1,32,22 kW,400,1,125,50 kW,500
LRS-00149,unassigned_point,node/13203625122,no,38.8142924,-9.1469473,Iberdrola,yes,09:00-21:00,Mobi.E,,,,,+351 800 607 717,https://www.mobie.pt/,0,0,0,0,0,0,0,0,0,0,0,0,2,32,22 kW,400,0,0,0,0,0,0,0,0
LRS-00151,unassigned_point,node/8089435116,no,38.7909152,-9.1027772,Galp Power,yes,24/7,Mobi.E,,,,,+351 800 249 249,https://www.mobie.pt/,0,0,0,0,0,0,0,0,0,0,0,0,0,0,0,0,0,0,0,0,2,150,50 kW,1000
LRS-00195,unassigned_point,node/7636753920,no,38.8227986,-9.0880435,Charging Together,yes,24/7,Mobi.E,EN 10,São João da Talha,,,+351 800 917 576,https://www.mobie.pt,0,0,0,0,0,0,0,0,0,0,0,0,0,0,0,0,0,0,0,0,2,150,50 kW,1000
LRS-00201,unassigned_point,node/11127215993,no,38.7776865,-9.1095248,Atlante,yes,09:00-21:00,Mobi.E,,,,,+351 800 296 929;+351 234 246 050,https://www.mobie.pt/,0,0,0,0,0,0,0,0,0,0,0,0,0,0,0,0,0,0,0,0,2,150,60 kW,500
LRS-00232,unassigned_point,node/8127217936,no,38.8305695,-9.1689961,EDP,yes,24/7,Mobi.E,,,,,+351 800 222 222,https://www.mobie.pt,0,0,0,0,0,0,0,0,0,0,0,0,2,30,20.7 kW,400,0,0,0,0,0,0,0,0
LRS-00239,unassigned_point,node/13985695620,no,38.7932429,-9.1383546,Atlante,yes,24/7,Mobi.E,,,,,+351 800 296 929;+351 234 246 050,https://atlante.energy/,0,0,0,0,0,0,0,0,0,0,0,0,0,0,0,0,0,0,0,0,2,300,90 kW,1000
LRS-80003,unassigned_point,node/8127241436,no,38.8589046,-9.1326816,Galp Power,yes,24/7,Mobi.E,,,,,+351 800 249 249,https://www.mobie.pt,0,0,0,0,0,0,0,0,0,0,0,0,2,16,3.7 kW,230,0,0,0,0,0,0,0,0
LRS-80005,unassigned_point,node/8127217939,no,38.8244675,-9.1435218,Atlante,yes,24/7,Mobi.E,,,,,+351 800 296 929;+351 234 246 050,https://www.mobie.pt,0,0,0,0,0,0,0,0,0,0,0,0,2,16,3.7 kW,230,0,0,0,0,0,0,0,0
LRS-80010,unassigned_point,node/8127217942,no,38.8163185,-9.1567528,Atlante,yes,24/7,Mobi.E,,,,,+351 800 296 929;+351 234 246 050,https://www.mobie.pt,0,0,0,0,0,0,0,0,0,0,0,0,2,16,3.7 kW,230,0,0,0,0,0,0,0,0
LRS-80013,unassigned_point,node/8127217944,no,38.809346,-9.1617473,Atlante,yes,24/7,Mobi.E,,,,,+351 800 296 929;+351 234 246 050,https://www.mobie.pt,0,0,0,0,0,0,0,0,0,0,0,0,2,32,22 kW,400,0,0,0,0,0,0,0,0
LRS-80016,unassigned_point,node/8127217947,no,38.8214808,-9.0977827,Galp Power,yes,24/7,Mobi.E,,,,,+351 800 249 249,https://www.mobie.pt,0,0,0,0,0,0,0,0,0,0,0,0,2,32,7.4 kW,230,0,0,0,0,0,0,0,0
LRS-80024,unassigned_point,node/8126746541,no,38.7852436,-9.1240991,Atlante,yes,24/7,Mobi.E,,,,,+351 800 296 929;+351 234 246 050,https://www.mobie.pt,0,0,0,0,0,0,0,0,0,0,0,0,2,16,3.7 kW,230,0,0,0,0,0,0,0,0
LRS-80029,unassigned_point,node/8126746543,no,38.7760918,-9.1037795,Galp Power,yes,24/7,Mobi.E,,,,,+351 800 249 249,https://www.mobie.pt,0,0,0,0,0,0,0,0,0,0,0,0,2,16,3.7 kW,230,0,0,0,0,0,0,0,0
LRS-80033,unassigned_point,node/8127217946,no,38.8248279,-9.1027536,Galp Power,yes,24/7,Mobi.E,,,,,+351 800 249 249,https://www.mobie.pt,0,0,0,0,0,0,0,0,0,0,0,0,2,16,3.7 kW,230,0,0,0,0,0,0,0,0
LRS-90002,unassigned_point,node/8127241437,no,38.8566865,-9.1399947,Galp Power,yes,24/7,Mobi.E,,,,,+351 800 249 249,https://www.mobie.pt,0,0,0,0,0,0,0,0,0,0,0,0,2,16,3.7 kW,230,0,0,0,0,0,0,0,0
LRS-90004,unassigned_point,node/8255507177,no,38.9006573,-9.1816237,Powerdot,yes,Apr-Sep 08:30-20:00; Oct-Feb 08:30-17:00,Mobi.E,,,,,+351 800 180 292,https://www.mobie.pt,0,0,0,0,0,0,0,0,0,0,0,0,2,16,3.7 kW,230,0,0,0,0,0,0,0,0
LRS-90011,unassigned_point,node/8127217943,no,38.8124009,-9.1660262,Galp Power,yes,24/7,Mobi.E,,,,,+351 800 249 249,https://www.mobie.pt,0,0,0,0,0,0,0,0,0,0,0,0,2,16,3.7 kW,230,0,0,0,0,0,0,0,0
LRS-90018,unassigned_point,node/8127217949,no,38.8086389,-9.0994155,EDP,yes,24/7,Mobi.E,,,,,+351 800 222 222,https://www.mobie.pt,0,0,0,0,0,0,0,0,0,0,0,0,2,32,22 kW,400,0,0,0,0,0,0,0,0
LRS-90023,unassigned_point,node/966120882,no,38.7840616,-9.0982583,Galp Power,yes,24/7,Mobi.E,,Lisboa,1990-156,,+351 800 249 249,https://www.mobie.pt,0,0,0,0,0,0,0,0,0,0,0,0,2,32,22 kW,400,0,0,0,0,0,0,0,0
LRS-90025,unassigned_point,node/8126753539,no,38.8035754,-9.1248154,Galp Power,yes,24/7,Mobi.E,,,,,+351 800 249 249,https://www.mobie.pt,0,0,0,0,0,0,0,0,0,0,0,0,2,16,3.7 kW,230,0,0,0,0,0,0,0,0
LRS-90028,unassigned_point,node/8126746544,no,38.7749787,-9.10615,EDP,yes,24/7,Mobi.E,,,,,+351 800 222 222,https://www.mobie.pt,0,0,0,0,0,0,0,0,0,0,0,0,2,16,3.7 kW,230,0,0,0,0,0,0,0,0
LRS-90030,unassigned_point,node/3660912777,no,38.781316,-9.109235,Galp Power,yes,24/7,Mobi.E,,,,,+351 800 249 249,https://www.mobie.pt,0,0,0,0,0,0,0,0,0,0,0,0,2,16,3.7 kW,230,0,0,0,0,0,0,0,0
LRS-90031,unassigned_point,node/5820777537,no,38.7833752,-9.1111215,EDP,yes,24/7,Mobi.E,,,,,+351 800 222 222,https://www.mobie.pt,0,0,0,0,0,0,0,0,0,0,0,0,2,32,22 kW,400,0,0,0,0,0,0,0,0
LSA-00003,unassigned_point,node/8285024989,no,40.0937823,-8.1964217,True Kare,yes,24/7,Mobi.E,,,,,+351 800 210 201,https://www.mobie.pt,0,0,0,0,0,0,0,0,0,0,0,0,2,32,22 kW,400,0,0,0,0,0,0,0,0
LSA-00005,unassigned_point,node/12366150807,no,40.1116196,-8.250816,True Kare,yes,24/7,Mobi.E,,,,,,https://www.mobie.pt/,0,0,0,0,0,0,0,0,0,0,0,0,2,32,22 kW,400,0,0,0,0,0,0,0,0
LSA-00006,unassigned_point,node/12552287209,no,40.1100332,-8.2540423,True Kare,yes,24/7,Mobi.E,,,,,,https://www.mobie.pt/,0,0,0,0,0,0,0,0,0,0,0,0,2,32,22 kW,400,0,0,0,0,0,0,0,0
LSA-00007,unassigned_point,node/12366150808,no,40.1183278,-8.242188,True Kare,yes,24/7,Mobi.E,,,,,,https://www.mobie.pt/,0,0,0,0,0,0,0,0,0,0,0,0,2,32,22 kW,400,0,0,0,0,0,0,0,0
LSA-00008,unassigned_point,node/12366130233,no,40.110157,-8.2498989,True Kare,yes,24/7,Mobi.E,,,,,,https://www.mobie.pt/,0,0,0,0,0,0,0,0,0,0,0,0,2,32,22 kW,400,0,0,0,0,0,0,0,0
LSA-00009,unassigned_point,node/12343628397,no,40.1583911,-8.2133058,True Kare,yes,24/7,Mobi.E,,,,,,https://www.mobie.pt/,0,0,0,0,0,0,0,0,0,0,0,0,2,32,22 kW,400,0,0,0,0,0,0,0,0
LSA-00010,unassigned_point,node/12366150902,no,40.114457,-8.244711,True Kare,yes,24/7,Mobi.E,,,,,,https://www.mobie.pt/,0,0,0,0,0,0,0,0,0,0,0,0,2,32,22 kW,400,0,0,0,0,0,0,0,0
LSA-00011,unassigned_point,node/12175823204,no,40.1190272,-8.2494576,Galp Power,yes,24/7,Mobi.E,,,,,+351 800 249 249,https://www.mobie.pt/,1,120,50 kW,500,0,0,0,0,0,0,0,0,0,0,0,0,1,32,22 kW,400,1,125,50 kW,500
LSA-90001,unassigned_point,node/8109685928,no,40.1124702,-8.2446492,Galp Power,yes,24/7,Mobi.E,,,,,+351 800 249 249,https://www.mobie.pt,0,0,0,0,0,0,0,0,0,0,0,0,2,32,22 kW,400,0,0,0,0,0,0,0,0
LSA-90002,unassigned_point,node/8529712159,no,40.1111282,-8.2457908,EDP,yes,24/7,Mobi.E,,,,,+351 800 222 222,https://www.mobie.pt,0,0,0,0,0,0,0,0,0,0,0,0,2,32,22 kW,400,0,0,0,0,0,0,0,0
LSB-00012,unassigned_point,node/8104938475,no,38.7489018,-9.2027979,Atlante,yes,24/7,Mobi.E,,,,,+351 800 296 929;+351 234 246 050,https://www.mobie.pt,0,0,0,0,0,0,0,0,0,0,0,0,2,32,22 kW,400,0,0,0,0,0,0,0,0
LSB-00013,unassigned_point,node/8207428081,no,38.7655542,-9.1657063,Galp Geste,yes,24/7,Mobi.E,Avenida Padre Cruz,Lisboa,,,+351 800 249 249,https://www.mobie.pt,1,120,50 kW,500,0,0,0,0,0,0,0,0,0,0,0,0,1,63,43 kW,400,1,125,50 kW,500
LSB-00044,unassigned_point,node/8104906834,no,38.7780395,-9.0947106,Atlante,yes,24/7,Mobi.E,,,,,+351 800 296 929;+351 234 246 050,https://www.mobie.pt,0,0,0,0,0,0,0,0,0,0,0,0,2,32,22 kW,400,0,0,0,0,0,0,0,0
LSB-00070,unassigned_point,node/8147539580,no,38.7074207,-9.1489743,EDP,yes,24/7,Mobi.E,,,,,+351 800 222 222,https://www.mobie.pt,0,0,0,0,0,0,0,0,0,0,0,0,2,32,7.4 kW,230,0,0,0,0,0,0,0,0
LSB-00071,unassigned_point,node/8147539581,no,38.7074287,-9.1492003,EDP,yes,24/7,Mobi.E,,,,,+351 800 222 222,https://www.mobie.pt,0,0,0,0,0,0,0,0,0,0,0,0,2,32,7.4 kW,230,0,0,0,0,0,0,0,0
LSB-00090,unassigned_point,node/8011154800,no,38.7560651,-9.2044763,Mobiletric,yes,24/7,Mobi.E,Calçada do Tojal,Lisboa,,,+351 800 249 249,https://www.mobie.pt,1,120,50 kW,500,0,0,0,0,0,0,0,0,0,0,0,0,1,63,43 kW,400,1,125,50 kW,500
LSB-00105,unassigned_point,node/3703171663,no,38.7565913,-9.1441386,Atlante,yes,24/7,Mobi.E,Rua Aprígio Mafra,Lisboa,1700-272,,+351 800 296 929;+351 234 246 050,https://www.mobie.pt,0,0,0,0,0,0,0,0,0,0,0,0,2,32,22 kW,400,0,0,0,0,0,0,0,0
LSB-00138,unassigned_point,node/8147608431,no,38.7678295,-9.115667,Atlante,yes,24/7,Mobi.E,,,,,+351 800 296 929;+351 234 246 050,https://www.mobie.pt,0,0,0,0,0,0,0,0,0,0,0,0,2,16,3.7 kW,230,0,0,0,0,0,0,0,0
LSB-00142,unassigned_point,node/3708190932,no,38.707648,-9.173619,Atlante,yes,24/7,Mobi.E,Praça General Domingos Oliveira,Lisboa,,,+351 800 296 929;+351 234 246 050,https://www.mobie.pt,0,0,0,0,0,0,0,0,0,0,0,0,2,16,3.7 kW,230,0,0,0,0,0,0,0,0
LSB-00163,unassigned_point,node/3708190930,no,38.7027627,-9.1699068,Atlante,yes,24/7,Mobi.E,Rua da Cintura do Porto de Lisboa,Lisboa,1350,,+351 800 296 929;+351 234 246 050,https://www.mobie.pt,0,0,0,0,0,0,0,0,0,0,0,0,2,16,3.7 kW,230,0,0,0,0,0,0,0,0
LSB-00201,unassigned_point,node/5390125519,no,38.705216,-9.1744661,Mobiletric,yes,24/7,Mobi.E,Rua João de Oliveira Miguens,Lisboa,,,+351 800 249 249,https://www.mobie.pt,1,120,50 kW,500,0,0,0,0,0,0,0,0,0,0,0,0,1,63,43 kW,400,1,125,50 kW,500
LSB-00207,unassigned_point,node/8116435878,no,38.7216515,-9.1571125,Mobiletric,yes,24/7,Mobi.E,,,,,+351 800 249 249,https://www.mobie.pt,0,0,0,0,0,0,0,0,0,0,0,0,2,16,11 kW,400,0,0,0,0,0,0,0,0
LSB-00270,unassigned_point,node/8011211100,no,38.7635779,-9.1410166,Repsol,yes,24/7,Mobi.E,Avenida Marechal Craveiro Lopes/2ª Circular,Lisboa,,,+351 800 226 624,https://www.mobie.pt,1,120,45 kW,500,0,0,0,0,0,0,0,0,0,0,0,0,1,32,22 kW,400,1,125,45 kW,500
LSB-00296,unassigned_point,node/8298152178,no,38.7485547,-9.1906522,Mobiletric,yes,09:00-22:00,Mobi.E,,,,,+351 800 249 249,https://www.mobie.pt,0,0,0,0,0,0,0,0,0,0,0,0,2,32,22 kW,400,0,0,0,0,0,0,0,0
LSB-00310,unassigned_point,node/8207710325,no,38.6937564,-9.2176782,Galp Geste,yes,24/7,Mobi.E,Avenida da Índia,Lisboa,,,+351 800 249 249,https://www.mobie.pt,1,120,50 kW,500,0,0,0,0,0,0,0,0,0,0,0,0,1,63,43 kW,400,1,125,50 kW,500
LSB-00318,unassigned_point,node/8486698216,no,38.7512219,-9.1885142,Repsol,yes,24/7,Mobi.E,Avenida Eusébio da Silva Ferreira,Lisboa,,,+351 800 226 624,https://www.mobie.pt,1,120,50 kW,500,0,0,0,0,0,0,0,0,0,0,0,0,1,32,22 kW,400,1,125,50 kW,500
LSB-00335,unassigned_point,node/8681256182,no,38.7625011,-9.1288473,Repsol,yes,24/7,Mobi.E,Rotunda do Relógio,Lisboa,,,+351 800 226 624,https://www.mobie.pt,1,120,50 kW,500,0,0,0,0,0,0,0,0,0,0,0,0,1,32,22 kW,400,1,125,50 kW,500
LSB-00338,unassigned_point,node/8908343321,no,38.7694845,-9.126746,Galp Power,yes,24/7,Mobi.E,,,,,+351 800 249 249,https://www.mobie.pt,0,0,0,0,0,0,0,0,0,0,0,0,2,16,3.7 kW,230,0,0,0,0,0,0,0,0
LSB-00351,unassigned_point,node/8730840559,no,38.756393,-9.155248,Mobiletric,yes,24/7,Mobi.E,Campo Grande,Lisboa,,,+351 800 249 249,https://www.mobie.pt,1,120,50 kW,500,0,0,0,0,0,0,0,0,0,0,0,0,0,0,0,0,1,200,100 kW,1000
LSB-00377,unassigned_point,node/8958089020,no,38.7555721,-9.0963165,Repsol,yes,24/7,Mobi.E,,,,,+351 800 226 624,https://www.mobie.pt,1,120,50 kW,500,0,0,0,0,0,0,0,0,0,0,0,0,1,32,22 kW,400,1,125,50 kW,500
LSB-00378,unassigned_point,node/8968514563,no,38.7553491,-9.1830366,Repsol,yes,24/7,Mobi.E,,,,,+351 800 226 624,https://www.mobie.pt,1,120,45 kW,500,0,0,0,0,0,0,0,0,0,0,0,0,1,32,22 kW,400,1,125,45 kW,500
LSB-00434,unassigned_point,node/9278711568,no,38.7572321,-9.113162,EDP,yes,24/7,Mobi.E,,Lisboa,,,+351 800 222 222,https://www.mobie.pt,0,0,0,0,0,0,0,0,0,0,0,0,1,32,22 kW,400,0,0,0,0,2,200,120 kW,1000
LSB-00444,unassigned_point,node/9517551531,no,38.7137225,-9.1760642,Repsol,yes,24/7,Mobi.E,,,,,+351 800 226 624,https://www.mobie.pt/,1,80,30 kW,500,0,0,0,0,0,0,0,0,0,0,0,0,1,32,22 kW,400,1,80,30 kW,500
LSB-00469,unassigned_point,node/9720420625,no,38.723243,-9.155936,Galp Power,yes,24/7,Mobi.E,,,,,+351 800 249 249,https://www.mobie.pt/,0,0,0,0,0,0,0,0,0,0,0,0,2,16,11 kW,400,0,0,0,0,0,0,0,0
LSB-00471,unassigned_point,node/9847828036,no,38.7415078,-9.149574,Galp Power,yes,24/7,Mobi.E,,,,,+351 800 249 249,https://www.mobie.pt/,0,0,0,0,0,0,0,0,0,0,0,0,2,32,22 kW,400,0,0,0,0,0,0,0,0
LSB-00474,unassigned_point,node/9755551601,no,38.7383164,-9.14151,Galp Power,yes,24/7,Mobi.E,,,,,+351 800 249 249,https://www.mobie.pt/,0,0,0,0,0,0,0,0,0,0,0,0,2,32,22 kW,400,0,0,0,0,0,0,0,0
LSB-00479,unassigned_point,node/10224578351,no,38.7514795,-9.1727798,Powerdot,yes,24/7,Mobi.E,,,,,+351 800 180 292,https://www.mobie.pt/,0,0,0,0,0,0,0,0,0,0,0,0,2,32,22 kW,400,0,0,0,0,0,0,0,0
LSB-00496,unassigned_point,node/9897893306,no,38.7370584,-9.1624212,Galp Power,yes,24/7,Mobi.E,,,,,+351 800 249 249,https://www.mobie.pt/,0,0,0,0,0,0,0,0,0,0,0,0,2,16,11 kW,400,0,0,0,0,0,0,0,0
LSB-00508,unassigned_point,node/9915432838,no,38.7335613,-9.1440441,Galp Power,yes,24/7,Mobi.E,,,,,+351 800 249 249,https://www.mobie.pt/,0,0,0,0,0,0,0,0,0,0,0,0,2,16,11 kW,400,0,0,0,0,0,0,0,0
LSB-00515,unassigned_point,node/10066778007,no,38.7233309,-9.1490257,Galp Power,yes,24/7,Mobi.E,,,,,+351 800 249 249,https://www.mobie.pt,0,0,0,0,0,0,0,0,0,0,0,0,2,32,22 kW,400,0,0,0,0,0,0,0,0
LSB-00537,unassigned_point,node/10110145676,no,38.7567665,-9.1076239,Galp Power,yes,24/7,Mobi.E,,,,,+351 800 249 249,https://www.mobie.pt/,0,0,0,0,0,0,0,0,0,0,0,0,0,0,0,0,0,0,0,0,2,200,120 kW,1000
LSB-00552,unassigned_point,node/10282359961,no,38.7579267,-9.1596191,Repsol,yes,24/7,Mobi.E,,,,,+351 800 226 624,https://www.mobie.pt/,0,0,0,0,0,0,0,0,0,0,0,0,0,0,0,0,1,32,22 kW,400,0,0,0,0
LSB-00553,unassigned_point,node/10282402312,no,38.7389097,-9.202654,Repsol,yes,24/7,Mobi.E,,,,,+351 800 226 624,https://www.mobie.pt/,1,125,50 kW,500,0,0,0,0,0,0,0,0,0,0,0,0,1,63,43 kW,400,1,150,60 kW,1000
LSB-00589,unassigned_point,node/13159771483,no,38.7248422,-9.1511399,EDP,yes,24/7,Mobi.E,,,,,+351 800 222 222,https://www.mobie.pt/,0,0,0,0,0,0,0,0,0,0,0,0,2,32,22 kW,400,0,0,0,0,0,0,0,0
LSB-00590,unassigned_point,node/10870494271,no,38.7247692,-9.1510633,EDP,yes,24/7,Mobi.E,,,,,+351 800 222 222,https://www.mobie.pt/,0,0,0,0,0,0,0,0,0,0,0,0,2,32,22 kW,400,0,0,0,0,0,0,0,0
LSB-00603,unassigned_point,node/11262188653,no,38.7386573,-9.1678937,Powerdot,yes,24/7,Mobi.E,,,,,+351 800 180 292,https://www.mobie.pt,1,125,50 kW,500,0,0,0,0,0,0,0,0,1,32,22 kW,400,0,0,0,0,1,250,100 kW,1000
LSB-00609,unassigned_point,node/10967642832,no,38.7641977,-9.1587652,Galp Power,yes,24/7,Mobi.E,,,,,+351 800 249 249,https://www.mobie.pt/,0,0,0,0,0,0,0,0,0,0,0,0,0,0,0,0,0,0,0,0,2,200,120 kW,1000
LSB-00640,unassigned_point,node/10981659769,no,38.7670535,-9.1011748,Galp Power,yes,24/7,Mobi.E,,,,,+351 800 249 249,https://www.mobie.pt/,1,120,50 kW,500,0,0,0,0,0,0,0,0,0,0,0,0,0,0,0,0,1,200,180 kW,1000
LSB-00641,unassigned_point,node/11278275601,no,38.7314868,-9.149768,Atlante,yes,09:00-21:00,Mobi.E,,,,,+351 800 296 929;+351 234 246 050,https://www.mobie.pt/,1,125,50 kW,500,0,0,0,0,0,0,0,0,0,0,0,0,1,32,22 kW,400,1,150,60 kW,500
LSB-00642,unassigned_point,node/11313754432,no,38.7549662,-9.1814564,Atlante,yes,09:00-21:00,Mobi.E,,,,,+351 800 296 929;+351 234 246 050,https://www.mobie.pt/,1,125,50 kW,500,0,0,0,0,0,0,0,0,0,0,0,0,1,32,22 kW,400,1,150,60 kW,500
LSB-00646,unassigned_point,node/10571624044,no,38.7209138,-9.15484,Atlante,yes,09:00-21:00,Mobi.E,,,,,+351 800 296 929;+351 234 246 050,https://www.mobie.pt/,1,120,50 kW,500,0,0,0,0,0,0,0,0,0,0,0,0,1,32,22 kW,400,1,125,50 kW,500
LSB-00647,unassigned_point,node/10300370621,no,38.7263087,-9.1625243,Atlante,yes,08:00-21:00,Mobi.E,,,,,+351 800 296 929;+351 234 246 050,https://www.mobie.pt/,1,120,50 kW,500,0,0,0,0,0,0,0,0,0,0,0,0,1,32,22 kW,400,1,125,50 kW,500
LSB-00650,unassigned_point,node/10246901800,no,38.734001,-9.133067,Atlante,yes,07:30-21:00,Mobi.E,,,,,+351 800 296 929;+351 234 246 050,https://www.mobie.pt/,1,120,50 kW,500,0,0,0,0,0,0,0,0,0,0,0,0,0,0,0,0,1,150,60 kW,500
LSB-00651,unassigned_point,node/10853407454,no,38.7663187,-9.1052685,Atlante,yes,09:00-21:00,Mobi.E,,,,,+351 800 296 929;+351 234 246 050,https://www.mobie.pt/,1,120,50 kW,500,0,0,0,0,0,0,0,0,0,0,0,0,0,0,0,0,1,125,50 kW,1000
LSB-00655,unassigned_point,node/8989497392,no,38.7397726,-9.1682008,Galp Power,yes,24/7,Mobi.E,,,,,+351 800 249 249,https://www.mobie.pt,1,120,50 kW,500,0,0,0,0,0,0,0,0,0,0,0,0,1,63,43 kW,400,1,125,50 kW,500
LSB-00662,unassigned_point,node/8792838808,no,38.7496001,-9.1179546,Atlante,yes,08:00-21:00,Mobi.E,Avenida do Santo Condestável,Lisboa,,,+351 800 296 929;+351 234 246 050,https://www.mobie.pt,1,120,50 kW,500,0,0,0,0,0,0,0,0,0,0,0,0,1,32,22 kW,400,1,125,50 kW,500
LSB-00663,unassigned_point,node/10040504089,no,38.7535239,-9.1659572,Atlante,yes,08:00-21:30,Mobi.E,,,,,+351 800 296 929;+351 234 246 050,https://www.mobie.pt/,1,125,50 kW,500,0,0,0,0,0,0,0,0,0,0,0,0,1,32,22 kW,400,1,150,60 kW,500
LSB-00667,unassigned_point,node/10300343611,no,38.7104616,-9.1565734,Atlante,yes,24/7,Mobi.E,,,,,+351 800 296 929;+351 234 246 050,https://www.mobie.pt/,1,120,50 kW,500,0,0,0,0,0,0,0,0,0,0,0,0,1,32,22 kW,400,1,125,50 kW,500
LSB-00668,unassigned_point,node/10853407453,no,38.7493434,-9.2039063,Atlante,yes,09:00-21:00,Mobi.E,,,,,+351 800 296 929;+351 234 246 050,https://www.mobie.pt/,1,125,50 kW,500,0,0,0,0,0,0,0,0,0,0,0,0,1,32,22 kW,400,1,150,60 kW,500
LSB-00669,unassigned_point,node/11033968439,no,38.7587903,-9.0977527,Atlante,yes,09:00-21:00,Mobi.E,,,,,+351 800 296 929;+351 234 246 050,https://www.mobie.pt/,1,125,50 kW,500,0,0,0,0,0,0,0,0,0,0,0,0,1,32,22 kW,400,1,125,50 kW,1000
LSB-00689,unassigned_point,node/11332057550,no,38.7217966,-9.138808,Atlante,yes,09:00-21:00,Mobi.E,,,,,+351 800 296 929;+351 234 246 050,https://www.mobie.pt/,1,125,50 kW,500,0,0,0,0,0,0,0,0,0,0,0,0,1,32,22 kW,400,1,150,60 kW,500
LSB-00704,unassigned_point,node/11764556853,no,38.756632,-9.1066106,Moon,yes,Mo-Fr 08:30-19:00;Sa 10:00-13:00,Mobi.E,,,,,,https://www.mobie.pt,1,200,60 kW,500,0,0,0,0,0,0,0,0,1,32,22 kW,400,0,0,0,0,1,500,75 kW,1000
LSB-00712,unassigned_point,node/8851157010,no,38.7597174,-9.1536148,Galp Power,yes,24/7,Mobi.E,,,,,+351 800 249 249,https://www.mobie.pt,0,0,0,0,0,0,0,0,0,0,0,0,0,0,0,0,0,0,0,0,2,200,120 kW,1000
LSB-00713,unassigned_point,node/8014347881,no,38.7641204,-9.0967711,Galp Power,yes,24/7,Mobi.E,Rua do Mar do Norte,Lisboa,,,+351 800 249 249,https://www.mobie.pt,0,0,0,0,0,0,0,0,0,0,0,0,0,0,0,0,0,0,0,0,2,200,120 kW,1000
LSB-00793,unassigned_point,node/11887619579,no,38.757654,-9.1615996,EDP,yes,24/7,Mobi.E,,,,,+351 800 222 222,https://www.mobie.pt/,0,0,0,0,0,0,0,0,0,0,0,0,2,16,11 kW,400,0,0,0,0,0,0,0,0
LSB-00795,unassigned_point,node/11887619578,no,38.7049728,-9.1761821,Galp Power,yes,24/7,Mobi.E,,,,,+351 800 249 249,https://www.mobie.pt/,0,0,0,0,0,0,0,0,0,0,0,0,2,32,22 kW,400,0,0,0,0,0,0,0,0
LSB-00797,unassigned_point,node/11929201345,no,38.702136,-9.2088251,Image4all,yes,24/7,Mobi.E,,,,,,https://www.mobie.pt/,0,0,0,0,0,0,0,0,0,0,0,0,1,16,11 kW,400,0,0,0,0,0,0,0,0
LSB-00824,unassigned_point,node/11980679705,no,38.7734314,-9.1605611,Hexagonal Ocean,yes,24/7,Mobi.E,,,,,,https://www.mobie.pt/,0,0,0,0,0,0,0,0,0,0,0,0,2,16,11 kW,400,0,0,0,0,0,0,0,0
LSB-00827,unassigned_point,node/12966381893,no,38.7600105,-9.179252,Hexagonal Ocean,yes,24/7,Mobi.E,,,,,,https://www.mobie.pt/,0,0,0,0,0,0,0,0,0,0,0,0,2,16,11 kW,400,0,0,0,0,0,0,0,0
LSB-00828,unassigned_point,node/11813650081,no,38.7670357,-9.1615281,Hexagonal Ocean,yes,24/7,Mobi.E,,,,,,https://www.mobie.pt/,0,0,0,0,0,0,0,0,0,0,0,0,2,16,11 kW,400,0,0,0,0,0,0,0,0
LSB-00855,unassigned_point,node/5390056784,no,38.7625474,-9.1410041,Repsol,yes,24/7,Mobi.E,,,,,+351 800 226 624,https://www.mobie.pt,1,120,50 kW,500,0,0,0,0,0,0,0,0,0,0,0,0,1,63,43 kW,400,1,125,50 kW,500
LSB-00924,unassigned_point,node/12626425633,no,38.7399816,-9.1476144,Powerdot,yes,24/7,Mobi.E,,,,,+351 800 180 292,https://www.mobie.pt/,0,0,0,0,0,0,0,0,0,0,0,0,2,32,22 kW,400,0,0,0,0,0,0,0,0
LSB-00933,unassigned_point,node/12887024540,no,38.7569591,-9.174713,EDP,yes,24/7,Mobi.E,,,,,+351 800 222 222,https://www.mobie.pt/,0,0,0,0,0,0,0,0,0,0,0,0,2,32,22 kW,400,0,0,0,0,0,0,0,0
LSB-00938,unassigned_point,node/12861354491,no,38.7718421,-9.1541366,EMEL,yes,24/7,Mobi.E,,,,,+351 800 910 255,https://www.mobie.pt/,0,0,0,0,0,0,0,0,0,0,0,0,2,32,22 kW,400,0,0,0,0,0,0,0,0
LSB-00950,unassigned_point,node/3724919273,no,38.7330817,-9.1477204,Powerdot,yes,24/7,Mobi.E,Rua Pedro Nunes,Lisboa,1050-170,,+351 800 180 292,https://www.mobie.pt,0,0,0,0,0,0,0,0,0,0,0,0,2,32,22 kW,400,0,0,0,0,0,0,0,0
LSB-00951,unassigned_point,node/8104938474,no,38.7509598,-9.1802722,Powerdot,yes,24/7,Mobi.E,,,,,+351 800 180 292,https://www.mobie.pt,0,0,0,0,0,0,0,0,0,0,0,0,2,32,22 kW,400,0,0,0,0,0,0,0,0
LSB-00953,unassigned_point,node/3703042045,no,38.7371435,-9.1278114,Powerdot,yes,24/7,Mobi.E,Rua Coronel Ferreira do Amaral,Lisboa,1900-090 Alto do Pina,,+351 800 180 292,https://www.mobie.pt/,0,0,0,0,0,0,0,0,0,0,0,0,2,16,11 kW,400,0,0,0,0,0,0,0,0
LSB-00957,unassigned_point,node/8147577413,no,38.7562723,-9.2030228,Powerdot,yes,24/7,Mobi.E,,,,,+351 800 180 292,https://www.mobie.pt,0,0,0,0,0,0,0,0,0,0,0,0,2,16,11 kW,400,0,0,0,0,0,0,0,0
LSB-00958,unassigned_point,node/8149229510,no,38.7217347,-9.1589732,Powerdot,yes,24/7,Mobi.E,,,,,+351 800 180 292,https://www.mobie.pt,0,0,0,0,0,0,0,0,0,0,0,0,2,16,11 kW,400,0,0,0,0,0,0,0,0
LSB-00959,unassigned_point,node/8149431044,no,38.7665027,-9.1558573,Powerdot,yes,24/7,Mobi.E,,,,,+351 800 180 292,https://www.mobie.pt,0,0,0,0,0,0,0,0,0,0,0,0,2,16,11 kW,400,0,0,0,0,0,0,0,0
LSB-00960,unassigned_point,node/8147608430,no,38.765114,-9.1194865,Powerdot,yes,24/7,Mobi.E,,,,,+351 800 180 292,https://www.mobie.pt,0,0,0,0,0,0,0,0,0,0,0,0,2,16,11 kW,400,0,0,0,0,0,0,0,0
LSB-00961,unassigned_point,node/8149297725,no,38.7269235,-9.1655653,Powerdot,yes,24/7,Mobi.E,,,,,+351 800 180 292,https://www.mobie.pt,0,0,0,0,0,0,0,0,0,0,0,0,2,16,11 kW,400,0,0,0,0,0,0,0,0
LSB-00962,unassigned_point,node/3708190934,no,38.7052284,-9.1787635,Powerdot,yes,24/7,Mobi.E,Rua Leão de Oliveira,Lisboa,1300,,+351 800 180 292,https://www.mobie.pt,0,0,0,0,0,0,0,0,0,0,0,0,2,16,11 kW,400,0,0,0,0,0,0,0,0
LSB-00963,unassigned_point,node/3703171656,no,38.7542979,-9.1088914,Powerdot,yes,24/7,Mobi.E,Rua Doutor José Espírito Santo,Lisboa,1950,,+351 800 180 292,https://www.mobie.pt,0,0,0,0,0,0,0,0,0,0,0,0,2,16,11 kW,400,0,0,0,0,0,0,0,0
LSB-00964,unassigned_point,node/3706318970,no,38.7084619,-9.1386443,Powerdot,yes,24/7,Mobi.E,Rua do Comércio,Lisboa,1100,,+351 800 180 292,https://www.mobie.pt,0,0,0,0,0,0,0,0,0,0,0,0,2,32,22 kW,400,0,0,0,0,0,0,0,0
LSB-00965,unassigned_point,node/966120951,no,38.782951,-9.095145,Powerdot,yes,24/7,Mobi.E,Rua da Ilha dos Amores,Loures,1990-118,,+351 800 180 292,https://www.mobie.pt/,0,0,0,0,0,0,0,0,0,0,0,0,2,16,11 kW,400,0,0,0,0,0,0,0,0
LSB-00966,unassigned_point,node/13997522940,no,38.7357137,-9.1275664,True Kare,yes,24/7,Mobi.E,,,,,,https://www.mobie.pt/,0,0,0,0,0,0,0,0,0,0,0,0,2,32,22 kW,400,0,0,0,0,0,0,0,0
LSB-00969,unassigned_point,node/14105726504,no,38.7252214,-9.122167,True Kare,yes,24/7,Mobi.E,,,,,,https://www.wowplug.com/,0,0,0,0,0,0,0,0,0,0,0,0,2,32,22 kW,400,0,0,0,0,0,0,0,0
LSB-00971,unassigned_point,node/14047283196,no,38.7381527,-9.1232664,True Kare,yes,24/7,Mobi.E,,,,,,https://www.mobie.pt/,0,0,0,0,0,0,0,0,0,0,0,0,2,32,22 kW,400,0,0,0,0,0,0,0,0
LSB-00976,unassigned_point,node/11914242915,no,38.7324014,-9.1418441,Galp Power,yes,08:00-22:00,Mobi.E,,,,,+351 800 249 249,https://www.mobie.pt/,1,120,50 kW,500,0,0,0,0,0,0,0,0,0,0,0,0,1,32,22 kW,400,1,125,50 kW,500
LSB-00977,unassigned_point,node/8011156674,no,38.7572701,-9.1034736,Galp Power,yes,24/7,Mobi.E,Avenida Infante Dom Henrique,Lisboa,,,+351 800 249 249,https://www.mobie.pt,1,120,50 kW,500,0,0,0,0,0,0,0,0,0,0,0,0,1,63,43 kW,400,1,125,50 kW,500
LSB-00978,unassigned_point,node/8232593677,no,38.7628459,-9.1162522,Galp Power,yes,08:00-21:30,Mobi.E,Rua Cidade de Bolama,Lisboa,,,+351 800 249 249,https://www.mobie.pt,1,120,50 kW,500,0,0,0,0,0,0,0,0,0,0,0,0,1,63,43 kW,400,1,125,50 kW,500
LSB-00979,unassigned_point,node/8010968151,no,38.7251237,-9.1121486,Galp Power,yes,24/7,Mobi.E,,Lisboa,,,+351 800 249 249,https://www.mobie.pt,1,120,50 kW,500,0,0,0,0,0,0,0,0,0,0,0,0,1,63,43 kW,400,1,125,50 kW,500
LSB-00980,unassigned_point,node/11861937010,no,38.7014547,-9.2079731,Galp Power,yes,08:00-21:30,Mobi.E,,,,,+351 800 249 249,https://www.mobie.pt/,1,120,50 kW,500,0,0,0,0,0,0,0,0,0,0,0,0,1,32,22 kW,400,1,125,50 kW,500
LSB-00985,unassigned_point,node/13314492226,no,38.787165,-9.1482982,EDP,yes,24/7,Mobi.E,,,,,,https://www.mobie.pt/,0,0,0,0,0,0,0,0,0,0,0,0,1,32,22 kW,400,0,0,0,0,2,300,120 kW,500
LSB-00988,unassigned_point,node/13419214333,no,38.7501,-9.190533,EDP,yes,24/7,Mobi.E,,,,,+351 800 222 222,https://www.mobie.pt/,0,0,0,0,0,0,0,0,0,0,0,0,2,32,22 kW,400,0,0,0,0,0,0,0,0
LSB-00989,unassigned_point,node/13387465122,no,38.75464,-9.205389,EDP,yes,24/7,Mobi.E,,,,,+351 800 222 222,https://www.mobie.pt/,0,0,0,0,0,0,0,0,0,0,0,0,2,32,22 kW,400,0,0,0,0,0,0,0,0
LSB-00990,unassigned_point,node/13527364756,no,38.7550752,-9.196633,EDP,yes,24/7,Mobi.E,,,,,+351 800 222 222,https://www.mobie.pt/,0,0,0,0,0,0,0,0,0,0,0,0,2,32,22 kW,400,0,0,0,0,0,0,0,0
LSB-00991,unassigned_point,node/13322985760,no,38.7473661,-9.2066807,EDP,yes,24/7,Mobi.E,,,,,+351 800 222 222,https://www.mobie.pt/,0,0,0,0,0,0,0,0,0,0,0,0,2,32,22 kW,400,0,0,0,0,0,0,0,0
LSB-00993,unassigned_point,node/8104900829,no,38.766718,-9.0986566,Powerdot,yes,24/7,Mobi.E,,,,,+351 800 180 292,https://www.mobie.pt/,0,0,0,0,0,0,0,0,0,0,0,0,2,32,22 kW,400,0,0,0,0,0,0,0,0
LSB-00994,unassigned_point,node/12992414110,no,38.703911,-9.1894324,Galp Power,yes,24/7,Mobi.E,,,,,+351 800 249 249,https://www.mobie.pt/,0,0,0,0,0,0,0,0,0,0,0,0,2,32,22 kW,400,0,0,0,0,0,0,0,0
LSB-00995,unassigned_point,node/8009832543,no,38.7104278,-9.2043335,Galp Power,yes,24/7,Mobi.E,Estrada de Caselas,Lisboa,,,+351 800 249 249,https://www.mobie.pt,0,0,0,0,0,0,0,0,0,0,0,0,0,0,0,0,0,0,0,0,2,250,90 kW,1000
LSB-00997,unassigned_point,node/8011168349,no,38.7681214,-9.1704933,Galp Power,yes,24/7,Mobi.E,Eixo Norte-Sul,Lisboa,,,+351 800 249 249,https://www.mobie.pt,0,0,0,0,0,0,0,0,0,0,0,0,0,0,0,0,0,0,0,0,2,250,90 kW,1000
LSB-00998,unassigned_point,node/8011011655,no,38.7489271,-9.1300625,Galp Power,yes,24/7,Mobi.E,Avenida Almirante Gago Coutinho,Lisboa,,,+351 800 249 249,https://www.mobie.pt,0,0,0,0,0,0,0,0,0,0,0,0,0,0,0,0,0,0,0,0,2,250,90 kW,1000
LSB-01016,unassigned_point,node/13207405900,no,38.7412121,-9.1233989,mobel,yes,24/7,Mobi.E,,,,,+351 210 514 956,https://www.mobie.pt/,0,0,0,0,0,0,0,0,0,0,0,0,2,32,22 kW,400,0,0,0,0,0,0,0,0
LSB-01017,unassigned_point,node/13148229291,no,38.7468796,-9.1874365,mobel,yes,24/7,Mobi.E,,,,,,https://www.mobie.pt/,0,0,0,0,0,0,0,0,0,0,0,0,2,32,22 kW,400,0,0,0,0,0,0,0,0
LSB-01021,unassigned_point,node/13135251892,no,38.7555632,-9.1410089,EMEL,yes,24/7,Mobi.E,,,,,+351 800 910 255,https://www.mobie.pt/,0,0,0,0,0,0,0,0,0,0,0,0,2,32,22 kW,400,0,0,0,0,0,0,0,0
LSB-01022,unassigned_point,node/13157820056,no,38.732906,-9.142846,EMEL,yes,24/7,Mobi.E,,,,,+351 800 910 255,https://www.mobie.pt/,0,0,0,0,0,0,0,0,0,0,0,0,2,32,22 kW,400,0,0,0,0,0,0,0,0
LSB-01023,unassigned_point,node/13253113731,no,38.699795,-9.184059,EMEL,yes,24/7,Mobi.E,,,,,+351 800 910 255,https://www.mobie.pt/,0,0,0,0,0,0,0,0,0,0,0,0,2,32,22 kW,400,0,0,0,0,0,0,0,0
LSB-01032,unassigned_point,node/13184121895,no,38.70265,-9.202314,EMEL,yes,24/7,Mobi.E,,,,,+351 800 910 255,https://www.mobie.pt/,0,0,0,0,0,0,0,0,0,0,0,0,2,32,22 kW,400,0,0,0,0,0,0,0,0
LSB-01033,unassigned_point,node/13323034748,no,38.7490256,-9.2009626,EDP,yes,24/7,Mobi.E,,,,,+351 800 222 222,https://www.mobie.pt/,0,0,0,0,0,0,0,0,0,0,0,0,2,32,22 kW,400,0,0,0,0,0,0,0,0
LSB-01034,unassigned_point,node/13337137093,no,38.745663,-9.190609,EDP,yes,24/7,Mobi.E,,,,,+351 800 222 222,https://www.mobie.pt/,0,0,0,0,0,0,0,0,0,0,0,0,2,32,22 kW,400,0,0,0,0,0,0,0,0
LSB-01036,unassigned_point,node/13606455494,no,38.7502361,-9.2046793,EDP,yes,24/7,Mobi.E,,,,,+351 800 222 222,https://www.mobie.pt/,0,0,0,0,0,0,0,0,0,0,0,0,2,32,22 kW,400,0,0,0,0,0,0,0,0
LSB-01037,unassigned_point,node/13337137092,no,38.7501082,-9.2018883,EDP,yes,24/7,Mobi.E,,,,,+351 800 222 222,https://www.mobie.pt/,0,0,0,0,0,0,0,0,0,0,0,0,2,32,22 kW,400,0,0,0,0,0,0,0,0
LSB-01038,unassigned_point,node/13337137091,no,38.7525454,-9.2050763,EDP,yes,24/7,Mobi.E,,,,,+351 800 222 222,https://www.mobie.pt/,0,0,0,0,0,0,0,0,0,0,0,0,2,32,22 kW,400,0,0,0,0,0,0,0,0
LSB-01039,unassigned_point,node/13337189539,no,38.7558173,-9.1999073,EDP,yes,24/7,Mobi.E,,,,,+351 800 222 222,https://www.mobie.pt/,0,0,0,0,0,0,0,0,0,0,0,0,2,32,22 kW,400,0,0,0,0,0,0,0,0
LSB-01042,unassigned_point,node/13337189538,no,38.743553,-9.202152,EDP,yes,24/7,Mobi.E,,,,,+351 800 222 222,https://www.mobie.pt/,0,0,0,0,0,0,0,0,0,0,0,0,2,32,22 kW,400,0,0,0,0,0,0,0,0
LSB-01043,unassigned_point,node/13337189537,no,38.754276,-9.207444,EDP,yes,24/7,Mobi.E,,,,,+351 800 222 222,https://www.mobie.pt/,0,0,0,0,0,0,0,0,0,0,0,0,2,32,22 kW,400,0,0,0,0,0,0,0,0
LSB-01047,unassigned_point,node/13563943913,no,38.7627821,-9.1528532,Iberdrola,yes,09:00-21:00,Mobi.E,,,,,+351 800 607 717,https://www.mobie.pt/,0,0,0,0,0,0,0,0,0,0,0,0,2,32,22 kW,400,0,0,0,0,0,0,0,0
LSB-01052,unassigned_point,node/13323042945,no,38.75403,-9.199192,EDP,yes,24/7,Mobi.E,,,,,+351 800 222 222,https://www.mobie.pt/,0,0,0,0,0,0,0,0,0,0,0,0,2,32,22 kW,400,0,0,0,0,0,0,0,0
LSB-01054,unassigned_point,node/13337189536,no,38.749729,-9.1985513,EDP,yes,24/7,Mobi.E,,,,,+351 800 222 222,https://www.mobie.pt/,0,0,0,0,0,0,0,0,0,0,0,0,2,32,22 kW,400,0,0,0,0,0,0,0,0
LSB-01055,unassigned_point,node/13323042944,no,38.7542056,-9.2020816,EDP,yes,24/7,Mobi.E,,,,,+351 800 222 222,https://www.mobie.pt/,0,0,0,0,0,0,0,0,0,0,0,0,2,32,22 kW,400,0,0,0,0,0,0,0,0
LSB-01056,unassigned_point,node/13238039466,no,38.7450865,-9.2026414,EDP,yes,24/7,Mobi.E,,,,,+351 800 222 222,https://www.mobie.pt/,0,0,0,0,0,0,0,0,0,0,0,0,2,32,22 kW,400,0,0,0,0,0,0,0,0
LSB-01057,unassigned_point,node/13387465120,no,38.7465079,-9.2054093,EDP,yes,24/7,Mobi.E,,,,,+351 800 222 222,https://www.mobie.pt/,0,0,0,0,0,0,0,0,0,0,0,0,2,32,22 kW,400,0,0,0,0,0,0,0,0
LSB-01058,unassigned_point,node/13323042943,no,38.7565533,-9.1982187,EDP,yes,24/7,Mobi.E,,,,,+351 800 222 222,https://www.mobie.pt/,0,0,0,0,0,0,0,0,0,0,0,0,2,32,22 kW,400,0,0,0,0,0,0,0,0
LSB-01059,unassigned_point,node/13323042942,no,38.7514,-9.198402,EDP,yes,24/7,Mobi.E,,,,,+351 800 222 222,https://www.mobie.pt/,0,0,0,0,0,0,0,0,0,0,0,0,2,32,22 kW,400,0,0,0,0,0,0,0,0
LSB-01063,unassigned_point,node/13337189535,no,38.753963,-9.197925,EDP,yes,24/7,Mobi.E,,,,,+351 800 222 222,https://www.mobie.pt/,0,0,0,0,0,0,0,0,0,0,0,0,2,32,22 kW,400,0,0,0,0,0,0,0,0
LSB-01064,unassigned_point,node/13323042941,no,38.7485358,-9.1989013,EDP,yes,24/7,Mobi.E,,,,,+351 800 222 222,https://www.mobie.pt/,0,0,0,0,0,0,0,0,0,0,0,0,2,32,22 kW,400,0,0,0,0,0,0,0,0
LSB-01065,unassigned_point,node/13337180222,no,38.75258,-9.1961,EDP,yes,24/7,Mobi.E,,,,,+351 800 222 222,https://www.mobie.pt/,0,0,0,0,0,0,0,0,0,0,0,0,2,32,22 kW,400,0,0,0,0,0,0,0,0
LSB-01066,unassigned_point,node/13387465119,no,38.74475,-9.1929054,EDP,yes,24/7,Mobi.E,,,,,+351 800 222 222,https://www.mobie.pt/,0,0,0,0,0,0,0,0,0,0,0,0,2,32,22 kW,400,0,0,0,0,0,0,0,0
LSB-01067,unassigned_point,node/13323042940,no,38.7502802,-9.1931836,EDP,yes,24/7,Mobi.E,,,,,+351 800 222 222,https://www.mobie.pt/,0,0,0,0,0,0,0,0,0,0,0,0,2,32,22 kW,400,0,0,0,0,0,0,0,0
LSB-01068,unassigned_point,node/13323048378,no,38.75135,-9.201273,EDP,yes,24/7,Mobi.E,,,,,+351 800 222 222,https://www.mobie.pt/,0,0,0,0,0,0,0,0,0,0,0,0,2,32,22 kW,400,0,0,0,0,0,0,0,0
LSB-01069,unassigned_point,node/12723962457,no,38.7310272,-9.128553,EMEL,yes,24/7,Mobi.E,,,,,,https://www.mobie.pt/,0,0,0,0,0,0,0,0,0,0,0,0,2,32,22 kW,400,0,0,0,0,0,0,0,0
LSB-01077,unassigned_point,node/13233652761,no,38.7817766,-9.1183727,Cepsa,yes,24/7,Mobi.E,,,,,,https://www.mobie.pt/,0,0,0,0,0,0,0,0,0,0,0,0,0,0,0,0,0,0,0,0,2,500,300 kW,1000
LSB-01079,unassigned_point,node/8149229512,no,38.7154035,-9.1634111,Atlante,yes,24/7,Mobi.E,,,,,+351 800 296 929;+351 234 246 050,https://www.mobie.pt/,0,0,0,0,0,0,0,0,0,0,0,0,2,16,11 kW,400,0,0,0,0,0,0,0,0
LSB-01084,unassigned_point,node/3708190931,no,38.7069508,-9.1716032,Atlante,yes,24/7,Mobi.E,Calçada do Livramento,Lisboa,1350-259,,+351 800 296 929;+351 234 246 050,https://www.mobie.pt,0,0,0,0,0,0,0,0,0,0,0,0,2,16,11 kW,400,0,0,0,0,0,0,0,0
LSB-01122,unassigned_point,node/8014408141,no,38.77952,-9.1240369,Galp Geste,yes,24/7,Mobi.E,Avenida Cidade do Porto,Lisboa,,,+351 800 249 249,https://www.mobie.pt,0,0,0,0,0,0,0,0,0,0,0,0,0,0,0,0,0,0,0,0,2,300,60 kW,1000
LSB-01123,unassigned_point,node/8009879007,no,38.7231132,-9.1682947,Galp Geste,yes,24/7,Mobi.E,Avenida Engenheiro Duarte Pacheco,Lisboa,,,+351 800 249 249,https://www.mobie.pt,0,0,0,0,0,0,0,0,0,0,0,0,0,0,0,0,0,0,0,0,2,300,90 kW,1000
LSB-01124,unassigned_point,node/8014408142,no,38.7796946,-9.1220466,Galp Power,yes,24/7,Mobi.E,Avenida Cidade do Porto,Lisboa,,,+351 800 249 249,https://www.mobie.pt,0,0,0,0,0,0,0,0,0,0,0,0,0,0,0,0,0,0,0,0,2,400,50 kW,1000
LSB-01180,unassigned_point,node/13591607245,no,38.721886,-9.1403,EMEL,yes,24/7,Mobi.E,,,,,+351 800 910 255,https://www.mobie.pt/,0,0,0,0,0,0,0,0,0,0,0,0,2,32,22 kW,400,0,0,0,0,0,0,0,0
LSB-01189,unassigned_point,node/14108341029,no,38.73765,-9.125689,True Kare,yes,24/7,Mobi.E,,,,,,https://www.mobie.pt/,0,0,0,0,0,0,0,0,0,0,0,0,2,32,22 kW,400,0,0,0,0,0,0,0,0
LSB-01190,unassigned_point,node/14108341028,no,38.738674,-9.121761,True Kare,yes,24/7,Mobi.E,,,,,,https://www.mobie.pt/,0,0,0,0,0,0,0,0,0,0,0,0,2,32,22 kW,400,0,0,0,0,0,0,0,0
LSB-01192,unassigned_point,node/13997522939,no,38.7770316,-9.1510154,True Kare,yes,24/7,Mobi.E,,,,,,https://www.mobie.pt/,0,0,0,0,0,0,0,0,0,0,0,0,2,32,22 kW,400,0,0,0,0,0,0,0,0
LSB-01193,unassigned_point,node/14108341027,no,38.77389,-9.15254,True Kare,yes,24/7,Mobi.E,,,,,,https://www.mobie.pt/,0,0,0,0,0,0,0,0,0,0,0,0,2,32,22 kW,400,0,0,0,0,0,0,0,0
LSB-01194,unassigned_point,node/13988040774,no,38.77074,-9.16026,True Kare,yes,24/7,Mobi.E,,,,,,https://www.mobie.pt/,0,0,0,0,0,0,0,0,0,0,0,0,2,32,22 kW,400,0,0,0,0,0,0,0,0
LSB-01195,unassigned_point,node/13866104195,no,38.7724821,-9.1527914,True Kare,yes,24/7,Mobi.E,,,,,,https://www.mobie.pt/,0,0,0,0,0,0,0,0,0,0,0,0,2,32,22 kW,400,0,0,0,0,0,0,0,0
LSB-01196,unassigned_point,node/13946039616,no,38.73655,-9.13025,True Kare,yes,24/7,Mobi.E,,,,,,https://www.mobie.pt/,0,0,0,0,0,0,0,0,0,0,0,0,2,32,22 kW,400,0,0,0,0,0,0,0,0
LSB-01197,unassigned_point,node/13997522938,no,38.75472,-9.13432,True Kare,yes,24/7,Mobi.E,,,,,,https://www.mobie.pt/,0,0,0,0,0,0,0,0,0,0,0,0,2,32,22 kW,400,0,0,0,0,0,0,0,0
LSB-01198,unassigned_point,node/13997522937,no,38.75505,-9.13582,True Kare,yes,24/7,Mobi.E,,,,,,https://www.mobie.pt/,0,0,0,0,0,0,0,0,0,0,0,0,2,32,22 kW,400,0,0,0,0,0,0,0,0
LSB-01199,unassigned_point,node/13866104194,no,38.75452,-9.16941,True Kare,yes,24/7,Mobi.E,,,,,,https://www.mobie.pt/,0,0,0,0,0,0,0,0,0,0,0,0,2,32,22 kW,400,0,0,0,0,0,0,0,0
LSB-01200,unassigned_point,node/13866104193,no,38.7531458,-9.1680074,True Kare,yes,24/7,Mobi.E,,,,,,https://www.mobie.pt/,0,0,0,0,0,0,0,0,0,0,0,0,2,32,22 kW,400,0,0,0,0,0,0,0,0
LSB-01201,unassigned_point,node/13997522936,no,38.7572447,-9.1378259,True Kare,yes,24/7,Mobi.E,,,,,,https://www.mobie.pt/,0,0,0,0,0,0,0,0,0,0,0,0,2,32,22 kW,400,0,0,0,0,0,0,0,0
LSB-01202,unassigned_point,node/13866104192,no,38.7553811,-9.132162,True Kare,yes,24/7,Mobi.E,,,,,,https://www.mobie.pt/,0,0,0,0,0,0,0,0,0,0,0,0,2,32,22 kW,400,0,0,0,0,0,0,0,0
LSB-01203,unassigned_point,node/13866104191,no,38.7551842,-9.1679179,True Kare,yes,24/7,Mobi.E,,,,,,https://www.mobie.pt/,0,0,0,0,0,0,0,0,0,0,0,0,2,32,22 kW,400,0,0,0,0,0,0,0,0
LSB-01204,unassigned_point,node/13902954721,no,38.7770119,-9.1555139,True Kare,yes,24/7,Mobi.E,,,,,,https://www.mobie.pt/,0,0,0,0,0,0,0,0,0,0,0,0,2,32,22 kW,400,0,0,0,0,0,0,0,0
LSB-01205,unassigned_point,node/14108316966,no,38.7709778,-9.1619773,True Kare,yes,24/7,Mobi.E,,,,,,https://www.mobie.pt/,0,0,0,0,0,0,0,0,0,0,0,0,2,32,22 kW,400,0,0,0,0,0,0,0,0
LSB-01206,unassigned_point,node/13997522935,no,38.77262,-9.15953,True Kare,yes,24/7,Mobi.E,,,,,,https://www.mobie.pt/,0,0,0,0,0,0,0,0,0,0,0,0,2,32,22 kW,400,0,0,0,0,0,0,0,0
LSB-01207,unassigned_point,node/13946039615,no,38.73909,-9.12042,True Kare,yes,24/7,Mobi.E,,,,,,https://www.mobie.pt/,0,0,0,0,0,0,0,0,0,0,0,0,2,32,22 kW,400,0,0,0,0,0,0,0,0
LSB-01208,unassigned_point,node/13997522934,no,38.7262578,-9.1137966,True Kare,yes,24/7,Mobi.E,,,,,,https://www.mobie.pt/,0,0,0,0,0,0,0,0,0,0,0,0,2,32,22 kW,400,0,0,0,0,0,0,0,0
LSB-01209,unassigned_point,node/14047283195,no,38.7667683,-9.1526856,True Kare,yes,24/7,Mobi.E,,,,,,https://www.mobie.pt/,0,0,0,0,0,0,0,0,0,0,0,0,2,32,22 kW,400,0,0,0,0,0,0,0,0
LSB-01210,unassigned_point,node/14108316965,no,38.76778,-9.15912,True Kare,yes,24/7,Mobi.E,,,,,,https://www.mobie.pt/,0,0,0,0,0,0,0,0,0,0,0,0,2,32,22 kW,400,0,0,0,0,0,0,0,0
LSB-01212,unassigned_point,node/13866023589,no,38.76858,-9.1558,True Kare,yes,24/7,Mobi.E,,,,,,https://www.mobie.pt/,0,0,0,0,0,0,0,0,0,0,0,0,2,32,22 kW,400,0,0,0,0,0,0,0,0
LSB-01213,unassigned_point,node/13988040773,no,38.7681,-9.15812,True Kare,yes,24/7,Mobi.E,,,,,,https://www.mobie.pt/,0,0,0,0,0,0,0,0,0,0,0,0,2,32,22 kW,400,0,0,0,0,0,0,0,0
LSB-01214,unassigned_point,node/13946039614,no,38.77376,-9.1611,True Kare,yes,24/7,Mobi.E,,,,,,https://www.mobie.pt/,0,0,0,0,0,0,0,0,0,0,0,0,2,32,22 kW,400,0,0,0,0,0,0,0,0
LSB-01215,unassigned_point,node/13902954720,no,38.7660069,-9.1704679,True Kare,yes,24/7,Mobi.E,,,,,,https://www.mobie.pt/,0,0,0,0,0,0,0,0,0,0,0,0,2,32,22 kW,400,0,0,0,0,0,0,0,0
LSB-01216,unassigned_point,node/14108316964,no,38.76118,-9.17384,True Kare,yes,24/7,Mobi.E,,,,,,https://www.mobie.pt/,0,0,0,0,0,0,0,0,0,0,0,0,2,32,22 kW,400,0,0,0,0,0,0,0,0
LSB-01217,unassigned_point,node/13988040772,no,38.7628,-9.1712988,True Kare,yes,24/7,Mobi.E,,,,,,https://www.mobie.pt/,0,0,0,0,0,0,0,0,0,0,0,0,2,32,22 kW,400,0,0,0,0,0,0,0,0
LSB-01218,unassigned_point,node/13902954719,no,38.7606504,-9.1672795,True Kare,yes,24/7,Mobi.E,,,,,,https://www.mobie.pt/,0,0,0,0,0,0,0,0,0,0,0,0,2,32,22 kW,400,0,0,0,0,0,0,0,0
LSB-01219,unassigned_point,node/13866023588,no,38.7667358,-9.171608,True Kare,yes,24/7,Mobi.E,,,,,,https://www.mobie.pt/,0,0,0,0,0,0,0,0,0,0,0,0,2,32,22 kW,400,0,0,0,0,0,0,0,0
LSB-01220,unassigned_point,node/14047283194,no,38.7294127,-9.1255188,True Kare,yes,24/7,Mobi.E,,,,,,https://www.mobie.pt/,0,0,0,0,0,0,0,0,0,0,0,0,2,32,22 kW,400,0,0,0,0,0,0,0,0
LSB-01233,unassigned_point,node/10571624045,no,38.7160107,-9.1631835,Atlante,yes,09:00-21:00,Mobi.E,,,,,+351 800 296 929;+351 234 246 050,https://www.mobie.pt/,0,0,0,0,0,0,0,0,0,0,0,0,0,0,0,0,0,0,0,0,2,150,60 kW,1000
LSB-01317,unassigned_point,node/12719167112,no,38.7526407,-9.1965183,EMEL,yes,24/7,Mobi.E,,,,,+351 800 910 255,https://www.mobie.pt/,0,0,0,0,0,0,0,0,0,0,0,0,2,32,22 kW,400,0,0,0,0,0,0,0,0
LSB-01318,unassigned_point,node/13739739680,no,38.7168493,-9.1493187,EMEL,yes,24/7,Mobi.E,,,,,+351 800 910 255,https://www.mobie.pt/,0,0,0,0,0,0,0,0,0,0,0,0,2,32,22 kW,400,0,0,0,0,0,0,0,0
LSB-01319,unassigned_point,node/9618866658,no,38.7137492,-9.144366,Acciona,yes,24/7,Mobi.E,,,,,,https://www.mobie.pt/,0,0,0,0,0,0,0,0,0,0,0,0,0,0,0,0,0,0,0,0,1,350,175 kW,1000
LSB-01325,unassigned_point,node/13798093494,no,38.7481996,-9.2070904,Cepsa,yes,24/7,Mobi.E,,,,,,https://www.mobie.pt/,0,0,0,0,0,0,0,0,0,0,0,0,0,0,0,0,0,0,0,0,1,400,150 kW,1000
LSB-01329,unassigned_point,node/10313727109,no,38.7020674,-9.1936928,Atlante,yes,08:00-21:30,Mobi.E,,,,,+351 800 296 929;+351 234 246 050,https://www.mobie.pt/,0,0,0,0,0,0,0,0,0,0,0,0,0,0,0,0,0,0,0,0,2,150,50 kW,1000
LSB-01330,unassigned_point,node/10237649030,no,38.7567484,-9.1408507,Atlante,yes,07:30-21:00,Mobi.E,,,,,+351 800 296 929;+351 234 246 050,https://www.mobie.pt/,0,0,0,0,0,0,0,0,0,0,0,0,0,0,0,0,0,0,0,0,2,150,50 kW,1000
LSB-01333,unassigned_point,node/13686975387,no,38.7823333,-9.1597222,EMEL,yes,24/7,Mobi.E,,,,,,https://www.mobie.pt/,0,0,0,0,0,0,0,0,0,0,0,0,2,32,22 kW,400,0,0,0,0,0,0,0,0
LSB-01382,unassigned_point,node/14108316963,no,38.7643116,-9.159034,True Kare,yes,24/7,Mobi.E,,,,,,https://www.mobie.pt/,0,0,0,0,0,0,0,0,0,0,0,0,2,32,22 kW,400,0,0,0,0,0,0,0,0
LSB-01387,unassigned_point,node/14047364362,no,38.76217,-9.16524,True Kare,yes,24/7,Mobi.E,,,,,,https://www.mobie.pt/,0,0,0,0,0,0,0,0,0,0,0,0,2,32,22 kW,400,0,0,0,0,0,0,0,0
LSB-01441,unassigned_point,node/14047355229,no,38.7744195,-9.0960247,True Kare,yes,24/7,Mobi.E,,,,,,https://www.mobie.pt/,0,0,0,0,0,0,0,0,0,0,0,0,2,32,22 kW,400,0,0,0,0,0,0,0,0
LSB-01446,unassigned_point,node/12846852963,no,38.7396585,-9.1364468,EMEL,yes,24/7,Mobi.E,,,,,,https://www.mobie.pt/,0,0,0,0,0,0,0,0,0,0,0,0,2,32,22 kW,400,0,0,0,0,0,0,0,0
LSB-80001,unassigned_point,node/8147485651,no,38.6948425,-9.2150537,Atlante,yes,24/7,Mobi.E,,,,,+351 800 296 929;+351 234 246 050,https://www.mobie.pt,0,0,0,0,0,0,0,0,0,0,0,0,2,16,3.7 kW,230,0,0,0,0,0,0,0,0
LSB-80009,unassigned_point,node/8147485648,no,38.7078992,-9.2061138,Galp Power,yes,24/7,Mobi.E,,,,,+351 800 249 249,https://www.mobie.pt,0,0,0,0,0,0,0,0,0,0,0,0,2,32,7.4 kW,230,0,0,0,0,0,0,0,0
LSB-80022,unassigned_point,node/8149431052,no,38.7585996,-9.1854548,Atlante,yes,24/7,Mobi.E,,,,,+351 800 296 929;+351 234 246 050,https://www.mobie.pt,0,0,0,0,0,0,0,0,0,0,0,0,2,16,3.7 kW,230,0,0,0,0,0,0,0,0
LSB-80026,unassigned_point,node/8298190295,no,38.7601009,-9.1824205,Atlante,yes,24/7,Mobi.E,,,,,+351 800 296 929;+351 234 246 050,https://www.mobie.pt,0,0,0,0,0,0,0,0,0,0,0,0,2,32,22 kW,400,0,0,0,0,0,0,0,0
LSB-80034,unassigned_point,node/966120833,no,38.7692823,-9.0940586,Galp Power,yes,24/7,Mobi.E,Rua do Bojador,Lisboa,1990-231,,+351 800 249 249,https://www.mobie.pt,0,0,0,0,0,0,0,0,0,0,0,0,2,32,22 kW,400,0,0,0,0,0,0,0,0
LSB-80042,unassigned_point,node/8104906835,no,38.7801623,-9.093557,Atlante,yes,24/7,Mobi.E,,,,,+351 800 296 929;+351 234 246 050,https://www.mobie.pt,0,0,0,0,0,0,0,0,0,0,0,0,2,32,22 kW,400,0,0,0,0,0,0,0,0
LSB-80047,unassigned_point,node/8149297724,no,38.7347485,-9.1797164,Galp Power,yes,24/7,Mobi.E,,,,,+351 800 249 249,https://www.mobie.pt,0,0,0,0,0,0,0,0,0,0,0,0,2,16,3.7 kW,230,0,0,0,0,0,0,0,0
LSB-80049,unassigned_point,node/13915381868,no,38.7059686,-9.1775268,Atlante,yes,24/7,Mobi.E,Praça General Domingos Oliveira,Lisboa,,,+351 800 296 929;+351 234 246 050,https://www.mobie.pt,0,0,0,0,0,0,0,0,0,0,0,0,2,16,3.7 kW,230,0,0,0,0,0,0,0,0
LSB-80055,unassigned_point,node/8149431048,no,38.7645692,-9.1715576,Galp Power,yes,24/7,Mobi.E,,,,,+351 800 249 249,https://www.mobie.pt,0,0,0,0,0,0,0,0,0,0,0,0,2,16,3.7 kW,230,0,0,0,0,0,0,0,0
LSB-80062,unassigned_point,node/8149431049,no,38.7612972,-9.1666713,Galp Power,yes,24/7,Mobi.E,,,,,+351 800 249 249,https://www.mobie.pt,0,0,0,0,0,0,0,0,0,0,0,0,2,32,7.4 kW,230,0,0,0,0,0,0,0,0
LSB-80067,unassigned_point,node/8149297726,no,38.7251297,-9.1641402,Atlante,yes,24/7,Mobi.E,,,,,+351 800 296 929;+351 234 246 050,https://www.mobie.pt,0,0,0,0,0,0,0,0,0,0,0,0,2,16,3.7 kW,230,0,0,0,0,0,0,0,0
LSB-80073,unassigned_point,node/8105044844,no,38.727413,-9.1632608,Galp Power,yes,24/7,Mobi.E,,,,,+351 800 249 249,https://www.mobie.pt,0,0,0,0,0,0,0,0,0,0,0,0,2,32,22 kW,400,0,0,0,0,0,0,0,0
LSB-80078,unassigned_point,node/8149431042,no,38.772344,-9.160525,Galp Power,yes,24/7,Mobi.E,,,,,+351 800 249 249,https://www.mobie.pt,0,0,0,0,0,0,0,0,0,0,0,0,2,16,3.7 kW,230,0,0,0,0,0,0,0,0
LSB-80081,unassigned_point,node/3724919268,no,38.7353709,-9.1584775,Atlante,yes,24/7,Mobi.E,Rua da Mesquita,Lisboa,1070-238,,+351 800 296 929;+351 234 246 050,https://www.mobie.pt,0,0,0,0,0,0,0,0,0,0,0,0,2,32,22 kW,400,0,0,0,0,0,0,0,0
LSB-80091,unassigned_point,node/3708190928,no,38.7095679,-9.1533259,Atlante,yes,24/7,Mobi.E,Avenida Dom Carlos I,Lisboa,1200,,+351 800 296 929;+351 234 246 050,https://www.mobie.pt,0,0,0,0,0,0,0,0,0,0,0,0,2,32,22 kW,400,0,0,0,0,0,0,0,0
LSB-80101,unassigned_point,node/3708190925,no,38.7075392,-9.1479883,Galp Power,yes,24/7,Mobi.E,Rua Dom Luís I,Lisboa,1200-427,,+351 800 249 249,https://www.mobie.pt,0,0,0,0,0,0,0,0,0,0,0,0,2,32,22 kW,400,0,0,0,0,0,0,0,0
LSB-80116,unassigned_point,node/3703042042,no,38.7434539,-9.1383521,Atlante,yes,24/7,Mobi.E,Avenida de Roma,Lisboa,1000-265,,+351 800 296 929;+351 234 246 050,https://www.mobie.pt,0,0,0,0,0,0,0,0,0,0,0,0,2,32,22 kW,400,0,0,0,0,0,0,0,0
LSB-80124,unassigned_point,node/3703042041,no,38.7416855,-9.1351257,Atlante,yes,24/7,Mobi.E,Avenida de Paris,Lisboa,1000-238,,+351 800 296 929;+351 234 246 050,https://www.mobie.pt,0,0,0,0,0,0,0,0,0,0,0,0,2,16,3.7 kW,230,0,0,0,0,0,0,0,0
LSB-80144,unassigned_point,node/7231661007,no,38.7678849,-9.1090794,Galp Power,yes,24/7,Mobi.E,,,,,+351 800 249 249,https://www.mobie.pt,0,0,0,0,0,0,0,0,0,0,0,0,2,16,3.7 kW,230,0,0,0,0,0,0,0,0
LSB-80148,unassigned_point,node/3706318963,no,38.762868,-9.1048522,Galp Power,yes,24/7,Mobi.E,Avenida de Pádua,Lisboa,1800,,+351 800 249 249,https://www.mobie.pt,0,0,0,0,0,0,0,0,0,0,0,0,2,16,3.7 kW,230,0,0,0,0,0,0,0,0
LSB-80149,unassigned_point,node/3703171660,no,38.745828,-9.1015777,Galp Power,yes,24/7,Mobi.E,Rua do Vale Formoso,Lisboa,,,+351 800 249 249,https://www.mobie.pt,0,0,0,0,0,0,0,0,0,0,0,0,2,32,7.4 kW,230,0,0,0,0,0,0,0,0
LSB-80178,unassigned_point,node/8105119483,no,38.7164046,-9.1427185,Atlante,yes,24/7,Mobi.E,,,,,+351 800 296 929;+351 234 246 050,https://www.mobie.pt,0,0,0,0,0,0,0,0,0,0,0,0,2,32,22 kW,400,0,0,0,0,0,0,0,0
LSB-90002,unassigned_point,node/8147485650,no,38.7151617,-9.214125,EDP,yes,24/7,Mobi.E,,,,,+351 800 222 222,https://www.mobie.pt,0,0,0,0,0,0,0,0,0,0,0,0,2,16,3.7 kW,230,0,0,0,0,0,0,0,0
LSB-90003,unassigned_point,node/8104958090,no,38.6934643,-9.2134374,Powerdot,yes,24/7,Mobi.E,,,,,+351 800 180 292,https://www.mobie.pt,0,0,0,0,0,0,0,0,0,0,0,0,2,32,22 kW,400,0,0,0,0,0,0,0,0
LSB-90004,unassigned_point,node/8104957863,no,38.7111611,-9.2136645,Galp Power,yes,24/7,Mobi.E,,,,,+351 800 249 249,https://www.mobie.pt,0,0,0,0,0,0,0,0,0,0,0,0,2,32,22 kW,400,0,0,0,0,0,0,0,0
LSB-90005,unassigned_point,node/8104958089,no,38.6966725,-9.2091472,Galp Power,yes,24/7,Mobi.E,,,,,+351 800 249 249,https://www.mobie.pt,0,0,0,0,0,0,0,0,0,0,0,0,2,32,22 kW,400,0,0,0,0,0,0,0,0
LSB-90017,unassigned_point,node/3708190937,no,38.7039296,-9.1939712,EDP,yes,24/7,Mobi.E,Largo da Boa Hora à Ajuda,Lisboa,1300-481,,+351 800 222 222,https://www.mobie.pt,0,0,0,0,0,0,0,0,0,0,0,0,2,16,3.7 kW,230,0,0,0,0,0,0,0,0
LSB-90021,unassigned_point,node/3708190935,no,38.705911,-9.1864379,Powerdot,yes,24/7,Mobi.E,Calçada da Tapada,Lisboa,1300-320,,+351 800 180 292,https://www.mobie.pt,0,0,0,0,0,0,0,0,0,0,0,0,2,16,3.7 kW,230,0,0,0,0,0,0,0,0
LSB-90024,unassigned_point,node/8104957862,no,38.7044861,-9.1853931,EDP,yes,24/7,Mobi.E,,,,,+351 800 222 222,https://www.mobie.pt,0,0,0,0,0,0,0,0,0,0,0,0,2,32,22 kW,400,0,0,0,0,0,0,0,0
LSB-90025,unassigned_point,node/8149431051,no,38.7679206,-9.1838488,EDP,yes,24/7,Mobi.E,,,,,+351 800 222 222,https://www.mobie.pt,0,0,0,0,0,0,0,0,0,0,0,0,2,16,3.7 kW,230,0,0,0,0,0,0,0,0
LSB-90028,unassigned_point,node/3708190938,no,38.6996238,-9.1809196,EDP,yes,24/7,Mobi.E,Travessa do Conde da Ponte,Lisboa,1300,,+351 800 222 222,https://www.mobie.pt,0,0,0,0,0,0,0,0,0,0,0,0,2,32,22 kW,400,0,0,0,0,0,0,0,0
LSB-90029,unassigned_point,node/3982214475,no,38.7632667,-9.1800905,Powerdot,yes,24/7,Mobi.E,,,,,+351 800 180 292,https://www.mobie.pt,0,0,0,0,0,0,0,0,0,0,0,0,2,32,22 kW,400,0,0,0,0,0,0,0,0
LSB-90035,unassigned_point,node/966120802,no,38.7605598,-9.0953221,Powerdot,yes,24/7,Mobi.E,Rua Pedro e Inês,Lisboa,1990,,+351 800 180 292,https://www.mobie.pt,0,0,0,0,0,0,0,0,0,0,0,0,2,32,22 kW,400,0,0,0,0,0,0,0,0
LSB-90036,unassigned_point,node/966120816,no,38.77293,-9.0925,Powerdot,yes,24/7,Mobi.E,Rua Do Bojador,Lisboa,1990-231,,+351 800 180 292,https://www.mobie.pt,0,0,0,0,0,0,0,0,0,0,0,0,2,16,3.7 kW,230,0,0,0,0,0,0,0,0
LSB-90038,unassigned_point,node/5417595987,no,38.7206351,-9.1465194,Galp Power,yes,24/7,Mobi.E,,,,,+351 800 249 249,https://www.mobie.pt,0,0,0,0,0,0,0,0,0,0,0,0,2,32,22 kW,400,0,0,0,0,0,0,0,0
LSB-90039,unassigned_point,node/966120809,no,38.7630416,-9.0968087,Galp Power,yes,24/7,Mobi.E,Avenida do Mediterrâneo,Lisboa,1990-156,,+351 800 249 249,https://www.mobie.pt,0,0,0,0,0,0,0,0,0,0,0,0,2,32,22 kW,400,0,0,0,0,0,0,0,0
LSB-90050,unassigned_point,node/966120777,no,38.7407131,-9.1864577,EDP,yes,24/7,Mobi.E,Estrada Barcal – Monsanto,Lisboa,1500,,+351 800 222 222,https://www.mobie.pt,0,0,0,0,0,0,0,0,0,0,0,0,2,16,3.7 kW,230,0,0,0,0,0,0,0,0
LSB-90051,unassigned_point,node/7903616844,no,38.7392155,-9.1774897,EDP,yes,24/7,Mobi.E,,Lisboa,,,+351 800 222 222,https://www.mobie.pt,0,0,0,0,0,0,0,0,0,0,0,0,2,16,3.7 kW,230,0,0,0,0,0,0,0,0
LSB-90053,unassigned_point,node/8104938435,no,38.7693819,-9.176629,EDP,yes,24/7,Mobi.E,,,,,+351 800 222 222,https://www.mobie.pt,0,0,0,0,0,0,0,0,0,0,0,0,2,32,22 kW,400,0,0,0,0,0,0,0,0
LSB-90059,unassigned_point,node/8105086552,no,38.7155585,-9.1681049,Galp Power,yes,24/7,Mobi.E,,,,,+351 800 249 249,https://www.mobie.pt,0,0,0,0,0,0,0,0,0,0,0,0,2,32,22 kW,400,0,0,0,0,0,0,0,0
LSB-90060,unassigned_point,node/8304003630,no,38.7256578,-9.1605719,Powerdot,yes,24/7,Mobi.E,,,,,+351 800 180 292,https://www.mobie.pt,0,0,0,0,0,0,0,0,0,0,0,0,2,32,22 kW,400,0,0,0,0,0,0,0,0
LSB-90064,unassigned_point,node/966120797,no,38.74894,-9.13805,Galp Power,yes,24/7,Mobi.E,Avenida dos Estados Unidos da América,Lisboa,1700,,+351 800 249 249,https://www.mobie.pt,0,0,0,0,0,0,0,0,0,0,0,0,2,32,22 kW,400,0,0,0,0,0,0,0,0
LSB-90069,unassigned_point,node/3724919250,no,38.7594842,-9.1542758,EDP,yes,24/7,Mobi.E,Avenida Marechal Craveiro Lopes,Lisboa,1700,,+351 800 222 222,https://www.mobie.pt,0,0,0,0,0,0,0,0,0,0,0,0,2,16,3.7 kW,230,0,0,0,0,0,0,0,0
LSB-90079,unassigned_point,node/8149431043,no,38.769314,-9.159455,Powerdot,yes,24/7,Mobi.E,,,,,+351 800 180 292,https://www.mobie.pt,0,0,0,0,0,0,0,0,0,0,0,0,2,32,7.4 kW,230,0,0,0,0,0,0,0,0
LSB-90083,unassigned_point,node/3724919269,no,38.7312488,-9.1562514,EDP,yes,24/7,Mobi.E,Rua Marquês de Fronteira,Lisboa,1070-296,,+351 800 222 222,https://www.mobie.pt,0,0,0,0,0,0,0,0,0,0,0,0,2,32,22 kW,400,0,0,0,0,0,0,0,0
LSB-90089,unassigned_point,node/8149431045,no,38.7649979,-9.1536297,EDP,yes,24/7,Mobi.E,,,,,+351 800 222 222,https://www.mobie.pt,0,0,0,0,0,0,0,0,0,0,0,0,2,16,3.7 kW,230,0,0,0,0,0,0,0,0
LSB-90093,unassigned_point,node/3724919257,no,38.7475727,-9.1514943,Powerdot,yes,24/7,Mobi.E,Rua Sanches Coelho,Lisboa,1600-035,,+351 800 180 292,https://www.mobie.pt,0,0,0,0,0,0,0,0,0,0,0,0,2,32,22 kW,400,0,0,0,0,0,0,0,0
LSB-90097,unassigned_point,node/3724919253,no,38.7494247,-9.1497918,EDP,yes,24/7,Mobi.E,Campo Grande,Lisboa,1700-180,,+351 800 222 222,https://www.mobie.pt,0,0,0,0,0,0,0,0,0,0,0,0,2,32,22 kW,400,0,0,0,0,0,0,0,0
LSB-90099,unassigned_point,node/3724919266,no,38.73876,-9.1495926,Galp Power,yes,24/7,Mobi.E,Avenida Elias Garcia,Lisboa,1050-101,,+351 800 249 249,https://www.mobie.pt,0,0,0,0,0,0,0,0,0,0,0,0,2,29,20 kW,400,0,0,0,0,0,0,0,0
LSB-90102,unassigned_point,node/8147539579,no,38.7126185,-9.1475614,Galp Power,yes,24/7,Mobi.E,,,,,+351 800 249 249,https://www.mobie.pt,0,0,0,0,0,0,0,0,0,0,0,0,2,32,7.4 kW,230,0,0,0,0,0,0,0,0
LSB-90103,unassigned_point,node/3724919265,no,38.741088,-9.1468283,Powerdot,yes,24/7,Mobi.E,Avenida da República,Lisboa,1050-189,,+351 800 180 292,https://www.mobie.pt,0,0,0,0,0,0,0,0,0,0,0,0,2,32,22 kW,400,0,0,0,0,0,0,0,0
LSB-90118,unassigned_point,node/3703042046,no,38.7524379,-9.1376443,EDP,yes,24/7,Mobi.E,Avenida Rio de Janeiro,Lisboa,1700-135,,+351 800 222 222,https://www.mobie.pt,0,0,0,0,0,0,0,0,0,0,0,0,2,16,3.7 kW,230,0,0,0,0,0,0,0,0
LSB-90127,unassigned_point,node/3703042049,no,38.7599648,-9.1300814,Galp Power,yes,24/7,Mobi.E,,,,,+351 800 249 249,https://www.mobie.pt,0,0,0,0,0,0,0,0,0,0,0,0,2,16,3.7 kW,230,0,0,0,0,0,0,0,0
LSB-90129,unassigned_point,node/3706318964,no,38.7222735,-9.1288602,Powerdot,yes,24/7,Mobi.E,Avenida General Roçadas,Lisboa,1170-166,,+351 800 180 292,https://www.mobie.pt,0,0,0,0,0,0,0,0,0,0,0,0,2,32,22 kW,400,0,0,0,0,0,0,0,0
LSB-90133,unassigned_point,node/3706318968,no,38.7151982,-9.1241929,EDP,yes,24/7,Mobi.E,Campo de Santa Clara,Lisboa,1100-116,,+351 800 222 222,https://www.mobie.pt,0,0,0,0,0,0,0,0,0,0,0,0,2,16,3.7 kW,230,0,0,0,0,0,0,0,0
LSB-90135,unassigned_point,node/3706318967,no,38.7174797,-9.1210873,Galp Power,yes,24/7,Mobi.E,Rua da Cruz de Santa Apolónia,Lisboa,1170-376,,+351 800 249 249,https://www.mobie.pt,0,0,0,0,0,0,0,0,0,0,0,0,2,16,3.7 kW,230,0,0,0,0,0,0,0,0
LSB-90137,unassigned_point,node/3703171657,no,38.7568104,-9.1152243,EDP,yes,24/7,Mobi.E,Rua Conselheiro Emídio Navarro,Lisboa,1950,,+351 800 222 222,https://www.mobie.pt,0,0,0,0,0,0,0,0,0,0,0,0,2,32,22 kW,400,0,0,0,0,0,0,0,0
LSB-90139,unassigned_point,node/8147608432,no,38.7752648,-9.1124648,EDP,yes,24/7,Mobi.E,Rua Alferes Barrilaro Ruas,,,,+351 800 222 222,https://www.mobie.pt,0,0,0,0,0,0,0,0,0,0,0,0,2,16,3.7 kW,230,0,0,0,0,0,0,0,0
LSB-90140,unassigned_point,node/3703171658,no,38.7535868,-9.1137348,EDP,yes,24/7,Mobi.E,Avenida Doutor Augusto de Castro,Lisboa,1950-002,,+351 800 222 222,https://www.mobie.pt,0,0,0,0,0,0,0,0,0,0,0,0,2,16,3.7 kW,230,0,0,0,0,0,0,0,0
LSB-90141,unassigned_point,node/3703171664,no,38.7404156,-9.1368134,Galp Power,yes,24/7,Mobi.E,Praça de Londres,Lisboa,1000-167,,+351 800 249 249,https://www.mobie.pt,0,0,0,0,0,0,0,0,0,0,0,0,3,32,22 kW,400,0,0,0,0,0,0,0,0
LSB-90143,unassigned_point,node/8105086551,no,38.7128676,-9.1600509,Powerdot,yes,24/7,Mobi.E,,,,,+351 800 180 292,https://www.mobie.pt,0,0,0,0,0,0,0,0,0,0,0,0,2,32,22 kW,400,0,0,0,0,0,0,0,0
LSB-90146,unassigned_point,node/3703042039,no,38.7339979,-9.105567,Powerdot,yes,24/7,Mobi.E,Alameda do Beato,Lisboa,1950-142 Beato,,+351 800 180 292,https://www.mobie.pt,0,0,0,0,0,0,0,0,0,0,0,0,2,16,3.7 kW,230,0,0,0,0,0,0,0,0
LSB-90151,unassigned_point,node/3703171659,no,38.7475465,-9.0975839,Galp Power,yes,24/7,Mobi.E,Rua 3 da Matinha,Lisboa,1950,,+351 800 249 249,https://www.mobie.pt,0,0,0,0,0,0,0,0,0,0,0,0,2,32,22 kW,400,0,0,0,0,0,0,0,0
LSB-90169,unassigned_point,node/8105052950,no,38.7065567,-9.1464625,Galp Power,yes,24/7,Mobi.E,,,,,+351 800 249 249,https://www.mobie.pt,0,0,0,0,0,0,0,0,0,0,0,0,2,32,22 kW,400,0,0,0,0,0,0,0,0
LSD-00002,unassigned_point,node/8497383440,no,41.2668188,-8.2905099,Galp Geste,yes,24/7,Mobi.E,Rua do Comércio,Lousada,,,+351 800 249 249,https://www.mobie.pt,1,120,50 kW,500,0,0,0,0,0,0,0,0,0,0,0,0,1,63,43 kW,400,1,125,50 kW,500
LSD-00005,unassigned_point,node/11196066690,no,41.279558,-8.280245,Iberdrola,yes,09:00-21:30,Mobi.E,,,,,+351 800 607 717,https://www.mobie.pt/,0,0,0,0,0,0,0,0,0,0,0,0,2,32,22 kW,400,0,0,0,0,0,0,0,0
MAC-90001,unassigned_point,node/8290021847,no,39.5601646,-7.9998976,Galp Power,yes,24/7,Mobi.E,,,,PT,+351 800 249 249,https://www.mobie.pt,0,0,0,0,0,0,0,0,0,0,0,0,2,32,22 kW,400,0,0,0,0,0,0,0,0
MAD-00001,unassigned_point,node/8220843747,no,38.5258318,-28.5307726,Galp Geste,yes,24/7,Mobi.E,Rua Doutor Manuel de Arriaga,Madalena,,PT,+351 800 249 249,https://www.mobie.pt,1,120,50 kW,500,0,0,0,0,0,0,0,0,0,0,0,0,1,63,43 kW,400,1,125,50 kW,500
MAI-00004,unassigned_point,node/8309571805,no,41.2643682,-8.6134636,Galp Power,yes,24/7,Mobi.E,,,,,+351 800 249 249,https://www.mobie.pt,0,0,0,0,0,0,0,0,0,0,0,0,2,32,22 kW,400,0,0,0,0,0,0,0,0
MAI-00005,unassigned_point,node/8079150416,no,41.2338941,-8.667423,Powerdot,yes,24/7,Mobi.E,Rua do Barreiro,Maia,,,+351 800 180 292,https://www.mobie.pt,1,120,50 kW,500,0,0,0,0,0,0,0,0,0,0,0,0,1,63,43 kW,400,1,125,50 kW,500
MAI-00016,unassigned_point,node/8419391038,no,41.232352,-8.6071176,Iberdrola,yes,09:00-21:30,Mobi.E,,,,,+351 800 607 717,https://www.mobie.pt,0,0,0,0,0,0,0,0,0,0,0,0,2,32,22 kW,400,0,0,0,0,0,0,0,0
MAI-00017,unassigned_point,node/8486695718,no,41.2503238,-8.6657104,Powerdot,yes,24/7,Mobi.E,,Maia,,,+351 800 180 292,https://www.mobie.pt,1,120,50 kW,500,0,0,0,0,0,0,0,0,0,0,0,0,1,63,43 kW,400,1,125,50 kW,500
MAI-00028,unassigned_point,node/10109931971,no,41.2261795,-8.6184791,EDP,yes,24/7,Mobi.E,,,,,+351 800 222 222,https://www.mobie.pt,0,0,0,0,0,0,0,0,0,0,0,0,1,32,22 kW,400,0,0,0,0,2,200,120 kW,1000
MAI-00034,unassigned_point,node/8231825991,no,41.2553322,-8.654543,Galp Geste,yes,24/7,Mobi.E,Rua Conselheiro Luís Magalhães,Maia,,,+351 800 249 249,https://www.mobie.pt,0,0,0,0,0,0,0,0,0,0,0,0,0,0,0,0,0,0,0,0,2,200,90 kW,1000
MAI-00036,unassigned_point,node/10948894575,no,41.2126631,-8.5646379,Galp Geste,yes,24/7,Mobi.E,,,,,+351 800 249 249,https://www.mobie.pt/,0,0,0,0,0,0,0,0,0,0,0,0,0,0,0,0,0,0,0,0,2,200,120 kW,1000
MAI-00041,unassigned_point,node/10040504084,no,41.2554048,-8.6504096,Atlante,yes,24/7,Mobi.E,,,,,+351 800 296 929;+351 234 246 050,https://www.mobie.pt/,1,120,50 kW,500,0,0,0,0,0,0,0,0,0,0,0,0,1,32,22 kW,400,1,125,50 kW,500
MAI-00042,unassigned_point,node/10040504085,no,41.2254035,-8.6131486,Atlante,yes,24/7,Mobi.E,,,,,+351 800 296 929;+351 234 246 050,https://www.mobie.pt/,1,120,50 kW,500,0,0,0,0,0,0,0,0,0,0,0,0,1,32,22 kW,400,1,125,50 kW,500
MAI-00043,unassigned_point,node/10681530966,no,41.2648456,-8.6149302,Atlante,yes,08:00-21:30,Mobi.E,,,,,+351 800 296 929;+351 234 246 050,https://www.mobie.pt/,1,125,50 kW,500,0,0,0,0,0,0,0,0,0,0,0,0,1,32,22 kW,400,1,150,50 kW,500
MAI-00046,unassigned_point,node/10905142245,no,41.2123542,-8.5632087,Atlante,yes,24/7,Mobi.E,,,,,+351 800 296 929;+351 234 246 050,https://www.mobie.pt,1,125,50 kW,500,0,0,0,0,0,0,0,0,1,32,22 kW,400,0,0,0,0,1,125,60 kW,500
MAI-00051,unassigned_point,node/11829164592,no,41.236219,-8.6155681,EDP,yes,24/7,Mobi.E,,,,,+351 800 222 222,https://www.mobie.pt/,1,125,50 kW,500,0,0,0,0,0,0,0,0,0,0,0,0,0,0,0,0,1,300,120 kW,1000
MAI-00052,unassigned_point,node/11927011375,no,41.245109,-8.6297725,Charging Together,yes,24/7,Mobi.E,,,,,+351 800 917 576,https://www.mobie.pt,1,200,80 kW,500,0,0,0,0,0,0,0,0,0,0,0,0,0,0,0,0,2,500,150 kW,1000
MAI-00053,unassigned_point,node/10773710818,no,41.2078448,-8.565876,EDP,yes,24/7,Mobi.E,,,,,+351 800 222 222,https://www.mobie.pt/,0,0,0,0,0,0,0,0,0,0,0,0,2,32,22 kW,400,0,0,0,0,0,0,0,0
MAI-00054,unassigned_point,node/10773710819,no,41.2469366,-8.6650852,EDP,yes,24/7,Mobi.E,,,,,+351 800 222 222,https://www.mobie.pt/,0,0,0,0,0,0,0,0,0,0,0,0,2,32,22 kW,400,0,0,0,0,0,0,0,0
MAI-00057,unassigned_point,node/12282033947,no,41.2464116,-8.6254748,EDP,yes,09:00-20:00,Mobi.E,,,,,+351 800 222 222,https://www.mobie.pt/,0,0,0,0,0,0,0,0,0,0,0,0,2,16,11 kW,400,0,0,0,0,0,0,0,0
MAI-00058,unassigned_point,node/12259339251,no,41.2545775,-8.652357,Iberdrola,yes,09:00-21:30,Mobi.E,,,,,+351 800 607 717,https://www.mobie.pt,0,0,0,0,0,0,0,0,0,0,0,0,2,32,22 kW,400,0,0,0,0,0,0,0,0
MAI-00059,unassigned_point,node/12282138597,no,41.2391705,-8.6253143,Repsol,yes,24/7,Mobi.E,,,,,+351 800 226 624,https://www.mobie.pt,1,125,50 kW,500,0,0,0,0,0,0,0,0,0,0,0,0,1,32,22 kW,400,1,150,60 kW,1000
MAI-00061,unassigned_point,node/13419196892,no,41.2555537,-8.649685,Prio.E,yes,24/7,Mobi.E,,,,,+351 800 100 303,https://www.mobie.pt/,1,120,50 kW,500,0,0,0,0,0,0,0,0,0,0,0,0,0,0,0,0,1,250,90 kW,1000
MAI-00064,unassigned_point,node/12629963179,no,41.215344,-8.6012543,EDP,yes,08:00-22:00,Mobi.E,,,,,+351 800 222 222,https://www.mobie.pt/,0,0,0,0,0,0,0,0,0,0,0,0,2,32,22 kW,400,0,0,0,0,0,0,0,0
MAI-00071,unassigned_point,node/13659685333,no,41.2392445,-8.6219779,Repsol,yes,24/7,Mobi.E,,,,,+351 800 226 624,https://www.mobie.pt/,1,125,50 kW,500,0,0,0,0,0,0,0,0,0,0,0,0,1,63,43 kW,400,1,125,50 kW,500
MAI-00072,unassigned_point,node/9848120764,no,41.2264876,-8.6104989,Galp Power,yes,24/7,Mobi.E,,,,,+351 800 249 249,https://www.mobie.pt/,1,120,50 kW,500,0,0,0,0,0,0,0,0,0,0,0,0,1,63,43 kW,400,1,125,50 kW,500
MAI-00073,unassigned_point,node/9848120767,no,41.197629,-8.5749815,Galp Power,yes,24/7,Mobi.E,,,,,+351 800 249 249,https://www.mobie.pt/,1,120,50 kW,500,0,0,0,0,0,0,0,0,0,0,0,0,1,63,43 kW,400,1,125,50 kW,500
MAI-00074,unassigned_point,node/8418653275,no,41.2555883,-8.651134,Galp Power,yes,24/7,Mobi.E,Rua Engenheiro Frederico Ulrich,Maia,,,+351 800 249 249,https://www.mobie.pt,1,120,50 kW,500,0,0,0,0,0,0,0,0,0,0,0,0,1,63,43 kW,400,1,125,50 kW,500
MAI-00075,unassigned_point,node/9848120765,no,41.2287555,-8.5857418,Galp Power,yes,24/7,Mobi.E,,,,,+351 800 249 249,https://www.mobie.pt/,1,120,50 kW,500,0,0,0,0,0,0,0,0,0,0,0,0,1,63,43 kW,400,1,125,50 kW,500
MAI-00090,unassigned_point,node/13283997977,no,41.1968704,-8.5772266,Atlante,yes,08:00-21:00,Mobi.E,,,,,+351 800 296 929;+351 234 246 050,https://www.mobie.pt/,0,0,0,0,0,0,0,0,0,0,0,0,0,0,0,0,0,0,0,0,2,150,60 kW,500
MAI-00109,unassigned_point,node/13978917274,no,41.2603003,-8.6166182,Lidl,yes,24/7,Mobi.E,,,,,+351 800 249 249,https://www.galp.com/,1,125,50 kW,500,0,0,0,0,0,0,0,0,0,0,0,0,1,32,22 kW,400,1,125,50 kW,500
MBR-00001,unassigned_point,node/8112888364,no,40.9784801,-7.6139928,Powerdot,yes,24/7,Mobi.E,,,,PT,+351 800 180 292,https://www.mobie.pt,0,0,0,0,0,0,0,0,0,0,0,0,2,32,22 kW,400,0,0,0,0,0,0,0,0
MBR-00002,unassigned_point,node/10903488061,no,40.9658596,-7.599231,EDP,yes,24/7,Mobi.E,,,,PT,+351 800 222 222,https://www.mobie.pt/,0,0,0,0,0,0,0,0,0,0,0,0,2,32,7.4 kW,230,0,0,0,0,0,0,0,0
MBR-00003,unassigned_point,node/12176582184,no,40.9863583,-7.6189287,EDP,yes,24/7,Mobi.E,,,,PT,+351 800 222 222,https://www.mobie.pt/,0,0,0,0,0,0,0,0,0,0,0,0,2,32,22 kW,400,0,0,0,0,0,0,0,0
MBR-00006,unassigned_point,node/13370724911,no,40.9853119,-7.6156613,Galp Power,yes,24/7,Mobi.E,,,,,+351 800 249 249,https://www.mobie.pt/,0,0,0,0,0,0,0,0,0,0,0,0,0,0,0,0,0,0,0,0,2,120,60 kW,1000
MBR-00007,unassigned_point,node/13370724910,no,40.9729139,-7.6116626,Galp Power,yes,24/7,Mobi.E,,,,,+351 800 249 249,https://www.mobie.pt/,0,0,0,0,0,0,0,0,0,0,0,0,0,0,0,0,0,0,0,0,2,120,60 kW,1000
MBR-00008,unassigned_point,node/13370724909,no,40.9788238,-7.6132328,Galp Power,yes,24/7,Mobi.E,,,,,+351 800 249 249,https://www.mobie.pt/,0,0,0,0,0,0,0,0,0,0,0,0,0,0,0,0,0,0,0,0,2,120,60 kW,1000
MBR-00009,unassigned_point,node/13563903188,no,40.9777671,-7.613322,Powerdot,yes,24/7,Mobi.E,,,,,+351 800 180 292,https://www.mobie.pt/,0,0,0,0,0,0,0,0,0,0,0,0,1,32,22 kW,400,0,0,0,0,2,400,100 kW,1000
MCD-00003,unassigned_point,node/10109795253,no,41.536068,-6.9604491,EDP,yes,24/7,Mobi.E,,,,,+351 800 222 222,https://www.mobie.pt/,1,120,50 kW,500,0,0,0,0,0,0,0,0,0,0,0,0,1,63,43 kW,400,1,125,50 kW,500
MCD-00007,unassigned_point,node/9848120757,no,41.544157,-6.9591503,Galp Power,yes,24/7,Mobi.E,,,,PT,+351 800 249 249,https://www.mobie.pt/,1,120,50 kW,500,0,0,0,0,0,0,0,0,0,0,0,0,1,32,22 kW,400,1,125,50 kW,500
MCD-90001,unassigned_point,node/8309553068,no,41.5382926,-6.9689195,EDP,yes,24/7,Mobi.E,,,,PT,+351 800 222 222,https://www.mobie.pt,0,0,0,0,0,0,0,0,0,0,0,0,2,32,22 kW,400,0,0,0,0,0,0,0,0
MCH-00001,unassigned_point,node/8116375613,no,32.7184442,-16.7659602,Factor Energia,yes,24/7,Mobi.E,,,,,+351 800 100 013,https://www.mobie.pt,0,0,0,0,0,0,0,0,0,0,0,0,2,32,22 kW,400,0,0,0,0,0,0,0,0
MCH-00002,unassigned_point,node/8082173390,no,32.7175523,-16.7660346,Emacom,yes,24/7,Mobi.E,Praceta 25 de Abril,Machico,,,+351 800 221 187,https://www.mobie.pt,1,120,50 kW,500,0,0,0,0,0,0,0,0,0,0,0,0,1,32,22 kW,400,1,125,50 kW,500
MCH-00007,unassigned_point,node/9091974141,no,32.7189386,-16.7624682,Factor Energia,yes,24/7,Mobi.E,,,,,+351 800 100 013,https://www.mobie.pt,1,150,60 kW,500,0,0,0,0,0,0,0,0,0,0,0,0,0,0,0,0,1,150,60 kW,500
MCH-00010,unassigned_point,node/11429954367,no,32.714916,-16.767088,Charging Together,yes,24/7,Mobi.E,,,,,+351 800 917 576,https://www.mobie.pt,1,200,80 kW,500,0,0,0,0,0,0,0,0,0,0,0,0,0,0,0,0,2,500,150 kW,1000
MCH-00011,unassigned_point,node/11963115979,no,32.7078818,-16.766858,Factor Energia,yes,24/7,Mobi.E,,,,,+351 800 100 013,https://www.mobie.pt/,0,0,0,0,0,0,0,0,0,0,0,0,2,32,22 kW,400,0,0,0,0,0,0,0,0
MCH-00012,unassigned_point,node/11963115978,no,32.7204527,-16.7682821,Factor Energia,yes,24/7,Mobi.E,,,,,+351 800 100 013,https://www.mobie.pt/,0,0,0,0,0,0,0,0,0,0,0,0,2,32,22 kW,400,0,0,0,0,0,0,0,0
MCN-00004,unassigned_point,node/9847807942,no,41.178291,-8.1519529,EDP,yes,24/7,Mobi.E,,,,,+351 800 222 222,https://www.mobie.pt,1,125,50 kW,500,0,0,0,0,0,0,0,0,1,32,22 kW,400,0,0,0,0,1,200,90 kW,1000
MCN-00006,unassigned_point,node/10913012847,no,41.1802008,-8.1553032,Iberdrola,yes,09:00-21:30,Mobi.E,,,,,+351 800 607 717,https://www.mobie.pt/,0,0,0,0,0,0,0,0,0,0,0,0,2,32,22 kW,400,0,0,0,0,0,0,0,0
MCN-00007,unassigned_point,node/10870506032,no,41.1800376,-8.1536983,EDP,yes,24/7,Mobi.E,,,,,+351 800 222 222,https://www.mobie.pt/,1,125,50 kW,500,0,0,0,0,0,0,0,0,0,0,0,0,0,0,0,0,1,200,120 kW,1000
MCN-00010,unassigned_point,node/12616764232,no,41.1817771,-8.1519397,Galp Geste,yes,24/7,Mobi.E,,,,,+351 800 249 249,https://www.mobie.pt/,0,0,0,0,0,0,0,0,0,0,0,0,0,0,0,0,0,0,0,0,2,250,120 kW,1000
MCN-00012,unassigned_point,node/11270419876,no,41.1254316,-8.2158676,EDP,yes,24/7,Mobi.E,,,,,+351 800 222 222,https://www.mobie.pt/,0,0,0,0,0,0,0,0,0,0,0,0,2,16,11 kW,400,0,0,0,0,0,0,0,0
MCN-00013,unassigned_point,node/11529010305,no,41.1942744,-8.1570133,Powerdot,yes,24/7,Mobi.E,,,,,+351 800 180 292,https://www.mobie.pt,1,125,50 kW,500,0,0,0,0,0,0,0,0,1,32,22 kW,400,0,0,0,0,2,250,100 kW,1000
MCN-00015,unassigned_point,node/10981664003,no,41.1767168,-8.1500113,EDP,yes,24/7,Mobi.E,,,,,+351 800 222 222,https://www.mobie.pt/,0,0,0,0,0,0,0,0,0,0,0,0,2,32,22 kW,400,0,0,0,0,0,0,0,0
MCN-00016,unassigned_point,node/12297748640,no,41.1785834,-8.1490173,Atlante,yes,24/7,Mobi.E,,,,,+351 800 296 929;+351 234 246 050,https://www.mobie.pt,1,125,50 kW,500,0,0,0,0,0,0,0,0,0,0,0,0,1,32,22 kW,400,1,150,60 kW,500
MCN-00020,unassigned_point,node/9046134366,no,41.1804913,-8.1546643,Galp Power,yes,24/7,Mobi.E,,,,,+351 800 249 249,https://www.mobie.pt,1,120,50 kW,500,0,0,0,0,0,0,0,0,0,0,0,0,1,32,22 kW,400,1,125,50 kW,500
MCN-00021,unassigned_point,node/8445274829,no,41.1774125,-8.1504832,Prio.E,yes,24/7,Mobi.E,Avenida Futebol Clube do Porto,Marco de Canaveses,,,+351 800 100 303,https://www.mobie.pt/,0,0,0,0,0,0,0,0,0,0,0,0,0,0,0,0,0,0,0,0,2,250,90 kW,1000
MCN-90001,unassigned_point,node/8309545621,no,41.1862775,-8.1494455,Galp Power,yes,24/7,Mobi.E,,,,,+351 800 249 249,https://www.mobie.pt,0,0,0,0,0,0,0,0,0,0,0,0,2,32,22 kW,400,0,0,0,0,0,0,0,0
MCQ-00001,unassigned_point,node/7159237168,no,37.3177337,-8.5556607,Galp Power,yes,24/7,Mobi.E,,,,,+351 800 249 249,https://www.mobie.pt,0,0,0,0,0,0,0,0,0,0,0,0,2,32,22 kW,400,0,0,0,0,0,0,0,0
MCQ-00003,unassigned_point,node/12033959118,no,37.3126363,-8.5562311,EDP,yes,24/7,Mobi.E,,,,,+351 800 222 222,https://www.mobie.pt/,0,0,0,0,0,0,0,0,0,0,0,0,2,32,22 kW,400,0,0,0,0,0,0,0,0
MCV-00002,unassigned_point,node/9631176942,no,40.089307,-8.32712,EDP,yes,24/7,Mobi.E,,,,,+351 800 222 222,https://www.mobie.pt/,0,0,0,0,0,0,0,0,0,0,0,0,2,16,11 kW,400,0,0,0,0,0,0,0,0
MCV-00006,unassigned_point,node/12184179573,no,40.0916448,-8.3260659,Galp Power,yes,24/7,Mobi.E,,,,,+351 800 249 249,https://www.mobie.pt/,1,120,50 kW,500,0,0,0,0,0,0,0,0,0,0,0,0,1,32,22 kW,400,1,125,50 kW,500
MCV-00010,unassigned_point,node/13454313856,no,40.0978815,-8.3267839,REMO,yes,24/7,Mobi.E,,,,,+351 800 020 940,https://www.mobie.pt/,0,0,0,0,0,0,0,0,0,0,0,0,0,0,0,0,0,0,0,0,2,200,80 kW,1000
MCV-90001,unassigned_point,node/8600398440,no,40.0888885,-8.3306421,EDP,yes,24/7,Mobi.E,,,,,+351 800 222 222,https://www.mobie.pt,0,0,0,0,0,0,0,0,0,0,0,0,2,32,22 kW,400,0,0,0,0,0,0,0,0
MDB-00001,unassigned_point,node/8113074614,no,41.4101133,-7.9544389,Powerdot,yes,24/7,Mobi.E,,,,PT,+351 800 180 292,https://www.mobie.pt,0,0,0,0,0,0,0,0,0,0,0,0,2,32,22 kW,400,0,0,0,0,0,0,0,0
MDB-00004,unassigned_point,node/10830131115,no,41.3786593,-7.9516102,NRG,yes,24/7,Mobi.E,,,,PT,,https://www.mobie.pt/,0,0,0,0,0,0,0,0,0,0,0,0,2,32,22 kW,400,0,0,0,0,0,0,0,0
MDL-00004,unassigned_point,node/9208602995,no,41.4811038,-7.1793842,Powerdot,yes,24/7,Mobi.E,,,,,+351 800 180 292,https://www.mobie.pt/,0,0,0,0,0,0,0,0,0,0,0,0,2,32,22 kW,400,0,0,0,0,0,0,0,0
MDL-00005,unassigned_point,node/9920099816,no,41.4825429,-7.1947106,Galp Power,yes,24/7,Mobi.E,,,,,+351 800 249 249,https://www.mobie.pt/,0,0,0,0,0,0,0,0,0,0,0,0,0,0,0,0,0,0,0,0,2,250,90 kW,1000
MDL-00007,unassigned_point,node/11275817610,no,41.493193,-7.176589,Repsol,yes,24/7,Mobi.E,,,,,+351 800 226 624,https://www.mobie.pt/,1,125,50 kW,500,0,0,0,0,0,0,0,0,0,0,0,0,1,32,22 kW,400,1,150,60 kW,1000
MDL-00009,unassigned_point,node/11275817605,no,41.501959,-7.166475,Galp Power,yes,24/7,Mobi.E,,,,,+351 800 249 249,https://www.mobie.pt/,0,0,0,0,0,0,0,0,0,0,0,0,2,32,22 kW,400,0,0,0,0,0,0,0,0
MDL-00012,unassigned_point,node/12101523362,no,41.4853073,-7.1881789,EDP,yes,24/7,Mobi.E,,,,,+351 800 222 222,https://www.mobie.pt,1,125,50 kW,500,0,0,0,0,0,0,0,0,1,32,22 kW,400,0,0,0,0,1,200,90 kW,1000
MDL-00013,unassigned_point,node/12871913979,no,41.4776429,-7.1786377,Galp Power,yes,24/7,Mobi.E,,,,,+351 800 249 249,https://www.mobie.pt/,0,0,0,0,0,0,0,0,0,0,0,0,2,32,22 kW,400,0,0,0,0,0,0,0,0
MDL-00014,unassigned_point,node/8385277365,no,41.4936068,-7.1817072,Galp Power,yes,24/7,Mobi.E,,Mirandela,,,+351 800 249 249,https://www.mobie.pt,1,120,50 kW,500,0,0,0,0,0,0,0,0,0,0,0,0,1,63,43 kW,400,1,125,50 kW,500
MDL-00015,unassigned_point,node/8833322154,no,41.4966595,-7.1784218,Atlante,yes,24/7,Mobi.E,,Mirandela,,,+351 800 296 929;+351 234 246 050,https://www.mobie.pt,0,0,0,0,0,0,0,0,0,0,0,0,0,0,0,0,0,0,0,0,2,250,100 kW,1000
MDR-00002,unassigned_point,node/11421521131,no,41.4952124,-6.2760215,EDP,yes,24/7,Mobi.E,,,,PT,+351 800 222 222,https://www.mobie.pt/,0,0,0,0,0,0,0,0,0,0,0,0,2,32,22 kW,400,0,0,0,0,0,0,0,0
MDR-00003,unassigned_point,node/11889655229,no,41.4936325,-6.2729524,EDP,yes,24/7,Mobi.E,,,,PT,+351 800 222 222,https://www.mobie.pt/,0,0,0,0,0,0,0,0,0,0,0,0,2,32,22 kW,400,0,0,0,0,0,0,0,0
MDR-00005,unassigned_point,node/11513771562,no,41.3926803,-6.424862,EDP,yes,24/7,Mobi.E,,,,PT,+351 800 222 222,https://www.mobie.pt/,0,0,0,0,0,0,0,0,0,0,0,0,2,32,7.4 kW,230,0,0,0,0,0,0,0,0
MDR-00006,unassigned_point,node/11895647854,no,41.392277,-6.4246027,Galp Power,yes,24/7,Mobi.E,,,,,+351 800 249 249,https://www.mobie.pt/,0,0,0,0,0,0,0,0,0,0,0,0,0,0,0,0,0,0,0,0,2,250,120 kW,1000
MDR-00007,unassigned_point,node/11773467675,no,41.4966159,-6.2732852,Galp Power,yes,24/7,Mobi.E,,,,PT,+351 800 249 249,https://www.mobie.pt/,0,0,0,0,0,0,0,0,0,0,0,0,2,32,22 kW,400,0,0,0,0,0,0,0,0
MDR-00008,unassigned_point,node/12859540478,no,41.4980326,-6.2722435,Galp Power,yes,24/7,Mobi.E,,,,PT,+351 800 249 249,https://www.mobie.pt/,0,0,0,0,0,0,0,0,0,0,0,0,0,0,0,0,0,0,0,0,2,250,90 kW,1000
MDR-00009,unassigned_point,node/12856209624,no,41.5075291,-6.2876317,Atlante,yes,24/7,Mobi.E,,,,PT,+351 800 296 929;+351 234 246 050,https://www.mobie.pt/,0,0,0,0,0,0,0,0,0,0,0,0,0,0,0,0,0,0,0,0,2,300,120 kW,500
MDR-90001,unassigned_point,node/8309592646,no,41.4979499,-6.2727259,Galp Power,yes,24/7,Mobi.E,,,,PT,+351 800 249 249,https://www.mobie.pt,0,0,0,0,0,0,0,0,0,0,0,0,2,32,22 kW,400,0,0,0,0,0,0,0,0
MED-00001,unassigned_point,node/8287604740,no,40.9639723,-7.2610275,Powerdot,yes,24/7,Mobi.E,,,,,+351 800 180 292,https://www.mobie.pt,0,0,0,0,0,0,0,0,0,0,0,0,2,32,22 kW,400,0,0,0,0,0,0,0,0
MED-00002,unassigned_point,node/8287579559,no,40.9578868,-7.261177,EDP,yes,24/7,Mobi.E,,,,,+351 800 222 222,https://www.mobie.pt,0,0,0,0,0,0,0,0,0,0,0,0,2,32,22 kW,400,0,0,0,0,0,0,0,0
MFR-00003,unassigned_point,node/8017286858,no,38.9328166,-9.3269427,Mobiletric,yes,24/7,Mobi.E,Parque Intermodal do Alto da Vela,Mafra,,,+351 800 249 249,https://www.mobie.pt,1,120,50 kW,500,0,0,0,0,0,0,0,0,0,0,0,0,0,0,0,0,1,125,50 kW,500
MFR-00004,unassigned_point,node/8017259001,no,38.9265458,-9.2351091,Mobiletric,yes,24/7,Mobi.E,Parque Intermodal da Venda do Pinheiro,Venda do Pinheiro,,,+351 800 249 249,https://www.mobie.pt,1,120,50 kW,500,0,0,0,0,0,0,0,0,0,0,0,0,0,0,0,0,1,125,50 kW,500
MFR-00007,unassigned_point,node/8017292652,no,38.9369301,-9.3367843,Mobiletric,yes,24/7,Mobi.E,Rua do Castelo,Mafra,,,+351 800 249 249,https://www.mobie.pt,1,120,50 kW,500,0,0,0,0,0,0,0,0,0,0,0,0,0,0,0,0,1,125,50 kW,500
MFR-00009,unassigned_point,node/8017258041,no,38.9670664,-9.4057164,Powerdot,yes,24/7,Mobi.E,Rua Alto da Camacha,Ericeira,,,+351 800 180 292,https://www.mobie.pt,1,120,50 kW,500,0,0,0,0,0,0,0,0,0,0,0,0,1,63,43 kW,400,1,125,50 kW,500
MFR-00010,unassigned_point,node/8017292653,no,38.9392063,-9.3351402,Mobiletric,yes,24/7,Mobi.E,Rua Santa Casa da Misericórdia,Mafra,,,+351 800 249 249,https://www.mobie.pt,1,120,50 kW,500,0,0,0,0,0,0,0,0,0,0,0,0,0,0,0,0,1,125,50 kW,500
MFR-00012,unassigned_point,node/8017258043,no,38.9647863,-9.4169961,Mobiletric,yes,24/7,Mobi.E,Largo Condes da Ericeira,Ericeira,,,+351 800 249 249,https://www.mobie.pt,1,120,50 kW,500,0,0,0,0,0,0,0,0,0,0,0,0,0,0,0,0,1,125,50 kW,500
MFR-00015,unassigned_point,node/8486714660,no,38.9323278,-9.329977,Powerdot,yes,24/7,Mobi.E,Rua Almirante Gago Coutinho,Mafra,,,+351 800 180 292,https://www.mobie.pt,1,120,50 kW,500,0,0,0,0,0,0,0,0,0,0,0,0,1,63,43 kW,400,1,125,50 kW,500
MFR-00018,unassigned_point,node/8833237248,no,38.9408363,-9.2518781,Powerdot,yes,24/7,Mobi.E,,Malveira,,,+351 800 180 292,https://www.mobie.pt,1,120,50 kW,500,0,0,0,0,0,0,0,0,0,0,0,0,1,63,43 kW,400,1,125,50 kW,500
MFR-00020,unassigned_point,node/9338579596,no,38.9410839,-9.2503973,EDP,yes,24/7,Mobi.E,,,,,+351 800 222 222,https://www.mobie.pt,0,0,0,0,0,0,0,0,0,0,0,0,1,32,22 kW,400,0,0,0,0,2,200,120 kW,1000
MFR-00021,unassigned_point,node/9735458933,no,38.9394951,-9.2517131,Repsol,yes,24/7,Mobi.E,,,,,+351 800 226 624,https://www.mobie.pt,1,80,30 kW,500,0,0,0,0,0,0,0,0,0,0,0,0,1,32,22 kW,400,1,80,30 kW,500
MFR-00024,unassigned_point,node/8972736829,no,38.9315316,-9.256255,Mobiletric,yes,24/7,Mobi.E,,,,,+351 800 249 249,https://www.mobie.pt,1,125,50 kW,500,0,0,0,0,0,0,0,0,0,0,0,0,0,0,0,0,1,125,50 kW,500
MFR-00025,unassigned_point,node/9572465511,no,38.943724,-9.3375104,EV Power,yes,24/7,Mobi.E,,,,,+351 800 254 565,https://www.mobie.pt/,1,125,50 kW,500,0,0,0,0,0,0,0,0,0,0,0,0,1,32,22 kW,400,1,125,60 kW,1000
MFR-00027,unassigned_point,node/10553244017,no,38.9300366,-9.2515412,EDP,yes,24/7,Mobi.E,,,,,+351 800 222 222,https://www.mobie.pt/,1,120,50 kW,500,0,0,0,0,0,0,0,0,0,0,0,0,0,0,0,0,1,200,120 kW,1000
MFR-00029,unassigned_point,node/11097527422,no,38.97773,-9.419015,EDP,yes,24/7,Mobi.E,,,,,+351 800 222 222,https://www.mobie.pt/,0,0,0,0,0,0,0,0,0,0,0,0,2,32,22 kW,400,0,0,0,0,0,0,0,0
MFR-00030,unassigned_point,node/11292042516,no,38.9431333,-9.3499519,Powerdot,yes,24/7,Mobi.E,,,,,+351 800 180 292,https://www.mobie.pt/,0,0,0,0,0,0,0,0,0,0,0,0,2,32,22 kW,400,0,0,0,0,0,0,0,0
MFR-00031,unassigned_point,node/10605859726,no,38.9424371,-9.3480956,Atlante,yes,24/7,Mobi.E,,,,,+351 800 296 929;+351 234 246 050,https://www.mobie.pt/,1,120,50 kW,500,0,0,0,0,0,0,0,0,0,0,0,0,1,32,22 kW,400,1,125,50 kW,500
MFR-00034,unassigned_point,node/8833416439,no,38.9297345,-9.2454414,Atlante,yes,24/7,Mobi.E,,Malveira,,,+351 800 296 929;+351 234 246 050,https://www.mobie.pt,1,120,50 kW,500,0,0,0,0,0,0,0,0,0,0,0,0,0,0,0,0,1,125,50 kW,1000
MFR-00037,unassigned_point,node/11831693363,no,38.9654766,-9.4091086,EDP,yes,24/7,Mobi.E,,,,,+351 800 222 222,https://www.mobie.pt/,1,125,50 kW,500,0,0,0,0,0,0,0,0,0,0,0,0,0,0,0,0,1,300,120 kW,1000
MFR-00038,unassigned_point,node/11831693365,no,38.9327624,-9.3299638,EDP,yes,24/7,Mobi.E,,,,,+351 800 222 222,https://www.mobie.pt/,1,125,50 kW,500,0,0,0,0,0,0,0,0,0,0,0,0,0,0,0,0,1,300,120 kW,1000
MFR-00040,unassigned_point,node/11794081576,no,38.9583724,-9.3474236,Charging Together,yes,24/7,Mobi.E,,,,,+351 800 917 576,https://www.mobie.pt,1,200,80 kW,500,0,0,0,0,0,0,0,0,0,0,0,0,0,0,0,0,2,500,150 kW,1000
MFR-00041,unassigned_point,node/8017129726,no,38.9194248,-9.2305246,Charging Together,yes,24/7,Mobi.E,Avenida 9 de Julho,Venda do Pinheiro,,,+351 800 917 576,https://www.mobie.pt,0,0,0,0,0,0,0,0,0,0,0,0,0,0,0,0,0,0,0,0,2,150,50 kW,1000
MFR-00042,unassigned_point,node/12519236943,no,39.0257753,-9.3657237,EDP,yes,24/7,Mobi.E,,,,,+351 800 222 222,https://www.mobie.pt/,0,0,0,0,0,0,0,0,0,0,0,0,0,0,0,0,0,0,0,0,2,200,60 kW,1000
MFR-00048,unassigned_point,node/9848183329,no,38.9308194,-9.2519159,Galp Power,yes,24/7,Mobi.E,,,,,+351 800 249 249,https://www.mobie.pt/,1,120,50 kW,500,0,0,0,0,0,0,0,0,0,0,0,0,1,32,22 kW,400,1,125,50 kW,500
MFR-00049,unassigned_point,node/8733832873,no,38.9651381,-9.407728,Galp Power,yes,24/7,Mobi.E,,Ericeira,,,+351 800 249 249,https://www.mobie.pt,1,120,50 kW,500,0,0,0,0,0,0,0,0,0,0,0,0,1,32,22 kW,400,1,125,50 kW,500
MFR-00050,unassigned_point,node/12334688749,no,38.9322752,-9.3288085,Galp Power,yes,24/7,Mobi.E,,,,,+351 800 249 249,https://www.mobie.pt/,1,120,50 kW,500,0,0,0,0,0,0,0,0,0,0,0,0,1,32,22 kW,400,1,125,50 kW,500
MFR-90002,unassigned_point,node/7921646402,no,38.9617788,-9.4187018,Galp Power,yes,24/7,Mobi.E,,,,,+351 800 249 249,https://www.mobie.pt,0,0,0,0,0,0,0,0,0,0,0,0,2,32,22 kW,400,0,0,0,0,0,0,0,0
MFT-90001,unassigned_point,node/8280565019,no,39.0510571,-7.4372654,Galp Power,yes,24/7,Mobi.E,,,,PT,+351 800 249 249,https://www.mobie.pt,0,0,0,0,0,0,0,0,0,0,0,0,2,32,22 kW,400,0,0,0,0,0,0,0,0
MGD-00001,unassigned_point,node/8113118819,no,41.3413965,-6.7119578,Powerdot,yes,24/7,Mobi.E,,,,,+351 800 180 292,https://www.mobie.pt,0,0,0,0,0,0,0,0,0,0,0,0,2,32,22 kW,400,0,0,0,0,0,0,0,0
MGD-00002,unassigned_point,node/10109795255,no,41.3425484,-6.712123,EDP,yes,24/7,Mobi.E,,,,,+351 800 222 222,https://www.mobie.pt/,1,120,50 kW,500,0,0,0,0,0,0,0,0,0,0,0,0,1,63,43 kW,400,1,125,50 kW,500
MGL-00004,unassigned_point,node/8112609046,no,40.6004436,-7.7525376,Atlante,yes,24/7,Mobi.E,,,,,+351 800 296 929;+351 234 246 050,https://www.mobie.pt,0,0,0,0,0,0,0,0,0,0,0,0,2,32,22 kW,400,0,0,0,0,0,0,0,0
MGL-00005,unassigned_point,node/9456333778,no,40.607426,-7.7633261,EDP,yes,24/7,Mobi.E,,,,,+351 800 222 222,https://www.mobie.pt/,0,0,0,0,0,0,0,0,0,0,0,0,2,32,22 kW,400,0,0,0,0,0,0,0,0
MGL-00006,unassigned_point,node/11107948861,no,40.6045765,-7.769006,Galp Geste,yes,24/7,Mobi.E,,,,,+351 800 249 249,https://www.mobie.pt/,0,0,0,0,0,0,0,0,0,0,0,0,0,0,0,0,0,0,0,0,2,200,120 kW,1000
MGL-00008,unassigned_point,node/11293800152,no,40.6154258,-7.7585916,Atlante,yes,24/7,Mobi.E,,,,,+351 800 296 929;+351 234 246 050,https://www.mobie.pt/,1,125,50 kW,500,0,0,0,0,0,0,0,0,0,0,0,0,1,32,22 kW,400,1,150,60 kW,500
MGL-00009,unassigned_point,node/11435879613,no,40.6071861,-7.7633614,EDP,yes,24/7,Mobi.E,,,,,+351 800 222 222,https://www.mobie.pt/,1,125,50 kW,500,0,0,0,0,0,0,0,0,0,0,0,0,0,0,0,0,1,200,120 kW,1000
MGL-00018,unassigned_point,node/13038169959,no,40.61146,-7.7446898,EDP,yes,24/7,Mobi.E,,,,,,https://www.mobie.pt/,0,0,0,0,0,0,0,0,0,0,0,0,2,32,22 kW,400,0,0,0,0,0,0,0,0
MGL-00019,unassigned_point,node/12188496423,no,40.6093212,-7.761808,Galp Power,yes,24/7,Mobi.E,,,,,+351 800 249 249,https://www.mobie.pt/,1,120,50 kW,500,0,0,0,0,0,0,0,0,0,0,0,0,1,32,22 kW,400,1,125,50 kW,500
MGL-90003,unassigned_point,node/8309438034,no,40.6066934,-7.761464,EDP,yes,24/7,Mobi.E,,,,,+351 800 222 222,https://www.mobie.pt,0,0,0,0,0,0,0,0,0,0,0,0,2,32,22 kW,400,0,0,0,0,0,0,0,0
MGR-00004,unassigned_point,node/9711487726,no,39.7341731,-8.9336497,EDP,yes,24/7,Mobi.E,,,,,+351 800 222 222,https://www.mobie.pt,1,125,50 kW,500,0,0,0,0,0,0,0,0,1,32,22 kW,400,0,0,0,0,1,200,90 kW,1000
MGR-00005,unassigned_point,node/9947919964,no,39.8764702,-8.9703409,Powerdot,yes,24/7,Mobi.E,,,,,+351 800 180 292,https://www.mobie.pt/,0,0,0,0,0,0,0,0,0,0,0,0,2,32,7.4 kW,230,0,0,0,0,0,0,0,0
MGR-00008,unassigned_point,node/11145894254,no,39.7505227,-8.9266865,Powerdot,yes,24/7,Mobi.E,,,,,+351 800 180 292,https://www.mobie.pt/,0,0,0,0,0,0,0,0,0,0,0,0,1,32,22 kW,400,0,0,0,0,2,375,100 kW,1000
MGR-00010,unassigned_point,node/10828049590,no,39.8684337,-8.9170495,Galp Power,yes,24/7,Mobi.E,,,,,+351 800 249 249,https://www.mobie.pt/,0,0,0,0,0,0,0,0,0,0,0,0,0,0,0,0,0,0,0,0,2,125,60 kW,1000
MGR-00013,unassigned_point,node/10269351087,no,39.7476076,-8.9124227,Atlante,yes,24/7,Mobi.E,,,,,+351 800 296 929;+351 234 246 050,https://www.mobie.pt/,1,120,50 kW,500,0,0,0,0,0,0,0,0,0,0,0,0,1,32,22 kW,400,1,150,60 kW,500
MGR-00016,unassigned_point,node/12144411039,no,39.747395,-8.9332681,EDP,yes,24/7,Mobi.E,,,,,+351 800 222 222,https://www.mobie.pt/,1,125,50 kW,500,0,0,0,0,0,0,0,0,0,0,0,0,0,0,0,0,1,200,120 kW,1000
MGR-00020,unassigned_point,node/9848120750,no,39.7475145,-8.9046217,Charging Together,yes,24/7,Mobi.E,,,,,+351 800 917 576,https://www.mobie.pt/,0,0,0,0,0,0,0,0,0,0,0,0,0,0,0,0,0,0,0,0,2,150,50 kW,1000
MGR-00021,unassigned_point,node/12547004464,no,39.745517,-8.8905767,Repsol,yes,24/7,Mobi.E,,,,,+351 800 226 624,https://www.mobie.pt/,1,120,50 kW,500,0,0,0,0,0,0,0,0,0,0,0,0,1,63,43 kW,400,1,125,50 kW,500
MGR-00022,unassigned_point,node/9512110927,no,39.7559869,-8.9325898,High Green Power,yes,24/7,Mobi.E,,,,,,https://www.mobie.pt/,0,0,0,0,0,0,0,0,0,0,0,0,1,32,22 kW,400,0,0,0,0,0,0,0,0
MGR-00023,unassigned_point,node/10990273513,no,39.7431046,-8.9287685,Galp Power,yes,24/7,Mobi.E,,,,,+351 800 249 249,https://www.mobie.pt/,1,120,50 kW,500,0,0,0,0,0,0,0,0,0,0,0,0,1,32,22 kW,400,1,125,50 kW,500
MGR-00024,unassigned_point,node/12033959114,no,39.868987,-8.9395423,Galp Power,yes,24/7,Mobi.E,,,,,+351 800 249 249,https://www.mobie.pt/,1,120,50 kW,500,0,0,0,0,0,0,0,0,0,0,0,0,1,32,22 kW,400,1,125,50 kW,500
MGR-00025,unassigned_point,node/13323991331,no,39.7437136,-8.936806,EcoInside,yes,24/7,Mobi.E,,,,,+351 22 617 33 43,https://www.mobie.pt/,0,0,0,0,0,0,0,0,0,0,0,0,0,0,0,0,0,0,0,0,2,250,100 kW,1000
MGR-00028,unassigned_point,node/13544529579,no,39.7283056,-8.928938,ConectaMais,yes,24/7,Mobi.E,,,,,,https://www.mobie.pt/,0,0,0,0,0,0,0,0,0,0,0,0,2,32,22 kW,400,0,0,0,0,0,0,0,0
MGR-00029,unassigned_point,node/13716162513,no,39.7204503,-8.9248034,ConectaMais,yes,24/7,Mobi.E,,,,,,https://www.mobie.pt/,0,0,0,0,0,0,0,0,0,0,0,0,2,16,11 kW,400,0,0,0,0,0,0,0,0
MGR-90001,unassigned_point,node/8283979478,no,39.7481091,-8.9339912,EDP,yes,24/7,Mobi.E,,,,,+351 800 222 222,https://www.mobie.pt,0,0,0,0,0,0,0,0,0,0,0,0,2,32,22 kW,400,0,0,0,0,0,0,0,0
MIR-00001,unassigned_point,node/8109709287,no,40.4278279,-8.7372821,Powerdot,yes,24/7,Mobi.E,,,,,+351 800 180 292,https://www.mobie.pt,0,0,0,0,0,0,0,0,0,0,0,0,2,32,22 kW,400,0,0,0,0,0,0,0,0
MIR-00002,unassigned_point,node/9703659443,no,40.4264393,-8.7297456,Mobiletric,yes,24/7,Mobi.E,,,,,+351 800 249 249,https://www.mobie.pt/,1,120,50 kW,500,0,0,0,0,0,0,0,0,0,0,0,0,0,0,0,0,1,125,50 kW,500
MIR-00004,unassigned_point,node/10830131114,no,40.4551661,-8.8030351,True Kare,yes,24/7,Mobi.E,,,,,,https://www.mobie.pt/,0,0,0,0,0,0,0,0,0,0,0,0,2,32,22 kW,400,0,0,0,0,0,0,0,0
MIR-00005,unassigned_point,node/10830131113,no,40.4562024,-8.7986768,True Kare,yes,24/7,Mobi.E,,,,,,https://www.mobie.pt/,0,0,0,0,0,0,0,0,0,0,0,0,2,32,22 kW,400,0,0,0,0,0,0,0,0
MIR-00006,unassigned_point,node/11914242914,no,40.4556415,-8.7878569,Powerdot,yes,24/7,Mobi.E,,,,,+351 800 180 292,https://www.mobie.pt,0,0,0,0,0,0,0,0,0,0,0,0,1,32,22 kW,400,0,0,0,0,2,125,100 kW,1000
MIR-00008,unassigned_point,node/10647595604,no,40.4354005,-8.7277147,Atlante,yes,24/7,Mobi.E,,,,,+351 800 296 929;+351 234 246 050,https://www.mobie.pt,0,0,0,0,0,0,0,0,0,0,0,0,0,0,0,0,0,0,0,0,2,300,100 kW,1000
MIR-00009,unassigned_point,node/14095386667,no,40.431187,-8.72988,Galp Power,yes,24/7,Mobi.E,,,,,+351 800 249 249,https://www.galp.com/,1,125,50 kW,500,0,0,0,0,0,0,0,0,0,0,0,0,1,32,22 kW,400,1,125,50 kW,500
MLD-00006,unassigned_point,node/11121894198,no,40.3366299,-8.4250381,Plug,yes,24/7,Mobi.E,,,,,,https://www.mobie.pt/,0,0,0,0,0,0,0,0,0,0,0,0,2,32,22 kW,400,0,0,0,0,0,0,0,0
MLD-00011,unassigned_point,node/10075901099,no,40.3883857,-8.4509205,Atlante,yes,24/7,Mobi.E,,,,,+351 800 296 929;+351 234 246 050,https://www.mobie.pt/,1,120,50 kW,500,0,0,0,0,0,0,0,0,0,0,0,0,1,32,22 kW,400,1,125,50 kW,500
MLD-00017,unassigned_point,node/12219491581,no,40.3302075,-8.4515168,Mota Engil II,yes,24/7,Mobi.E,,,,,+351 800 020 940,https://www.mobie.pt/,0,0,0,0,0,0,0,0,0,0,0,0,0,0,0,0,0,0,0,0,2,200,90 kW,1000
MLD-00018,unassigned_point,node/12050811579,no,40.33385,-8.450443,Prio.E,yes,24/7,Mobi.E,,,,,+351 800 100 303,https://www.mobie.pt/,1,120,50 kW,500,0,0,0,0,0,0,0,0,0,0,0,0,0,0,0,0,1,250,90 kW,1000
MLD-00020,unassigned_point,node/12212602685,no,40.3800204,-8.452417,EcoInside,yes,24/7,Mobi.E,,,,,+351 22 617 33 43,https://www.mobie.pt/,0,0,0,0,0,0,0,0,0,0,0,0,2,32,22 kW,400,0,0,0,0,0,0,0,0
MLD-00023,unassigned_point,node/12212602684,no,40.338208,-8.4277269,EcoInside,yes,24/7,Mobi.E,,,,,+351 22 617 33 43,https://www.mobie.pt/,0,0,0,0,0,0,0,0,0,0,0,0,2,32,22 kW,400,0,0,0,0,0,0,0,0
MLD-00024,unassigned_point,node/12223004504,no,40.3797007,-8.4556504,EcoInside,yes,24/7,Mobi.E,,,,,+351 22 617 33 43,https://www.mobie.pt/,0,0,0,0,0,0,0,0,0,0,0,0,2,32,22 kW,400,0,0,0,0,0,0,0,0
MLD-00025,unassigned_point,node/12142756329,no,40.385535,-8.3820293,EcoInside,yes,24/7,Mobi.E,,,,,+351 22 617 33 43,https://www.mobie.pt/,0,0,0,0,0,0,0,0,0,0,0,0,2,32,22 kW,400,0,0,0,0,0,0,0,0
MLD-00026,unassigned_point,node/12302781363,no,40.3791575,-8.4535112,EcoInside,yes,24/7,Mobi.E,,,,,+351 22 617 33 43,https://www.mobie.pt/,0,0,0,0,0,0,0,0,0,0,0,0,2,32,22 kW,400,0,0,0,0,0,0,0,0
MLD-00027,unassigned_point,node/12385046977,no,40.3789452,-8.4532093,EcoInside,yes,24/7,Mobi.E,,,,,+351 22 617 33 43,https://www.mobie.pt/,0,0,0,0,0,0,0,0,0,0,0,0,2,32,22 kW,400,0,0,0,0,0,0,0,0
MLD-00028,unassigned_point,node/12385083531,no,40.3831777,-8.4761149,EcoInside,yes,24/7,Mobi.E,,,,,+351 22 617 33 43,https://www.mobie.pt/,0,0,0,0,0,0,0,0,0,0,0,0,2,32,22 kW,400,0,0,0,0,0,0,0,0
MLD-00029,unassigned_point,node/12176582177,no,40.36655,-8.454204,EcoInside,yes,24/7,Mobi.E,,,,,+351 22 617 33 43,https://www.mobie.pt/,0,0,0,0,0,0,0,0,0,0,0,0,2,32,22 kW,400,0,0,0,0,0,0,0,0
MLD-00030,unassigned_point,node/12569305522,no,40.399206,-8.482447,EcoInside,yes,24/7,Mobi.E,,,,,+351 22 617 33 43,https://www.mobie.pt/,0,0,0,0,0,0,0,0,0,0,0,0,2,32,22 kW,400,0,0,0,0,0,0,0,0
MLD-00031,unassigned_point,node/12546884289,no,40.3855351,-8.3785632,EcoInside,yes,24/7,Mobi.E,,,,,+351 22 617 33 43,https://www.mobie.pt/,0,0,0,0,0,0,0,0,0,0,0,0,2,32,22 kW,400,0,0,0,0,0,0,0,0
MLD-00032,unassigned_point,node/12590419527,no,40.362648,-8.465718,EcoInside,yes,24/7,Mobi.E,,,,,+351 22 617 33 43,https://www.mobie.pt/,0,0,0,0,0,0,0,0,0,0,0,0,2,32,22 kW,400,0,0,0,0,0,0,0,0
MLD-00033,unassigned_point,node/12546887303,no,40.371412,-8.410438,EcoInside,yes,24/7,Mobi.E,,,,,+351 22 617 33 43,https://www.mobie.pt/,0,0,0,0,0,0,0,0,0,0,0,0,2,32,22 kW,400,0,0,0,0,0,0,0,0
MLD-00034,unassigned_point,node/12569272431,no,40.310535,-8.47609,EcoInside,yes,24/7,Mobi.E,,,,,+351 22 617 33 43,https://www.mobie.pt/,0,0,0,0,0,0,0,0,0,0,0,0,2,32,22 kW,400,0,0,0,0,0,0,0,0
MLD-00045,unassigned_point,node/8082222519,no,40.3731966,-8.4493058,Galp Power,yes,24/7,Mobi.E,Rua das Padeiras da Mealhada,Mealhada,,,+351 800 249 249,https://www.mobie.pt,1,120,50 kW,500,0,0,0,0,0,0,0,0,0,0,0,0,1,63,43 kW,400,1,125,50 kW,500
MLD-00048,unassigned_point,node/13092312904,no,40.3778252,-8.4510192,EcoInside,yes,24/7,Mobi.E,,,,,+351 22 617 33 43,https://www.mobie.pt/,0,0,0,0,0,0,0,0,0,0,0,0,2,32,22 kW,400,0,0,0,0,0,0,0,0
MLD-00051,unassigned_point,node/13504450919,no,40.3880027,-8.4502766,EDP,yes,24/7,Mobi.E,,,,,+351 800 222 222,https://www.mobie.pt/,0,0,0,0,0,0,0,0,0,0,0,0,1,32,22 kW,400,0,0,0,0,2,200,120 kW,1000
MLD-90002,unassigned_point,node/8464703819,no,40.375722,-8.453389,EDP,yes,24/7,Mobi.E,,,,,+351 800 222 222,https://www.mobie.pt,0,0,0,0,0,0,0,0,0,0,0,0,2,32,22 kW,400,0,0,0,0,0,0,0,0
MLG-00005,unassigned_point,node/12264416319,no,42.1097935,-8.2710743,Helexia II,yes,24/7,Mobi.E,,,,,+351 210 181 157,https://www.mobie.pt/,0,0,0,0,0,0,0,0,0,0,0,0,0,0,0,0,0,0,0,0,2,250,100 kW,1000
MLG-00007,unassigned_point,node/13072574797,no,42.1078521,-8.2617106,Mota Engil II,yes,24/7,Mobi.E,,,,,,https://www.mobie.pt/,0,0,0,0,0,0,0,0,0,0,0,0,0,0,0,0,0,0,0,0,2,375,150 kW,1000
MLG-00008,unassigned_point,node/13135225473,no,42.1092733,-8.2610121,Mota Engil II,yes,24/7,Mobi.E,,,,,+351 800 020 940,https://www.mobie.pt/,0,0,0,0,0,0,0,0,0,0,0,0,0,0,0,0,0,0,0,0,2,200,80 kW,1000
MLG-00010,unassigned_point,node/13248744308,no,42.1141538,-8.2611722,Mota Engil II,yes,24/7,Mobi.E,,,,,+351 800 020 940,https://www.mobie.pt/,0,0,0,0,0,0,0,0,0,0,0,0,0,0,0,0,0,0,0,0,2,375,150 kW,1000
MLG-90001,unassigned_point,node/8308340602,no,42.1145016,-8.257967,EDP,yes,24/7,Mobi.E,,,,,+351 800 222 222,https://www.mobie.pt,0,0,0,0,0,0,0,0,0,0,0,0,2,32,22 kW,400,0,0,0,0,0,0,0,0
MMN-00003,unassigned_point,node/9495558745,no,38.644556,-8.209972,Powerdot,yes,24/7,Mobi.E,,,,PT,+351 800 180 292,https://www.mobie.pt/,0,0,0,0,0,0,0,0,0,0,0,0,2,32,22 kW,400,0,0,0,0,0,0,0,0
MMN-00004,unassigned_point,node/9045571736,no,38.6502284,-8.2183646,Veimonte,yes,24/7,Mobi.E,,,,,+351 266 896 443,https://www.mobie.pt,1,120,50 kW,500,0,0,0,0,0,0,0,0,0,0,0,0,1,63,43 kW,400,1,125,50 kW,500
MMN-00007,unassigned_point,node/9309416861,no,38.6503,-8.2193683,Repsol,yes,24/7,Mobi.E,,,,,+351 800 226 624,https://www.mobie.pt,1,120,50 kW,500,0,0,0,0,0,0,0,0,0,0,0,0,1,63,43 kW,400,1,150,60 kW,1000
MMN-00011,unassigned_point,node/11017553880,no,38.6463922,-8.2005552,EDP,yes,24/7,Mobi.E,,,,PT,+351 800 222 222,https://www.mobie.pt/,1,120,50 kW,500,0,0,0,0,0,0,0,0,0,0,0,0,0,0,0,0,1,200,120 kW,1000
MMN-00012,unassigned_point,node/10722216481,no,38.6461502,-8.2021731,Atlante,yes,24/7,Mobi.E,,,,PT,+351 800 296 929;+351 234 246 050,https://www.mobie.pt/,0,0,0,0,0,0,0,0,0,0,0,0,0,0,0,0,1,32,22 kW,400,1,125,50 kW,500
MMN-00014,unassigned_point,node/11910670629,no,38.6494638,-8.2163722,Galp Power,yes,24/7,Mobi.E,,,,,+351 800 249 249,https://www.mobie.pt/,0,0,0,0,0,0,0,0,0,0,0,0,0,0,0,0,0,0,0,0,2,200,180 kW,1000
MMN-00016,unassigned_point,node/10675989051,no,38.6481505,-8.2221153,Galp Power,yes,24/7,Mobi.E,,,,PT,+351 800 249 249,https://www.mobie.pt/,1,120,50 kW,500,0,0,0,0,0,0,0,0,0,0,0,0,1,32,22 kW,400,1,125,50 kW,500
MMV-00001,unassigned_point,node/8109685924,no,40.1824964,-8.5830487,Powerdot,yes,24/7,Mobi.E,,,,,+351 800 180 292,https://www.mobie.pt,0,0,0,0,0,0,0,0,0,0,0,0,2,32,22 kW,400,0,0,0,0,0,0,0,0
MMV-00004,unassigned_point,node/11382360059,no,40.2009367,-8.6472182,EDP,yes,24/7,Mobi.E,,,,,+351 800 222 222,https://www.mobie.pt/,0,0,0,0,0,0,0,0,0,0,0,0,2,32,22 kW,400,0,0,0,0,0,0,0,0
MMV-00006,unassigned_point,node/12312768646,no,40.2822225,-8.6517025,Bel Mobility,yes,24/7,Mobi.E,,,,,,https://www.mobie.pt/,1,120,50 kW,500,0,0,0,0,0,0,0,0,0,0,0,0,1,32,22 kW,400,1,125,50 kW,500
MMV-00007,unassigned_point,node/12312784393,no,40.276668,-8.723447,Bel Mobility,yes,24/7,Mobi.E,,,,,,https://www.mobie.pt/,0,0,0,0,0,0,0,0,0,0,0,0,2,32,22 kW,400,0,0,0,0,0,0,0,0
MMV-00008,unassigned_point,node/12312766042,no,40.1190091,-8.725398,Bel Mobility,yes,24/7,Mobi.E,,,,,,https://www.mobie.pt/,0,0,0,0,0,0,0,0,0,0,0,0,2,32,22 kW,400,0,0,0,0,0,0,0,0
MMV-00010,unassigned_point,node/8224851604,no,40.1737189,-8.681727,,yes,24/7,Mobi.E,Rua Mendanha Raposo,Montemor-o-Velho,,,+351 800 254 565,https://www.mobie.pt/,1,125,50 kW,500,0,0,0,0,0,0,0,0,0,0,0,0,1,32,22 kW,400,1,125,50 kW,500
MMV-00011,unassigned_point,node/12884577195,no,40.2063128,-8.6306134,Prio.E,yes,24/7,Mobi.E,,,,,+351 800 100 303,https://www.mobie.pt/,0,0,0,0,0,0,0,0,0,0,0,0,0,0,0,0,0,0,0,0,2,250,90 kW,1000
MMV-00012,unassigned_point,node/9456391415,no,40.1842187,-8.6709072,Galp Power,yes,24/7,Mobi.E,,,,,+351 800 249 249,https://www.mobie.pt/,1,120,50 kW,500,0,0,0,0,0,0,0,0,0,0,0,0,1,63,43 kW,400,1,125,50 kW,500
MMV-00013,unassigned_point,node/13289889834,no,40.1717613,-8.6764131,Bel Mobility,yes,24/7,Mobi.E,,,,,,https://www.mobie.pt/,1,125,50 kW,500,0,0,0,0,0,0,0,0,0,0,0,0,1,32,22 kW,400,1,125,50 kW,500
MNC-00001,unassigned_point,node/8115700028,no,42.078609,-8.4845486,Powerdot,yes,24/7,Mobi.E,,,,,+351 800 180 292,https://www.mobie.pt,0,0,0,0,0,0,0,0,0,0,0,0,2,32,22 kW,400,0,0,0,0,0,0,0,0
MNC-00004,unassigned_point,node/9432160641,no,42.0748134,-8.4954237,Powerdot,yes,24/7,Mobi.E,,,,,+351 800 180 292,https://www.mobie.pt/,0,0,0,0,0,0,0,0,0,0,0,0,2,32,22 kW,400,0,0,0,0,0,0,0,0
MNC-00005,unassigned_point,node/9440272694,no,42.0749205,-8.4953686,Powerdot,yes,24/7,Mobi.E,,,,,+351 800 180 292,https://www.mobie.pt/,1,120,50 kW,500,0,0,0,0,0,0,0,0,0,0,0,0,1,63,43 kW,400,1,125,50 kW,500
MNC-00008,unassigned_point,node/8833398839,no,42.0633181,-8.5067661,Atlante,yes,24/7,Mobi.E,,Gandra,,,+351 800 296 929;+351 234 246 050,https://www.mobie.pt,1,120,50 kW,500,0,0,0,0,0,0,0,0,0,0,0,0,1,32,22 kW,400,1,150,60 kW,500
MNC-00013,unassigned_point,node/8757747707,no,42.0673227,-8.4952478,Galp Power,yes,24/7,Mobi.E,,Monção,,,+351 800 249 249,https://www.mobie.pt,1,120,50 kW,500,0,0,0,0,0,0,0,0,0,0,0,0,1,63,43 kW,400,1,125,50 kW,500
MNC-00015,unassigned_point,node/13296632556,no,42.0716107,-8.4957375,REMO,yes,24/7,Mobi.E,,,,,+351 800 020 940,https://www.mobie.pt/,0,0,0,0,0,0,0,0,0,0,0,0,0,0,0,0,0,0,0,0,2,500,150 kW,1000
MNC-00017,unassigned_point,node/13987816737,no,42.0602221,-8.5110783,Helexia II,yes,08:30-20:00,Mobi.E,,,,,+351 210 181 157,https://helexia.pt/,0,0,0,0,0,0,0,0,0,0,0,0,0,0,0,0,0,0,0,0,2,250,100 kW,1000
MOR-00002,unassigned_point,node/11712531216,no,38.8950567,-8.0237196,Charging Together,yes,24/7,Mobi.E,,,,PT,+351 800 917 576,https://www.mobie.pt,1,200,80 kW,500,0,0,0,0,0,0,0,0,0,0,0,0,0,0,0,0,2,500,150 kW,1000
MOR-00004,unassigned_point,node/12487134785,no,38.9462211,-8.1590973,EDP,yes,24/7,Mobi.E,,,,PT,+351 800 222 222,https://www.mobie.pt/,0,0,0,0,0,0,0,0,0,0,0,0,2,32,22 kW,400,0,0,0,0,0,0,0,0
MOR-80001,unassigned_point,node/8362718884,no,38.9459636,-8.1640267,Atlante,yes,24/7,Mobi.E,,,,PT,+351 800 296 929;+351 234 246 050,https://www.mobie.pt,0,0,0,0,0,0,0,0,0,0,0,0,2,32,22 kW,400,0,0,0,0,0,0,0,0
MOU-00001,unassigned_point,node/8275768256,no,38.3829447,-7.3438299,Atlante,yes,24/7,Mobi.E,,,,PT,+351 800 296 929;+351 234 246 050,https://www.mobie.pt,0,0,0,0,0,0,0,0,0,0,0,0,2,32,22 kW,400,0,0,0,0,0,0,0,0
MRA-00002,unassigned_point,node/8511321630,no,38.1399405,-7.4593053,Mobiletric,yes,24/7,Mobi.E,,,,,+351 800 249 249,https://www.mobie.pt,0,0,0,0,0,0,0,0,0,0,0,0,2,32,22 kW,400,0,0,0,0,0,0,0,0
MRA-00005,unassigned_point,node/11196096116,no,38.1401856,-7.4450548,Atlante,yes,24/7,Mobi.E,,,,,+351 800 296 929;+351 234 246 050,https://www.mobie.pt/,1,125,50 kW,500,0,0,0,0,0,0,0,0,0,0,0,0,1,32,22 kW,400,1,150,60 kW,500
MRS-00004,unassigned_point,node/12607266194,no,40.7477906,-8.6476172,EDP,yes,24/7,Mobi.E,,,,,+351 800 222 222,https://www.mobie.pt/,0,0,0,0,0,0,0,0,0,0,0,0,0,0,0,0,0,0,0,0,2,300,120 kW,1000
MRS-90001,unassigned_point,node/9325275037,no,40.7509742,-8.6485459,Powerdot,yes,24/7,Mobi.E,,,,,+351 800 180 292,https://www.mobie.pt/,0,0,0,0,0,0,0,0,0,0,0,0,2,32,22 kW,400,0,0,0,0,0,0,0,0
MRT-00001,unassigned_point,node/8109709285,no,40.3971938,-8.2281093,Powerdot,yes,24/7,Mobi.E,,,,,+351 800 180 292,https://www.mobie.pt,0,0,0,0,0,0,0,0,0,0,0,0,2,32,22 kW,400,0,0,0,0,0,0,0,0
MRT-00004,unassigned_point,node/12412257443,no,40.4019798,-8.225302,Frontrow,yes,24/7,Mobi.E,,,,,,https://www.mobie.pt/,0,0,0,0,0,0,0,0,0,0,0,0,0,0,0,0,1,32,22 kW,400,1,125,50 kW,500
MRV-90001,unassigned_point,node/7765313365,no,39.383937,-7.3832269,Galp Power,yes,24/7,Mobi.E,,,,,+351 800 249 249,https://www.mobie.pt,0,0,0,0,0,0,0,0,0,0,0,0,2,32,22 kW,400,0,0,0,0,0,0,0,0
MSF-00001,unassigned_point,node/8309512826,no,41.1578288,-7.8927393,Galp Power,yes,24/7,Mobi.E,,,,,+351 800 249 249,https://www.mobie.pt,0,0,0,0,0,0,0,0,0,0,0,0,2,32,22 kW,400,0,0,0,0,0,0,0,0
MTA-00001,unassigned_point,node/8308898266,no,38.6551907,-8.9951232,Powerdot,yes,24/7,Mobi.E,,,,,+351 800 180 292,https://www.mobie.pt,0,0,0,0,0,0,0,0,0,0,0,0,2,32,22 kW,400,0,0,0,0,0,0,0,0
MTA-00002,unassigned_point,node/8085979208,no,38.6557308,-9.0349036,Plug,yes,24/7,Mobi.E,,,,,+351 211 648 577,https://www.mobie.pt,0,0,0,0,0,0,0,0,0,0,0,0,2,32,22 kW,400,0,0,0,0,0,0,0,0
MTA-00012,unassigned_point,node/11487067611,no,38.6535497,-9.0128903,EDP,yes,24/7,Mobi.E,,,,,+351 800 222 222,https://www.mobie.pt/,0,0,0,0,0,0,0,0,0,0,0,0,2,16,11 kW,400,0,0,0,0,0,0,0,0
MTA-00017,unassigned_point,node/12294914728,no,38.6494659,-8.9969467,EDP,yes,24/7,Mobi.E,,,,,+351 800 222 222,https://www.mobie.pt/,1,125,50 kW,500,0,0,0,0,0,0,0,0,0,0,0,0,0,0,0,0,1,200,120 kW,1000
MTA-00020,unassigned_point,node/12724424012,no,38.647293,-8.98444,EDP,yes,24/7,Mobi.E,,,,,+351 800 222 222,https://www.mobie.pt/,0,0,0,0,0,0,0,0,0,0,0,0,1,32,22 kW,400,0,0,0,0,2,200,120 kW,1000
MTA-00021,unassigned_point,node/9458380035,no,38.6485613,-8.9962086,Galp Power,yes,24/7,Mobi.E,,,,,+351 800 249 249,https://www.mobie.pt/,1,120,50 kW,500,0,0,0,0,0,0,0,0,0,0,0,0,1,63,43 kW,400,1,125,50 kW,500
MTA-00028,unassigned_point,node/13547349656,no,38.677246,-9.010268,True Kare,yes,24/7,Mobi.E,,,,,,https://www.mobie.pt/,0,0,0,0,0,0,0,0,0,0,0,0,2,32,22 kW,400,0,0,0,0,0,0,0,0
MTA-00030,unassigned_point,node/13688206155,no,38.6559597,-9.0195958,True Kare,yes,24/7,Mobi.E,,,,,,https://www.mobie.pt/,0,0,0,0,0,0,0,0,0,0,0,0,2,32,22 kW,400,0,0,0,0,0,0,0,0
MTA-00031,unassigned_point,node/13805970083,no,38.671627,-9.003849,True Kare,yes,24/7,Mobi.E,,,,,,https://www.mobie.pt/,0,0,0,0,0,0,0,0,0,0,0,0,2,32,22 kW,400,0,0,0,0,0,0,0,0
MTA-00032,unassigned_point,node/13718252564,no,38.6798978,-8.9834419,True Kare,yes,24/7,Mobi.E,,,,,,https://www.mobie.pt/,0,0,0,0,0,0,0,0,0,0,0,0,2,32,22 kW,400,0,0,0,0,0,0,0,0
MTA-00033,unassigned_point,node/13547349655,no,38.6475889,-9.024947,True Kare,yes,24/7,Mobi.E,,,,,,https://www.mobie.pt/,0,0,0,0,0,0,0,0,0,0,0,0,2,32,22 kW,400,0,0,0,0,0,0,0,0
MTA-00034,unassigned_point,node/13419270830,no,38.64874,-9.026294,True Kare,yes,24/7,Mobi.E,,,,,,https://www.mobie.pt/,0,0,0,0,0,0,0,0,0,0,0,0,2,32,22 kW,400,0,0,0,0,0,0,0,0
MTA-00035,unassigned_point,node/13547349654,no,38.65174,-9.027485,True Kare,yes,24/7,Mobi.E,,,,,,https://www.mobie.pt/,0,0,0,0,0,0,0,0,0,0,0,0,2,32,22 kW,400,0,0,0,0,0,0,0,0
MTA-00036,unassigned_point,node/13419270829,no,38.640835,-9.004725,True Kare,yes,24/7,Mobi.E,,,,,,https://www.mobie.pt/,0,0,0,0,0,0,0,0,0,0,0,0,2,32,22 kW,400,0,0,0,0,0,0,0,0
MTA-00037,unassigned_point,node/13618986688,no,38.6537054,-9.0194887,True Kare,yes,24/7,Mobi.E,,,,,,https://www.mobie.pt/,0,0,0,0,0,0,0,0,0,0,0,0,2,32,22 kW,400,0,0,0,0,0,0,0,0
MTA-00038,unassigned_point,node/13516729206,no,38.6527987,-9.0059141,True Kare,yes,24/7,Mobi.E,,,,,,https://www.mobie.pt/,0,0,0,0,0,0,0,0,0,0,0,0,2,32,22 kW,400,0,0,0,0,0,0,0,0
MTA-00039,unassigned_point,node/13718252563,no,38.6560095,-9.0230168,True Kare,yes,24/7,Mobi.E,,,,,,https://www.mobie.pt/,0,0,0,0,0,0,0,0,0,0,0,0,2,32,22 kW,400,0,0,0,0,0,0,0,0
MTA-00040,unassigned_point,node/13663661945,no,38.6549744,-9.0264497,True Kare,yes,24/7,Mobi.E,,,,,,https://www.mobie.pt/,0,0,0,0,0,0,0,0,0,0,0,0,2,32,22 kW,400,0,0,0,0,0,0,0,0
MTA-00042,unassigned_point,node/13522047808,no,38.6511577,-9.0269186,True Kare,yes,24/7,Mobi.E,,,,,,https://www.mobie.pt/,0,0,0,0,0,0,0,0,0,0,0,0,2,32,22 kW,400,0,0,0,0,0,0,0,0
MTA-00043,unassigned_point,node/13688206154,no,38.645537,-9.0259387,True Kare,yes,24/7,Mobi.E,,,,,,https://www.mobie.pt/,0,0,0,0,0,0,0,0,0,0,0,0,2,32,22 kW,400,0,0,0,0,0,0,0,0
MTA-00044,unassigned_point,node/13547349653,no,38.6490402,-9.0221502,True Kare,yes,24/7,Mobi.E,,,,,,https://www.mobie.pt/,0,0,0,0,0,0,0,0,0,0,0,0,2,32,22 kW,400,0,0,0,0,0,0,0,0
MTA-00045,unassigned_point,node/13718252562,no,38.6594918,-8.9871944,True Kare,yes,24/7,Mobi.E,,,,,,https://www.mobie.pt/,0,0,0,0,0,0,0,0,0,0,0,0,2,32,22 kW,400,0,0,0,0,0,0,0,0
MTA-00046,unassigned_point,node/13696601827,no,38.6664379,-8.9863148,True Kare,yes,24/7,Mobi.E,,,,,,https://www.mobie.pt/,0,0,0,0,0,0,0,0,0,0,0,0,2,32,22 kW,400,0,0,0,0,0,0,0,0
MTA-00047,unassigned_point,node/13522047807,no,38.6530627,-8.9942225,True Kare,yes,24/7,Mobi.E,,,,,,https://www.mobie.pt/,0,0,0,0,0,0,0,0,0,0,0,0,2,32,22 kW,400,0,0,0,0,0,0,0,0
MTA-00048,unassigned_point,node/13663661944,no,38.662582,-9.0446645,True Kare,yes,24/7,Mobi.E,,,,,,https://www.mobie.pt/,0,0,0,0,0,0,0,0,0,0,0,0,2,32,22 kW,400,0,0,0,0,0,0,0,0
MTA-00049,unassigned_point,node/13547349652,no,38.66564,-9.045562,True Kare,yes,24/7,Mobi.E,,,,,,https://www.mobie.pt/,0,0,0,0,0,0,0,0,0,0,0,0,2,32,22 kW,400,0,0,0,0,0,0,0,0
MTA-00050,unassigned_point,node/13866251307,no,38.6666092,-9.047501,True Kare,yes,24/7,Mobi.E,,,,,,https://www.mobie.pt/,0,0,0,0,0,0,0,0,0,0,0,0,2,32,22 kW,400,0,0,0,0,0,0,0,0
MTA-00051,unassigned_point,node/13924291884,no,38.658586,-8.9946511,True Kare,yes,24/7,Mobi.E,,,,,,https://www.mobie.pt/,0,0,0,0,0,0,0,0,0,0,0,0,2,32,22 kW,400,0,0,0,0,0,0,0,0
MTA-00052,unassigned_point,node/13419270828,no,38.6451511,-8.9961866,True Kare,yes,24/7,Mobi.E,,,,,,https://www.mobie.pt/,0,0,0,0,0,0,0,0,0,0,0,0,2,32,22 kW,400,0,0,0,0,0,0,0,0
MTA-00053,unassigned_point,node/13522047806,no,38.657974,-8.991502,True Kare,yes,24/7,Mobi.E,,,,,,https://www.mobie.pt/,0,0,0,0,0,0,0,0,0,0,0,0,2,32,22 kW,400,0,0,0,0,0,0,0,0
MTA-00054,unassigned_point,node/13663661943,no,38.6570085,-8.9933378,True Kare,yes,24/7,Mobi.E,,,,,,https://www.mobie.pt/,0,0,0,0,0,0,0,0,0,0,0,0,2,32,22 kW,400,0,0,0,0,0,0,0,0
MTA-00055,unassigned_point,node/13516729205,no,38.65341,-8.990627,True Kare,yes,24/7,Mobi.E,,,,,,https://www.mobie.pt/,0,0,0,0,0,0,0,0,0,0,0,0,2,32,22 kW,400,0,0,0,0,0,0,0,0
MTA-00056,unassigned_point,node/13419270827,no,38.651962,-8.986374,True Kare,yes,24/7,Mobi.E,,,,,,https://www.mobie.pt/,0,0,0,0,0,0,0,0,0,0,0,0,2,32,22 kW,400,0,0,0,0,0,0,0,0
MTA-00057,unassigned_point,node/13618986687,no,38.6545173,-8.9884047,True Kare,yes,24/7,Mobi.E,,,,,,https://www.mobie.pt/,0,0,0,0,0,0,0,0,0,0,0,0,2,32,22 kW,400,0,0,0,0,0,0,0,0
MTA-00058,unassigned_point,node/13618986686,no,38.6519697,-8.9895638,True Kare,yes,24/7,Mobi.E,,,,,,https://www.mobie.pt/,0,0,0,0,0,0,0,0,0,0,0,0,2,32,22 kW,400,0,0,0,0,0,0,0,0
MTA-00059,unassigned_point,node/13547349651,no,38.6528648,-8.9886738,True Kare,yes,24/7,Mobi.E,,,,,,https://www.mobie.pt/,0,0,0,0,0,0,0,0,0,0,0,0,2,32,22 kW,400,0,0,0,0,0,0,0,0
MTA-00060,unassigned_point,node/13522047805,no,38.65694,-8.994479,True Kare,yes,24/7,Mobi.E,,,,,,https://www.mobie.pt/,0,0,0,0,0,0,0,0,0,0,0,0,2,32,22 kW,400,0,0,0,0,0,0,0,0
MTA-00061,unassigned_point,node/13419270826,no,38.649574,-8.992323,True Kare,yes,24/7,Mobi.E,,,,,,https://www.mobie.pt/,0,0,0,0,0,0,0,0,0,0,0,0,2,32,22 kW,400,0,0,0,0,0,0,0,0
MTA-00062,unassigned_point,node/13419270825,no,38.6559,-8.988023,True Kare,yes,24/7,Mobi.E,,,,,,https://www.mobie.pt/,0,0,0,0,0,0,0,0,0,0,0,0,2,32,22 kW,400,0,0,0,0,0,0,0,0
MTA-00063,unassigned_point,node/13866251306,no,38.6486828,-8.9849741,True Kare,yes,24/7,Mobi.E,,,,,,https://www.mobie.pt/,0,0,0,0,0,0,0,0,0,0,0,0,2,32,22 kW,400,0,0,0,0,0,0,0,0
MTA-00064,unassigned_point,node/13516729204,no,38.6523339,-8.9917994,True Kare,yes,24/7,Mobi.E,,,,,,https://www.mobie.pt/,0,0,0,0,0,0,0,0,0,0,0,0,2,32,22 kW,400,0,0,0,0,0,0,0,0
MTA-00065,unassigned_point,node/13688206153,no,38.6512897,-8.9938499,True Kare,yes,24/7,Mobi.E,,,,,,https://www.mobie.pt/,0,0,0,0,0,0,0,0,0,0,0,0,2,32,22 kW,400,0,0,0,0,0,0,0,0
MTA-00066,unassigned_point,node/13556290535,no,38.647682,-8.986808,True Kare,yes,24/7,Mobi.E,,,,,,https://www.mobie.pt/,0,0,0,0,0,0,0,0,0,0,0,0,2,32,22 kW,400,0,0,0,0,0,0,0,0
MTA-00067,unassigned_point,node/13663661942,no,38.646564,-8.989562,True Kare,yes,24/7,Mobi.E,,,,,,https://www.mobie.pt/,0,0,0,0,0,0,0,0,0,0,0,0,2,32,22 kW,400,0,0,0,0,0,0,0,0
MTA-00068,unassigned_point,node/13688206152,no,38.650367,-8.9863104,True Kare,yes,24/7,Mobi.E,,,,,,https://www.mobie.pt/,0,0,0,0,0,0,0,0,0,0,0,0,2,32,22 kW,400,0,0,0,0,0,0,0,0
MTA-00069,unassigned_point,node/13618986685,no,38.6498801,-9.0408877,True Kare,yes,24/7,Mobi.E,,,,,,https://www.mobie.pt/,0,0,0,0,0,0,0,0,0,0,0,0,2,32,22 kW,400,0,0,0,0,0,0,0,0
MTA-00070,unassigned_point,node/13522047804,no,38.6581507,-9.039956,True Kare,yes,24/7,Mobi.E,,,,,,https://www.mobie.pt/,0,0,0,0,0,0,0,0,0,0,0,0,2,32,22 kW,400,0,0,0,0,0,0,0,0
MTA-00071,unassigned_point,node/13556290534,no,38.66519,-9.045178,True Kare,yes,24/7,Mobi.E,,,,,,https://www.mobie.pt/,0,0,0,0,0,0,0,0,0,0,0,0,2,32,22 kW,400,0,0,0,0,0,0,0,0
MTA-00072,unassigned_point,node/13663661941,no,38.662654,-9.0476117,True Kare,yes,24/7,Mobi.E,,,,,,https://www.mobie.pt/,0,0,0,0,0,0,0,0,0,0,0,0,2,32,22 kW,400,0,0,0,0,0,0,0,0
MTA-00073,unassigned_point,node/13866251305,no,38.665096,-9.048121,True Kare,yes,24/7,Mobi.E,,,,,,https://www.mobie.pt/,0,0,0,0,0,0,0,0,0,0,0,0,2,32,22 kW,400,0,0,0,0,0,0,0,0
MTA-00075,unassigned_point,node/13663661940,no,38.6602939,-9.0465643,True Kare,yes,24/7,Mobi.E,,,,,,https://www.mobie.pt/,0,0,0,0,0,0,0,0,0,0,0,0,2,32,22 kW,400,0,0,0,0,0,0,0,0
MTA-00076,unassigned_point,node/13718252561,no,38.660896,-9.044974,True Kare,yes,24/7,Mobi.E,,,,,,https://www.mobie.pt/,0,0,0,0,0,0,0,0,0,0,0,0,2,32,22 kW,400,0,0,0,0,0,0,0,0
MTA-00078,unassigned_point,node/13805970082,no,38.660946,-9.042789,True Kare,yes,24/7,Mobi.E,,,,,,https://www.mobie.pt/,0,0,0,0,0,0,0,0,0,0,0,0,2,32,22 kW,400,0,0,0,0,0,0,0,0
MTA-00079,unassigned_point,node/13547349650,no,38.658632,-9.044079,True Kare,yes,24/7,Mobi.E,,,,,,https://www.mobie.pt/,0,0,0,0,0,0,0,0,0,0,0,0,2,32,22 kW,400,0,0,0,0,0,0,0,0
MTA-00080,unassigned_point,node/13806010423,no,38.65572,-9.041926,True Kare,yes,24/7,Mobi.E,,,,,,https://www.mobie.pt/,0,0,0,0,0,0,0,0,0,0,0,0,2,32,22 kW,400,0,0,0,0,0,0,0,0
MTA-00081,unassigned_point,node/13866251304,no,38.654672,-9.0409454,True Kare,yes,24/7,Mobi.E,,,,,,https://www.mobie.pt/,0,0,0,0,0,0,0,0,0,0,0,0,2,32,22 kW,400,0,0,0,0,0,0,0,0
MTA-00082,unassigned_point,node/13806010422,no,38.65666,-9.045517,True Kare,yes,24/7,Mobi.E,,,,,,https://www.mobie.pt/,0,0,0,0,0,0,0,0,0,0,0,0,2,32,22 kW,400,0,0,0,0,0,0,0,0
MTA-00083,unassigned_point,node/13663661939,no,38.654938,-9.044753,True Kare,yes,24/7,Mobi.E,,,,,,https://www.mobie.pt/,0,0,0,0,0,0,0,0,0,0,0,0,2,32,22 kW,400,0,0,0,0,0,0,0,0
MTA-00084,unassigned_point,node/13718252560,no,38.6540873,-9.0390908,True Kare,yes,24/7,Mobi.E,,,,,,https://www.mobie.pt/,0,0,0,0,0,0,0,0,0,0,0,0,2,32,22 kW,400,0,0,0,0,0,0,0,0
MTA-00085,unassigned_point,node/13522047803,no,38.6536614,-9.040225,True Kare,yes,24/7,Mobi.E,,,,,,https://www.mobie.pt/,0,0,0,0,0,0,0,0,0,0,0,0,2,32,22 kW,400,0,0,0,0,0,0,0,0
MTA-00086,unassigned_point,node/13718252559,no,38.65232,-9.046518,True Kare,yes,24/7,Mobi.E,,,,,,https://www.mobie.pt/,0,0,0,0,0,0,0,0,0,0,0,0,2,32,22 kW,400,0,0,0,0,0,0,0,0
MTA-00087,unassigned_point,node/13718252558,no,38.6451849,-9.0373193,True Kare,yes,24/7,Mobi.E,,,,,,https://www.mobie.pt/,0,0,0,0,0,0,0,0,0,0,0,0,2,32,22 kW,400,0,0,0,0,0,0,0,0
MTA-00088,unassigned_point,node/13618986684,no,38.6471335,-9.0411098,True Kare,yes,24/7,Mobi.E,,,,,,https://www.mobie.pt/,0,0,0,0,0,0,0,0,0,0,0,0,2,32,22 kW,400,0,0,0,0,0,0,0,0
MTA-00089,unassigned_point,node/13663661938,no,38.648241,-9.0447099,True Kare,yes,24/7,Mobi.E,,,,,,https://www.mobie.pt/,0,0,0,0,0,0,0,0,0,0,0,0,2,32,22 kW,400,0,0,0,0,0,0,0,0
MTA-00090,unassigned_point,node/13806010421,no,38.649563,-8.989097,True Kare,yes,24/7,Mobi.E,,,,,,https://www.mobie.pt/,0,0,0,0,0,0,0,0,0,0,0,0,2,32,22 kW,400,0,0,0,0,0,0,0,0
MTA-00091,unassigned_point,node/13419270824,no,38.651054,-8.989734,True Kare,yes,24/7,Mobi.E,,,,,,https://www.mobie.pt/,0,0,0,0,0,0,0,0,0,0,0,0,2,32,22 kW,400,0,0,0,0,0,0,0,0
MTA-00092,unassigned_point,node/13547372942,no,38.6586584,-8.9929194,True Kare,yes,24/7,Mobi.E,,,,,,https://www.mobie.pt/,0,0,0,0,0,0,0,0,0,0,0,0,2,32,22 kW,400,0,0,0,0,0,0,0,0
MTA-00093,unassigned_point,node/13547372941,no,38.6539462,-8.9845536,True Kare,yes,24/7,Mobi.E,,,,,,https://www.mobie.pt/,0,0,0,0,0,0,0,0,0,0,0,0,2,32,22 kW,400,0,0,0,0,0,0,0,0
MTA-00094,unassigned_point,node/13688206151,no,38.6481168,-8.9884901,True Kare,yes,24/7,Mobi.E,,,,,,https://www.mobie.pt/,0,0,0,0,0,0,0,0,0,0,0,0,2,32,22 kW,400,0,0,0,0,0,0,0,0
MTA-00095,unassigned_point,node/13946034262,no,38.65257,-8.992647,True Kare,yes,24/7,Mobi.E,,,,,,https://www.mobie.pt/,0,0,0,0,0,0,0,0,0,0,0,0,2,32,22 kW,400,0,0,0,0,0,0,0,0
MTA-00096,unassigned_point,node/13806010420,no,38.64898,-9.020824,True Kare,yes,24/7,Mobi.E,,,,,,https://www.mobie.pt/,0,0,0,0,0,0,0,0,0,0,0,0,2,32,22 kW,400,0,0,0,0,0,0,0,0
MTA-00097,unassigned_point,node/13547372940,no,38.6553536,-8.9895063,True Kare,yes,24/7,Mobi.E,,,,,,https://www.mobie.pt/,0,0,0,0,0,0,0,0,0,0,0,0,2,32,22 kW,400,0,0,0,0,0,0,0,0
MTA-00101,unassigned_point,node/14056896446,no,38.6496156,-8.9981692,Atlante,yes,24/7,Mobi.E,,,,,+351 800 296 929;+351 234 246 050,https://www.mobie.pt/,0,0,0,0,0,0,0,0,0,0,0,0,0,0,0,0,0,0,0,0,2,300,30 kW,1000
MTA-00102,unassigned_point,node/14095329127,no,38.652935,-9.010156,Iberdrola,yes,09:00-21:00,Mobi.E,,,,,+351 800 607 717,https://www.iberdrola.pt/,0,0,0,0,0,0,0,0,0,0,0,0,2,32,22 kW,400,0,0,0,0,0,0,0,0
MTG-00001,unassigned_point,node/8286136168,no,40.4005524,-7.5406256,Powerdot,yes,24/7,Mobi.E,,,,PT,+351 800 180 292,https://www.mobie.pt,0,0,0,0,0,0,0,0,0,0,0,0,2,32,22 kW,400,0,0,0,0,0,0,0,0
MTJ-00004,unassigned_point,node/8279700171,no,38.7035981,-8.9683159,Mobiletric,yes,24/7,Mobi.E,,,,,+351 800 249 249,https://www.mobie.pt,0,0,0,0,0,0,0,0,0,0,0,0,1,16,11 kW,400,0,0,0,0,0,0,0,0
MTJ-00019,unassigned_point,node/9440272701,no,38.6883042,-8.9452921,Prio.E,yes,24/7,Mobi.E,,,,,+351 800 100 303,https://www.mobie.pt/,1,120,50 kW,500,0,0,0,0,0,0,0,0,0,0,0,0,0,0,0,0,1,125,50 kW,500
MTJ-00021,unassigned_point,node/9338579595,no,38.7123598,-8.9660526,Repsol,yes,24/7,Mobi.E,,,,,+351 800 226 624,https://www.mobie.pt/,1,80,30 kW,500,0,0,0,0,0,0,0,0,0,0,0,0,1,32,22 kW,400,1,80,30 kW,1000
MTJ-00022,unassigned_point,node/9894976373,no,38.6935439,-8.9491292,Iberdrola,yes,09:00-21:30,Mobi.E,,,,,+351 800 607 717,https://www.mobie.pt/,0,0,0,0,0,0,0,0,0,0,0,0,2,32,22 kW,400,0,0,0,0,0,0,0,0
MTJ-00023,unassigned_point,node/9920134217,no,38.743257,-8.660987,Repsol,yes,24/7,Mobi.E,,,,,+351 800 226 624,https://www.mobie.pt/,1,125,50 kW,500,0,0,0,0,0,0,0,0,0,0,0,0,1,63,43 kW,400,1,150,60 kW,1000
MTJ-00034,unassigned_point,node/11070119293,no,38.6804029,-8.9664164,Powerdot,yes,24/7,Mobi.E,,,,,+351 800 180 292,https://www.mobie.pt/,1,120,50 kW,500,0,0,0,0,0,0,0,0,0,0,0,0,1,32,22 kW,400,1,125,50 kW,500
MTJ-00038,unassigned_point,node/11278275604,no,38.7048028,-8.9576024,Atlante,yes,24/7,Mobi.E,,,,,+351 800 296 929;+351 234 246 050,https://www.mobie.pt/,1,125,50 kW,500,0,0,0,0,0,0,0,0,0,0,0,0,0,0,0,0,1,150,60 kW,500
MTJ-00039,unassigned_point,node/10040504093,no,38.7119426,-8.9694264,Atlante,yes,24/7,Mobi.E,,,,,+351 800 296 929;+351 234 246 050,https://www.mobie.pt/,1,120,50 kW,500,0,0,0,0,0,0,0,0,0,0,0,0,1,32,22 kW,400,1,125,50 kW,500
MTJ-00045,unassigned_point,node/12146693127,no,38.7062863,-8.9748266,True Kare,yes,24/7,Mobi.E,,,,,,https://www.mobie.pt/,0,0,0,0,0,0,0,0,0,0,0,0,2,32,22 kW,400,0,0,0,0,0,0,0,0
MTJ-00046,unassigned_point,node/12146693126,no,38.7084235,-8.986962,True Kare,yes,24/7,Mobi.E,,,,,,https://www.mobie.pt/,0,0,0,0,0,0,0,0,0,0,0,0,2,32,22 kW,400,0,0,0,0,0,0,0,0
MTJ-00047,unassigned_point,node/12205419875,no,38.707147,-8.9877371,True Kare,yes,24/7,Mobi.E,,,,,,https://www.mobie.pt/,0,0,0,0,0,0,0,0,0,0,0,0,2,32,22 kW,400,0,0,0,0,0,0,0,0
MTJ-00048,unassigned_point,node/12366155441,no,38.710206,-8.986552,True Kare,yes,24/7,Mobi.E,,,,,,https://www.mobie.pt/,0,0,0,0,0,0,0,0,0,0,0,0,2,32,22 kW,400,0,0,0,0,0,0,0,0
MTJ-00049,unassigned_point,node/12146693125,no,38.7119661,-8.9840201,True Kare,yes,24/7,Mobi.E,,,,,,https://www.mobie.pt/,0,0,0,0,0,0,0,0,0,0,0,0,2,32,22 kW,400,0,0,0,0,0,0,0,0
MTJ-00050,unassigned_point,node/12205419874,no,38.7126031,-8.9815345,True Kare,yes,24/7,Mobi.E,,,,,,https://www.mobie.pt/,0,0,0,0,0,0,0,0,0,0,0,0,2,32,22 kW,400,0,0,0,0,0,0,0,0
MTJ-00051,unassigned_point,node/13253115367,no,38.7109781,-8.981647,True Kare,yes,24/7,Mobi.E,,,,,,https://www.mobie.pt/,0,0,0,0,0,0,0,0,0,0,0,0,2,32,22 kW,400,0,0,0,0,0,0,0,0
MTJ-00052,unassigned_point,node/12366144940,no,38.7091419,-8.9814444,True Kare,yes,24/7,Mobi.E,,,,,,https://www.mobie.pt/,0,0,0,0,0,0,0,0,0,0,0,0,2,32,22 kW,400,0,0,0,0,0,0,0,0
MTJ-00053,unassigned_point,node/12188496422,no,38.707474,-8.981136,True Kare,yes,24/7,Mobi.E,,,,,,https://www.mobie.pt/,0,0,0,0,0,0,0,0,0,0,0,0,2,32,22 kW,400,0,0,0,0,0,0,0,0
MTJ-00054,unassigned_point,node/12188496421,no,38.7115099,-8.9779115,True Kare,yes,24/7,Mobi.E,,,,,,https://www.mobie.pt/,0,0,0,0,0,0,0,0,0,0,0,0,2,32,22 kW,400,0,0,0,0,0,0,0,0
MTJ-00055,unassigned_point,node/12827194270,no,38.704224,-8.924359,True Kare,yes,24/7,Mobi.E,,,,,,https://www.mobie.pt/,0,0,0,0,0,0,0,0,0,0,0,0,2,32,22 kW,400,0,0,0,0,0,0,0,0
MTJ-00056,unassigned_point,node/12596295184,no,38.6799733,-8.9644826,True Kare,yes,24/7,Mobi.E,,,,,,https://www.mobie.pt/,0,0,0,0,0,0,0,0,0,0,0,0,2,32,22 kW,400,0,0,0,0,0,0,0,0
MTJ-00057,unassigned_point,node/12552344828,no,38.7138923,-8.9543382,True Kare,yes,24/7,Mobi.E,,,,,,https://www.mobie.pt/,0,0,0,0,0,0,0,0,0,0,0,0,2,32,22 kW,400,0,0,0,0,0,0,0,0
MTJ-00058,unassigned_point,node/12188496420,no,38.7049689,-8.951562,True Kare,yes,24/7,Mobi.E,,,,,,https://www.mobie.pt/,0,0,0,0,0,0,0,0,0,0,0,0,2,32,22 kW,400,0,0,0,0,0,0,0,0
MTJ-00059,unassigned_point,node/12146693124,no,38.7159196,-8.9670881,True Kare,yes,24/7,Mobi.E,,,,,,https://www.mobie.pt/,0,0,0,0,0,0,0,0,0,0,0,0,2,32,22 kW,400,0,0,0,0,0,0,0,0
MTJ-00060,unassigned_point,node/12479201289,no,38.704225,-8.9459722,True Kare,yes,24/7,Mobi.E,,,,,,https://www.mobie.pt/,0,0,0,0,0,0,0,0,0,0,0,0,2,32,22 kW,400,0,0,0,0,0,0,0,0
MTJ-00061,unassigned_point,node/12479210102,no,38.702018,-8.948684,True Kare,yes,24/7,Mobi.E,,,,,,https://www.mobie.pt/,0,0,0,0,0,0,0,0,0,0,0,0,2,32,22 kW,400,0,0,0,0,0,0,0,0
MTJ-00062,unassigned_point,node/12802016862,no,38.7029272,-8.9508277,True Kare,yes,24/7,Mobi.E,,,,,,https://www.mobie.pt/,0,0,0,0,0,0,0,0,0,0,0,0,2,32,22 kW,400,0,0,0,0,0,0,0,0
MTJ-00063,unassigned_point,node/12175823202,no,38.7059392,-8.9541953,True Kare,yes,24/7,Mobi.E,,,,,,https://www.mobie.pt/,0,0,0,0,0,0,0,0,0,0,0,0,2,32,22 kW,400,0,0,0,0,0,0,0,0
MTJ-00064,unassigned_point,node/12188496419,no,38.706542,-8.9494262,True Kare,yes,24/7,Mobi.E,,,,,,https://www.mobie.pt/,0,0,0,0,0,0,0,0,0,0,0,0,2,32,22 kW,400,0,0,0,0,0,0,0,0
MTJ-00068,unassigned_point,node/12188496418,no,38.707358,-8.98626,True Kare,yes,24/7,Mobi.E,,,,,,https://www.mobie.pt/,0,0,0,0,0,0,0,0,0,0,0,0,2,32,22 kW,400,0,0,0,0,0,0,0,0
MTJ-00069,unassigned_point,node/12188496417,no,38.7059426,-8.9803463,True Kare,yes,24/7,Mobi.E,,,,,,https://www.mobie.pt/,0,0,0,0,0,0,0,0,0,0,0,0,2,32,22 kW,400,0,0,0,0,0,0,0,0
MTJ-00070,unassigned_point,node/12666631199,no,38.708806,-8.92648,True Kare,yes,24/7,Mobi.E,,,,,,https://www.mobie.pt/,0,0,0,0,0,0,0,0,0,0,0,0,2,32,22 kW,400,0,0,0,0,0,0,0,0
MTJ-00071,unassigned_point,node/12188496416,no,38.7007634,-8.9574706,True Kare,yes,24/7,Mobi.E,,,,,,https://www.mobie.pt/,0,0,0,0,0,0,0,0,0,0,0,0,2,32,22 kW,400,0,0,0,0,0,0,0,0
MTJ-00072,unassigned_point,node/12285983971,no,38.7015765,-8.958691,True Kare,yes,24/7,Mobi.E,,,,,,https://www.mobie.pt/,0,0,0,0,0,0,0,0,0,0,0,0,2,32,22 kW,400,0,0,0,0,0,0,0,0
MTJ-00073,unassigned_point,node/12188496415,no,38.714271,-8.96376,True Kare,yes,24/7,Mobi.E,,,,,,https://www.mobie.pt/,0,0,0,0,0,0,0,0,0,0,0,0,2,32,22 kW,400,0,0,0,0,0,0,0,0
MTJ-00074,unassigned_point,node/12666645322,no,38.7140102,-8.9609406,True Kare,yes,24/7,Mobi.E,,,,,,https://www.mobie.pt/,0,0,0,0,0,0,0,0,0,0,0,0,2,32,22 kW,400,0,0,0,0,0,0,0,0
MTJ-00075,unassigned_point,node/12205419873,no,38.7126132,-8.9690914,True Kare,yes,24/7,Mobi.E,,,,,,https://www.mobie.pt/,0,0,0,0,0,0,0,0,0,0,0,0,2,32,22 kW,400,0,0,0,0,0,0,0,0
MTJ-00076,unassigned_point,node/12366173586,no,38.7116314,-8.9669981,True Kare,yes,24/7,Mobi.E,,,,,,https://www.mobie.pt/,0,0,0,0,0,0,0,0,0,0,0,0,2,32,22 kW,400,0,0,0,0,0,0,0,0
MTJ-00077,unassigned_point,node/12188496414,no,38.7039457,-8.9494851,True Kare,yes,24/7,Mobi.E,,,,,,https://www.mobie.pt/,0,0,0,0,0,0,0,0,0,0,0,0,2,32,22 kW,400,0,0,0,0,0,0,0,0
MTJ-00078,unassigned_point,node/12055944901,no,38.7089853,-8.952676,True Kare,yes,24/7,Mobi.E,,,,,,https://www.mobie.pt/,0,0,0,0,0,0,0,0,0,0,0,0,2,32,22 kW,400,0,0,0,0,0,0,0,0
MTJ-00079,unassigned_point,node/12146693123,no,38.7082081,-8.9536528,True Kare,yes,24/7,Mobi.E,,,,,,https://www.mobie.pt/,0,0,0,0,0,0,0,0,0,0,0,0,2,32,22 kW,400,0,0,0,0,0,0,0,0
MTJ-00080,unassigned_point,node/12175823201,no,38.707479,-8.9528163,True Kare,yes,24/7,Mobi.E,,,,,,https://www.mobie.pt/,0,0,0,0,0,0,0,0,0,0,0,0,2,32,22 kW,400,0,0,0,0,0,0,0,0
MTJ-00081,unassigned_point,node/12175785000,no,38.7082069,-8.9568012,True Kare,yes,24/7,Mobi.E,,,,,,https://www.mobie.pt/,0,0,0,0,0,0,0,0,0,0,0,0,2,32,22 kW,400,0,0,0,0,0,0,0,0
MTJ-00082,unassigned_point,node/12188496413,no,38.710432,-8.9595034,True Kare,yes,24/7,Mobi.E,,,,,,https://www.mobie.pt/,0,0,0,0,0,0,0,0,0,0,0,0,2,32,22 kW,400,0,0,0,0,0,0,0,0
MTJ-00083,unassigned_point,node/12802024959,no,38.7064735,-8.9625738,True Kare,yes,24/7,Mobi.E,,,,,,https://www.mobie.pt/,0,0,0,0,0,0,0,0,0,0,0,0,2,32,22 kW,400,0,0,0,0,0,0,0,0
MTJ-00085,unassigned_point,node/12861452922,no,38.7114894,-8.9746581,True Kare,yes,24/7,Mobi.E,,,,,,https://www.mobie.pt/,0,0,0,0,0,0,0,0,0,0,0,0,2,32,22 kW,400,0,0,0,0,0,0,0,0
MTJ-00086,unassigned_point,node/12666645321,no,38.7128445,-8.9750087,True Kare,yes,24/7,Mobi.E,,,,,,https://www.mobie.pt/,0,0,0,0,0,0,0,0,0,0,0,0,2,32,22 kW,400,0,0,0,0,0,0,0,0
MTJ-00087,unassigned_point,node/13035152495,no,38.6845721,-8.6110671,True Kare,yes,24/7,Mobi.E,,,,,,https://www.mobie.pt/,0,0,0,0,0,0,0,0,0,0,0,0,2,32,22 kW,400,0,0,0,0,0,0,0,0
MTJ-00088,unassigned_point,node/12580190000,no,38.7007342,-8.9462762,True Kare,yes,24/7,Mobi.E,,,,,,https://www.mobie.pt/,0,0,0,0,0,0,0,0,0,0,0,0,2,32,22 kW,400,0,0,0,0,0,0,0,0
MTJ-00090,unassigned_point,node/12580216563,no,38.6999224,-8.9535782,True Kare,yes,24/7,Mobi.E,,,,,,https://www.mobie.pt/,0,0,0,0,0,0,0,0,0,0,0,0,2,32,22 kW,400,0,0,0,0,0,0,0,0
MTJ-00091,unassigned_point,node/12580240752,no,38.699058,-8.9482721,True Kare,yes,24/7,Mobi.E,,,,,,https://www.mobie.pt/,0,0,0,0,0,0,0,0,0,0,0,0,2,32,22 kW,400,0,0,0,0,0,0,0,0
MTJ-00092,unassigned_point,node/12580240751,no,38.6658356,-8.6196933,True Kare,yes,24/7,Mobi.E,,,,,,https://www.mobie.pt/,0,0,0,0,0,0,0,0,0,0,0,0,2,32,22 kW,400,0,0,0,0,0,0,0,0
MTJ-00093,unassigned_point,node/12175855269,no,38.717288,-8.9720832,True Kare,yes,24/7,Mobi.E,,,,,,https://www.mobie.pt/,0,0,0,0,0,0,0,0,0,0,0,0,2,32,22 kW,400,0,0,0,0,0,0,0,0
MTJ-00094,unassigned_point,node/12827194269,no,38.7185521,-8.9712492,True Kare,yes,24/7,Mobi.E,,,,,,https://www.mobie.pt/,0,0,0,0,0,0,0,0,0,0,0,0,2,32,22 kW,400,0,0,0,0,0,0,0,0
MTJ-00095,unassigned_point,node/12580240753,no,38.7002386,-8.9295603,True Kare,yes,24/7,Mobi.E,,,,,,https://www.mobie.pt/,0,0,0,0,0,0,0,0,0,0,0,0,2,32,22 kW,400,0,0,0,0,0,0,0,0
MTJ-00096,unassigned_point,node/12205419872,no,38.708522,-8.9764293,True Kare,yes,24/7,Mobi.E,,,,,,https://www.mobie.pt/,0,0,0,0,0,0,0,0,0,0,0,0,2,32,22 kW,400,0,0,0,0,0,0,0,0
MTJ-00098,unassigned_point,node/12992395108,no,38.709732,-8.971713,True Kare,yes,24/7,Mobi.E,,,,,,https://www.mobie.pt/,0,0,0,0,0,0,0,0,0,0,0,0,2,32,22 kW,400,0,0,0,0,0,0,0,0
MTJ-00099,unassigned_point,node/12992415096,no,38.67853,-8.9682572,True Kare,yes,24/7,Mobi.E,,,,,,https://www.mobie.pt/,0,0,0,0,0,0,0,0,0,0,0,0,2,32,22 kW,400,0,0,0,0,0,0,0,0
MTJ-00100,unassigned_point,node/12992415095,no,38.706319,-8.9839733,True Kare,yes,24/7,Mobi.E,,,,,,https://www.mobie.pt/,0,0,0,0,0,0,0,0,0,0,0,0,2,32,22 kW,400,0,0,0,0,0,0,0,0
MTJ-00102,unassigned_point,node/12959812450,no,38.7074154,-8.9572337,EDP,yes,24/7,Mobi.E,,,,,+351 800 222 222,https://www.mobie.pt/,0,0,0,0,0,0,0,0,0,0,0,0,2,32,22 kW,400,0,0,0,0,0,0,0,0
MTJ-00103,unassigned_point,node/12282173641,no,38.6890209,-8.945625,EDP,yes,09:00-20:00,Mobi.E,,,,,+351 800 222 222,https://www.mobie.pt/,0,0,0,0,0,0,0,0,0,0,0,0,2,32,22 kW,400,0,0,0,0,0,0,0,0
MTJ-00104,unassigned_point,node/12176539857,no,38.6829494,-8.9566013,Charging Together,yes,24/7,Mobi.E,,,,,+351 800 917 576,https://www.mobie.pt,0,0,0,0,0,0,0,0,0,0,0,0,0,0,0,0,0,0,0,0,2,500,150 kW,1000
MTJ-00111,unassigned_point,node/13172079180,no,38.7126403,-8.95665,True Kare,yes,24/7,Mobi.E,,,,,,https://www.mobie.pt/,0,0,0,0,0,0,0,0,0,0,0,0,2,32,22 kW,400,0,0,0,0,0,0,0,0
MTJ-00112,unassigned_point,node/13035442093,no,38.7050565,-8.9648218,True Kare,yes,24/7,Mobi.E,,,,,,https://www.mobie.pt/,0,0,0,0,0,0,0,0,0,0,0,0,2,32,22 kW,400,0,0,0,0,0,0,0,0
MTJ-00113,unassigned_point,node/12992415094,no,38.6990193,-8.9489027,True Kare,yes,24/7,Mobi.E,,,,,,https://www.mobie.pt/,0,0,0,0,0,0,0,0,0,0,0,0,2,32,22 kW,400,0,0,0,0,0,0,0,0
MTJ-00114,unassigned_point,node/12992415093,no,38.703903,-8.928151,True Kare,yes,24/7,Mobi.E,,,,,,https://www.mobie.pt/,0,0,0,0,0,0,0,0,0,0,0,0,2,32,22 kW,400,0,0,0,0,0,0,0,0
MTJ-00115,unassigned_point,node/12827194268,no,38.7125273,-8.979783,True Kare,yes,24/7,Mobi.E,,,,,,https://www.mobie.pt/,0,0,0,0,0,0,0,0,0,0,0,0,2,32,22 kW,400,0,0,0,0,0,0,0,0
MTJ-00116,unassigned_point,node/9458380034,no,38.7140277,-8.9727289,Galp Power,yes,24/7,Mobi.E,,,,,+351 800 249 249,https://www.mobie.pt/,1,120,50 kW,500,0,0,0,0,0,0,0,0,0,0,0,0,1,63,43 kW,400,1,125,50 kW,500
MTJ-00126,unassigned_point,node/13340273649,no,38.6632007,-8.9570384,Cepsa,yes,24/7,Mobi.E,,,,,,https://www.mobie.pt/,0,0,0,0,0,0,0,0,0,0,0,0,0,0,0,0,0,0,0,0,2,500,300 kW,1000
MTL-00003,unassigned_point,node/12697379963,no,37.6432593,-7.6561376,Galp Power,yes,24/7,Mobi.E,,,,PT,+351 800 249 249,https://www.mobie.pt/,1,125,50 kW,500,0,0,0,0,0,0,0,0,0,0,0,0,1,32,22 kW,400,1,125,50 kW,500
MTR-00008,unassigned_point,node/8427190382,no,41.823207,-7.7916817,Alfa Energia,yes,24/7,Mobi.E,,,,PT,+351 234 661 194,https://www.mobie.pt,0,0,0,0,0,0,0,0,0,0,0,0,2,32,22 kW,400,0,0,0,0,0,0,0,0
MTR-00010,unassigned_point,node/8427199534,no,41.7134836,-8.035408,Alfa Energia,yes,24/7,Mobi.E,,,,PT,+351 234 661 194,https://www.mobie.pt,0,0,0,0,0,0,0,0,0,0,0,0,2,32,22 kW,400,0,0,0,0,0,0,0,0
MTR-90004,unassigned_point,node/8313008424,no,41.8409259,-7.9500246,Galp Power,yes,24/7,Mobi.E,,,,PT,+351 800 249 249,https://www.mobie.pt,0,0,0,0,0,0,0,0,0,0,0,0,2,32,22 kW,400,0,0,0,0,0,0,0,0
MTS-00001,unassigned_point,node/5370481549,no,41.1869372,-8.6936977,Mobiletric,yes,24/7,Mobi.E,Largo José Santos Leça,Matosinhos,,,+351 800 249 249,https://www.mobie.pt,1,120,50 kW,500,0,0,0,0,0,0,0,0,0,0,0,0,1,63,43 kW,400,1,125,50 kW,500
MTS-00024,unassigned_point,node/8228940606,no,41.1842841,-8.663843,Galp Geste,yes,24/7,Mobi.E,A 28,Matosinhos,,,+351 800 249 249,https://www.mobie.pt,1,120,50 kW,500,0,0,0,0,0,0,0,0,0,0,0,0,1,63,43 kW,400,1,125,50 kW,500
MTS-00028,unassigned_point,node/8113026406,no,41.181885,-8.6902466,EDP,yes,24/7,Mobi.E,,,,,+351 800 222 222,https://www.mobie.pt,0,0,0,0,0,0,0,0,0,0,0,0,2,32,22 kW,400,0,0,0,0,0,0,0,0
MTS-00029,unassigned_point,node/8229012588,no,41.1833313,-8.6614403,Galp Geste,yes,24/7,Mobi.E,A 28,Matosinhos,,,+351 800 249 249,https://www.mobie.pt,1,120,50 kW,500,0,0,0,0,0,0,0,0,0,0,0,0,1,63,43 kW,400,1,125,50 kW,500
MTS-00032,unassigned_point,node/8231827474,no,41.2201289,-8.6874714,Galp Geste,yes,24/7,Mobi.E,Avenida Mário Brito,Perafita,,,+351 800 249 249,https://www.mobie.pt,1,120,50 kW,500,0,0,0,0,0,0,0,0,0,0,0,0,1,63,43 kW,400,1,125,50 kW,500
MTS-00038,unassigned_point,node/8380381402,no,41.2202713,-8.6879486,Galp Power,yes,24/7,Mobi.E,Avenida Mário Brito,Perafita,,,+351 800 249 249,https://www.mobie.pt,1,120,50 kW,500,0,0,0,0,0,0,0,0,0,0,0,0,1,63,43 kW,400,1,125,50 kW,500
MTS-00043,unassigned_point,node/8719792738,no,41.1925965,-8.7055354,EDP,yes,24/7,Mobi.E,Avenida da Liberdade,Leça da Palmeira,,,+351 800 222 222,https://www.mobie.pt,1,125,50 kW,500,0,0,0,0,0,0,0,0,0,0,0,0,1,32,22 kW,400,1,200,90 kW,1000
MTS-00044,unassigned_point,node/9751572711,no,41.1827666,-8.6766549,Repsol,yes,24/7,Mobi.E,,,,,+351 800 226 624,https://www.mobie.pt,1,80,30 kW,500,0,0,0,0,0,0,0,0,0,0,0,0,1,32,22 kW,400,1,80,30 kW,500
MTS-00046,unassigned_point,node/9588613161,no,41.1793278,-8.6907241,EDP,yes,08:00-24:00,Mobi.E,,,,,+351 800 222 222,https://www.mobie.pt,1,125,50 kW,500,0,0,0,0,0,0,0,0,1,32,22 kW,400,0,0,0,0,1,200,90 kW,1000
MTS-00092,unassigned_point,node/10261231549,no,41.2056851,-8.6401517,Galp Geste,yes,24/7,Mobi.E,,,,,+351 800 249 249,https://www.mobie.pt/,0,0,0,0,0,0,0,0,0,0,0,0,0,0,0,0,0,0,0,0,2,200,90 kW,1000
MTS-00093,unassigned_point,node/10261231550,no,41.2043169,-8.6399129,Galp Geste,yes,24/7,Mobi.E,,,,,+351 800 249 249,https://www.mobie.pt/,0,0,0,0,0,0,0,0,0,0,0,0,0,0,0,0,0,0,0,0,2,200,90 kW,1000
MTS-00109,unassigned_point,node/10891755087,no,41.2028893,-8.692509,Powerdot,yes,24/7,Mobi.E,,,,,+351 800 180 292,https://www.mobie.pt/,0,0,0,0,0,0,0,0,0,0,0,0,1,32,22 kW,400,0,0,0,0,2,250,120 kW,500
MTS-00111,unassigned_point,node/10792390027,no,41.2010534,-8.6985826,Galp Geste,yes,24/7,Mobi.E,,,,,+351 800 249 249,https://www.mobie.pt/,0,0,0,0,0,0,0,0,0,0,0,0,0,0,0,0,0,0,0,0,2,200,90 kW,1000
MTS-00119,unassigned_point,node/11196066686,no,41.2181655,-8.6755899,EDP,yes,09:00-22:00,Mobi.E,,,,,+351 800 222 222,https://www.mobie.pt/,0,0,0,0,0,0,0,0,0,0,0,0,2,32,7.4 kW,230,0,0,0,0,0,0,0,0
MTS-00129,unassigned_point,node/11228733850,no,41.193959,-8.613037,Iberdrola,yes,09:00-21:30,Mobi.E,,,,,+351 800 607 717,https://www.mobie.pt,0,0,0,0,0,0,0,0,0,0,0,0,2,32,22 kW,400,0,0,0,0,0,0,0,0
MTS-00131,unassigned_point,node/12062120948,no,41.180926,-8.6816167,EDP,yes,24/7,Mobi.E,,,,,+351 800 222 222,https://www.mobie.pt/,1,125,50 kW,500,0,0,0,0,0,0,0,0,0,0,0,0,0,0,0,0,1,200,120 kW,1000
MTS-00132,unassigned_point,node/11415569062,no,41.253955,-8.7075505,Atlante,yes,24/7,Mobi.E,,,,,+351 800 296 929;+351 234 246 050,https://www.mobie.pt/,1,125,50 kW,500,0,0,0,0,0,0,0,0,0,0,0,0,1,32,22 kW,400,1,150,60 kW,500
MTS-00134,unassigned_point,node/10300343612,no,41.195437,-8.612019,Atlante,yes,24/7,Mobi.E,,,,,+351 800 296 929;+351 234 246 050,https://www.mobie.pt/,1,125,50 kW,500,0,0,0,0,0,0,0,0,0,0,0,0,1,32,22 kW,400,1,125,50 kW,500
MTS-00137,unassigned_point,node/10040504088,no,41.175926,-8.688401,Atlante,yes,24/7,Mobi.E,,,,,+351 800 296 929;+351 234 246 050,https://www.mobie.pt/,1,120,50 kW,500,0,0,0,0,0,0,0,0,0,0,0,0,1,32,22 kW,400,1,125,50 kW,500
MTS-00164,unassigned_point,node/11861840244,no,41.198323,-8.61014,EDP,yes,24/7,Mobi.E,,,,,+351 800 222 222,https://www.mobie.pt/,1,125,50 kW,500,0,0,0,0,0,0,0,0,0,0,0,0,0,0,0,0,1,300,120 kW,1000
MTS-00171,unassigned_point,node/12106826229,no,41.2176228,-8.6953021,Iberdrola,yes,24/7,Mobi.E,,,,,+351 800 607 717,https://www.mobie.pt/,0,0,0,0,0,0,0,0,0,0,0,0,0,0,0,0,2,16,11 kW,400,0,0,0,0
MTS-00172,unassigned_point,node/12115694373,no,41.1912354,-8.6362361,Atlante,yes,24/7,Mobi.E,,,,,+351 800 296 929;+351 234 246 050,https://www.mobie.pt,1,125,50 kW,500,0,0,0,0,0,0,0,0,0,0,0,0,1,32,22 kW,400,1,150,60 kW,500
MTS-00173,unassigned_point,node/11313754433,no,41.1951072,-8.660615,EDP,yes,24/7,Mobi.E,,,,,+351 800 222 222,https://www.mobie.pt/,0,0,0,0,0,0,0,0,0,0,0,0,2,32,22 kW,400,0,0,0,0,0,0,0,0
MTS-00175,unassigned_point,node/8076135982,no,41.1861545,-8.6242145,Charging Together,yes,24/7,Mobi.E,Via Norte,Matosinhos,,,+351 800 917 576,https://www.mobie.pt,0,0,0,0,0,0,0,0,0,0,0,0,0,0,0,0,0,0,0,0,2,150,50 kW,1000
MTS-00181,unassigned_point,node/12605316061,no,41.186295,-8.631843,EDP,yes,24/7,Mobi.E,,,,,+351 800 222 222,https://www.mobie.pt,0,0,0,0,0,0,0,0,0,0,0,0,1,32,22 kW,400,0,0,0,0,2,200,60 kW,1000
MTS-00183,unassigned_point,node/8757754343,no,41.2042139,-8.6970172,Galp Power,yes,24/7,Mobi.E,,Leça da Palmeira,,,+351 800 249 249,https://www.mobie.pt,1,120,50 kW,500,0,0,0,0,0,0,0,0,0,0,0,0,1,63,43 kW,400,1,125,50 kW,500
MTS-00184,unassigned_point,node/9045571742,no,41.1860367,-8.6599533,Galp Power,yes,24/7,Mobi.E,,,,,+351 800 249 249,https://www.mobie.pt,1,120,50 kW,500,0,0,0,0,0,0,0,0,0,0,0,0,1,63,43 kW,400,1,125,50 kW,500
MTS-00185,unassigned_point,node/5370503283,no,41.198884,-8.6095404,Galp Power,yes,24/7,Mobi.E,,São Mamede de Infesta,,,+351 800 249 249,https://www.mobie.pt,1,120,50 kW,500,0,0,0,0,0,0,0,0,0,0,0,0,1,63,43 kW,400,1,125,50 kW,500
MTS-00186,unassigned_point,node/10707964340,no,41.1847611,-8.6325398,Galp Power,yes,24/7,Mobi.E,,,,,+351 800 249 249,https://www.mobie.pt/,1,120,50 kW,500,0,0,0,0,0,0,0,0,0,0,0,0,1,32,22 kW,400,1,125,50 kW,500
MTS-00187,unassigned_point,node/12184179572,no,41.1795502,-8.6906254,Galp Power,yes,08:00-22:00,Mobi.E,,,,,+351 800 249 249,https://www.mobie.pt/,1,120,50 kW,500,0,0,0,0,0,0,0,0,0,0,0,0,1,32,22 kW,400,1,125,50 kW,500
MTS-00188,unassigned_point,node/12583048988,no,41.228687,-8.697887,Galp Power,yes,24/7,Mobi.E,,,,,+351 800 249 249,https://www.mobie.pt/,1,120,50 kW,500,0,0,0,0,0,0,0,0,0,0,0,0,1,32,22 kW,400,1,125,50 kW,500
MTS-00189,unassigned_point,node/13189584902,no,41.19224,-8.636334,Iberdrola,yes,09:00-21:00,Mobi.E,,,,,+351 800 607 717,https://www.mobie.pt/,0,0,0,0,0,0,0,0,0,0,0,0,2,32,22 kW,400,0,0,0,0,0,0,0,0
MTS-00193,unassigned_point,node/13072765061,no,41.2044329,-8.6884895,Cepsa,yes,24/7,Mobi.E,,,,,,https://www.mobie.pt/,0,0,0,0,0,0,0,0,0,0,0,0,0,0,0,0,0,0,0,0,2,500,300 kW,1000
MTS-00194,unassigned_point,node/13556255346,no,41.2004001,-8.6513745,Galp Power,yes,24/7,Mobi.E,,,,,+351 800 249 249,https://www.mobie.pt/,1,125,50 kW,500,0,0,0,0,0,0,0,0,0,0,0,0,1,32,22 kW,400,1,125,50 kW,500
MTS-00195,unassigned_point,node/13830953842,no,41.1922876,-8.6590586,Repsol,yes,24/7,Mobi.E,,,,,+351 800 226 624,https://www.mobie.pt/,1,125,50 kW,500,0,0,0,0,0,0,0,0,0,0,0,0,1,32,22 kW,400,1,150,60 kW,500
MTS-00200,unassigned_point,node/13866060158,no,41.2049914,-8.6335019,EDP,yes,24/7,Mobi.E,,,,,+351 800 222 222,https://www.mobie.pt/,0,0,0,0,0,0,0,0,0,0,0,0,2,32,22 kW,400,0,0,0,0,0,0,0,0
MUR-00002,unassigned_point,node/13123537578,no,41.4061539,-7.4500754,Repsol,yes,24/7,Mobi.E,,,,,+351 800 226 624,https://www.mobie.pt/,1,125,50 kW,500,0,0,0,0,0,0,0,0,0,0,0,0,1,63,43 kW,400,1,125,50 kW,500
MUR-90001,unassigned_point,node/8309562557,no,41.4057222,-7.4506382,EDP,yes,24/7,Mobi.E,,,,PT,+351 800 222 222,https://www.mobie.pt,0,0,0,0,0,0,0,0,0,0,0,0,2,32,22 kW,400,0,0,0,0,0,0,0,0
Marina de Albufeira,unassigned_point,node/6973507743,no,37.0855011,-8.2659855,Marina de Albufeira,yes,,,,Albufeira,8201-918,,+351 289 588 179,,0,0,0,0,1,0,22 kW,0,0,0,0,0,0,0,0,0,1,0,22 kW,0,0,0,0,0
Maxmat Faro,unassigned_point,node/14046359272,no,37.0581144,-7.9627389,Continente,yes,24/7,Continente Plug&Charge,,,,,+351 210 19 19 19,https://plugcharge.continente.pt/,0,0,0,0,0,0,0,0,0,0,0,0,0,0,0,0,0,0,0,0,2,150,50 kW,1000
Meu Super,unassigned_point,node/11371820967,no,40.5293505,-7.8517829,EDP,yes,24/7,Mobi.E,,,,,+351 800 222 222,https://www.mobie.pt/,0,0,0,0,0,0,0,0,0,0,0,0,2,32,22 kW,400,0,0,0,0,0,0,0,0
NIS-90001,unassigned_point,node/8281273331,no,39.5169383,-7.650552,Galp Power,yes,24/7,Mobi.E,,,,PT,+351 800 249 249,https://www.mobie.pt,0,0,0,0,0,0,0,0,0,0,0,0,2,32,22 kW,400,0,0,0,0,0,0,0,0
NLS-00001,unassigned_point,node/8286197675,no,40.53297,-7.852915,Galp Power,yes,24/7,Mobi.E,,,,,+351 800 249 249,https://www.mobie.pt,0,0,0,0,0,0,0,0,0,0,0,0,2,32,22 kW,400,0,0,0,0,0,0,0,0
NLS-00008,unassigned_point,node/9799679406,no,40.5395382,-7.8555027,Galp Power,yes,24/7,Mobi.E,,Nelas,,,+351 800 249 249,https://www.mobie.pt/,1,120,50 kW,500,0,0,0,0,0,0,0,0,0,0,0,0,1,32,22 kW,400,1,125,50 kW,500
NLS-00011,unassigned_point,node/13733589736,no,40.538616,-7.856624,Charging Together,yes,24/7,Mobi.E,,,,,+351 800 917 576,https://www.mobie.pt/,0,0,0,0,0,0,0,0,0,0,0,0,0,0,0,0,0,0,0,0,2,500,150 kW,1000
NLS-00012,unassigned_point,node/14014771358,no,40.498547,-7.903711,Helexia II,yes,24/7,Mobi.E,,,,,+351 210 181 157,https://helexia.pt/,0,0,0,0,0,0,0,0,0,0,0,0,0,0,0,0,0,0,0,0,2,350,160 kW,1000
NRD-00001,unassigned_point,node/8220689265,no,37.8293168,-25.1464815,Galp Geste,yes,24/7,Mobi.E,Estrada Regional da Tronqueira,Nordeste,,,+351 800 249 249,https://www.mobie.pt,1,120,50 kW,500,0,0,0,0,0,0,0,0,0,0,0,0,1,63,43 kW,400,1,125,50 kW,500
NRD-00002,unassigned_point,node/12833830844,no,37.8332292,-25.1479161,SEGMA,yes,24/7,Mobi.E,,,,,+351 296 20 22 09,https://www.mobie.pt/,0,0,0,0,0,0,0,0,0,0,0,0,2,32,22 kW,400,0,0,0,0,0,0,0,0
NZR-00007,unassigned_point,node/10075757638,no,39.6057109,-9.0694392,EDP,yes,24/7,Mobi.E,,,,,+351 800 222 222,https://www.mobie.pt/,0,0,0,0,0,0,0,0,0,0,0,0,2,32,22 kW,400,0,0,0,0,0,0,0,0
NZR-00008,unassigned_point,node/9998109244,no,39.588503,-9.0163047,EDP,yes,24/7,Mobi.E,,,,,+351 800 222 222,https://www.mobie.pt/,0,0,0,0,0,0,0,0,0,0,0,0,2,32,22 kW,400,0,0,0,0,0,0,0,0
NZR-00009,unassigned_point,node/9998109243,no,39.5912811,-9.0177155,EDP,yes,24/7,Mobi.E,,,,,+351 800 222 222,https://www.mobie.pt/,0,0,0,0,0,0,0,0,0,0,0,0,2,32,22 kW,400,0,0,0,0,0,0,0,0
NZR-00010,unassigned_point,node/9993453121,no,39.606009,-9.066665,EDP,yes,24/7,Mobi.E,,,,,+351 800 222 222,https://www.mobie.pt/,0,0,0,0,0,0,0,0,0,0,0,0,2,32,22 kW,400,0,0,0,0,0,0,0,0
NZR-00011,unassigned_point,node/10075757635,no,39.5984251,-9.0678433,EDP,yes,24/7,Mobi.E,,,,,+351 800 222 222,https://www.mobie.pt/,0,0,0,0,0,0,0,0,0,0,0,0,2,32,22 kW,400,0,0,0,0,0,0,0,0
NZR-00012,unassigned_point,node/10075757636,no,39.6076834,-9.0556197,EDP,yes,24/7,Mobi.E,,,,,+351 800 222 222,https://www.mobie.pt/,0,0,0,0,0,0,0,0,0,0,0,0,2,32,22 kW,400,0,0,0,0,0,0,0,0
NZR-00013,unassigned_point,node/9993453122,no,39.601396,-9.0681478,EDP,yes,24/7,Mobi.E,,,,,+351 800 222 222,https://www.mobie.pt/,0,0,0,0,0,0,0,0,0,0,0,0,2,32,22 kW,400,0,0,0,0,0,0,0,0
NZR-00014,unassigned_point,node/10075757637,no,39.6080476,-9.0650665,EDP,yes,24/7,Mobi.E,,,,,+351 800 222 222,https://www.mobie.pt/,0,0,0,0,0,0,0,0,0,0,0,0,2,32,22 kW,400,0,0,0,0,0,0,0,0
NZR-00015,unassigned_point,node/9900423938,no,39.597187,-9.0690667,EDP,yes,24/7,Mobi.E,,,,,+351 800 222 222,https://www.mobie.pt/,1,120,50 kW,500,0,0,0,0,0,0,0,0,0,0,0,0,1,63,43 kW,400,1,125,50 kW,500
NZR-00016,unassigned_point,node/9900423940,no,39.6062931,-9.07394,EDP,yes,24/7,Mobi.E,,,,,+351 800 222 222,https://www.mobie.pt/,1,120,50 kW,500,0,0,0,0,0,0,0,0,0,0,0,0,1,63,43 kW,400,1,125,50 kW,500
NZR-00017,unassigned_point,node/9900423937,no,39.5922432,-9.0729455,EDP,yes,24/7,Mobi.E,,,,,+351 800 222 222,https://www.mobie.pt/,1,120,50 kW,500,0,0,0,0,0,0,0,0,0,0,0,0,1,32,22 kW,400,1,125,50 kW,500
NZR-00018,unassigned_point,node/9900423939,no,39.602626,-9.0690327,EDP,yes,24/7,Mobi.E,,,,,+351 800 222 222,https://www.mobie.pt/,1,120,50 kW,500,0,0,0,0,0,0,0,0,0,0,0,0,1,63,43 kW,400,1,125,50 kW,500
NZR-00019,unassigned_point,node/9897893307,no,39.6138964,-9.0614896,EDP,yes,24/7,Mobi.E,,,,,+351 800 222 222,https://www.mobie.pt,1,125,50 kW,500,0,0,0,0,0,0,0,0,1,32,22 kW,400,0,0,0,0,1,200,90 kW,1000
NZR-00025,unassigned_point,node/11333727919,no,39.6081641,-9.0657457,Powerdot,yes,24/7,Mobi.E,,,,,+351 800 180 292,https://www.mobie.pt/,0,0,0,0,0,0,0,0,0,0,0,0,1,32,22 kW,400,0,0,0,0,2,200,150 kW,1000
NZR-00027,unassigned_point,node/11061461312,no,39.5353149,-9.0820808,Atlante,yes,24/7,Mobi.E,,,,,+351 800 296 929;+351 234 246 050,https://www.mobie.pt/,0,0,0,0,0,0,0,0,0,0,0,0,2,32,22 kW,400,0,0,0,0,0,0,0,0
NZR-00028,unassigned_point,node/11332057547,no,39.6049919,-9.0669258,Atlante,yes,24/7,Mobi.E,,,,,+351 800 296 929;+351 234 246 050,https://www.mobie.pt,1,75,30 kW,500,0,0,0,0,0,0,0,0,0,0,0,0,0,0,0,0,1,75,30 kW,500
NZR-00031,unassigned_point,node/11061461309,no,39.5968466,-9.07144,Atlante,yes,24/7,Mobi.E,,,,,+351 800 296 929;+351 234 246 050,https://www.mobie.pt/,0,0,0,0,0,0,0,0,0,0,0,0,2,32,22 kW,400,0,0,0,0,0,0,0,0
NZR-00034,unassigned_point,node/11061461310,no,39.6101491,-9.0620152,Atlante,yes,24/7,Mobi.E,,,,,+351 800 296 929;+351 234 246 050,https://www.mobie.pt/,0,0,0,0,0,0,0,0,0,0,0,0,2,32,22 kW,400,0,0,0,0,0,0,0,0
NZR-00036,unassigned_point,node/12175784998,no,39.6077791,-9.0663988,EDP,yes,24/7,Mobi.E,,,,,+351 800 222 222,https://www.mobie.pt/,1,125,60 kW,500,0,0,0,0,0,0,0,0,0,0,0,0,0,0,0,0,1,300,120 kW,1000
NZR-00038,unassigned_point,node/12074159876,no,39.6125339,-9.0633553,Galp Power,yes,24/7,Mobi.E,,,,,+351 800 249 249,https://www.mobie.pt/,1,120,50 kW,500,0,0,0,0,0,0,0,0,0,0,0,0,1,32,22 kW,400,1,125,50 kW,500
NZR-00045,unassigned_point,node/10891755088,no,39.595507,-9.072263,Atlante,yes,24/7,Mobi.E,,,,,+351 800 296 929;+351 234 246 050,https://www.mobie.pt/,1,125,50 kW,500,0,0,0,0,0,0,0,0,1,32,22 kW,400,0,0,0,0,1,250,85 kW,1000
NZR-90001,unassigned_point,node/8283845810,no,39.5981693,-9.0700782,Galp Power,yes,24/7,Mobi.E,,,,,+351 800 249 249,https://www.mobie.pt,0,0,0,0,0,0,0,0,0,0,0,0,2,32,22 kW,400,0,0,0,0,0,0,0,0
OAZ-00006,unassigned_point,node/11435879607,no,40.8342194,-8.4806807,EDP,yes,24/7,Mobi.E,,,,,+351 800 222 222,https://www.mobie.pt/,1,125,50 kW,500,0,0,0,0,0,0,0,0,0,0,0,0,0,0,0,0,1,200,120 kW,1000
OAZ-00008,unassigned_point,node/11805769225,no,40.8836714,-8.4516306,Repsol,yes,24/7,Mobi.E,,,,,+351 800 226 624,https://www.mobie.pt/,1,125,50 kW,500,0,0,0,0,0,0,0,0,0,0,0,0,1,32,22 kW,400,1,150,60 kW,1000
OAZ-00011,unassigned_point,node/12059941750,no,40.8396556,-8.4802845,Iberdrola,yes,09:00-21:30,Mobi.E,,,,,+351 800 607 717,https://www.mobie.pt/,0,0,0,0,0,0,0,0,0,0,0,0,2,32,22 kW,400,0,0,0,0,0,0,0,0
OAZ-00014,unassigned_point,node/12616817692,no,40.9180931,-8.424039,EDP,yes,24/7,Mobi.E,,,,,+351 800 222 222,https://www.mobie.pt,0,0,0,0,0,0,0,0,0,0,0,0,1,32,22 kW,400,0,0,0,0,2,200,60 kW,1000
OAZ-00016,unassigned_point,node/12851850716,no,40.8838832,-8.4147253,Helexia II,yes,24/7,Mobi.E,,,,,+351 210 181 157,https://www.mobie.pt/,1,120,50 kW,500,0,0,0,0,0,0,0,0,0,0,0,0,1,63,43 kW,400,1,140,50 kW,500
OAZ-00017,unassigned_point,node/5349380815,no,40.8319797,-8.4852973,Helexia II,yes,24/7,Mobi.E,,,,,+351 210 181 157,https://www.mobie.pt/,1,125,50 kW,500,0,0,0,0,0,0,0,0,0,0,0,0,1,63,43 kW,400,1,140,50 kW,500
OAZ-00021,unassigned_point,node/12856242807,no,40.8529206,-8.4787574,Repsol,yes,24/7,Mobi.E,,,,,+351 800 226 624,https://www.mobie.pt/,0,0,0,0,0,0,0,0,0,0,0,0,0,0,0,0,0,0,0,0,2,200,120 kW,1000
OAZ-00022,unassigned_point,node/12197675020,no,40.852486,-8.4780044,Galp Power,yes,24/7,Mobi.E,,,,,+351 800 249 249,https://www.mobie.pt/,1,120,50 kW,500,0,0,0,0,0,0,0,0,0,0,0,0,1,32,22 kW,400,1,125,50 kW,500
OAZ-00024,unassigned_point,node/13072755880,no,40.8790517,-8.4707647,Helexia II,yes,24/7,Mobi.E,,,,,+351 210 181 157,https://www.mobie.pt/,1,125,50 kW,500,0,0,0,0,0,0,0,0,0,0,0,0,1,63,43 kW,400,1,140,50 kW,500
OAZ-00025,unassigned_point,node/12714647372,no,40.837411,-8.474025,EDP,yes,08:00-23:00,Mobi.E,,,,,+351 800 222 222,https://www.mobie.pt,0,0,0,0,0,0,0,0,0,0,0,0,1,32,22 kW,400,0,0,0,0,2,300,120 kW,1000
OBD-00006,unassigned_point,node/8155590565,no,39.3791326,-9.1442814,EDP,yes,24/7,Mobi.E,Parque Tecnológico de Óbidos,Óbidos,,,+351 800 222 222,https://www.mobie.pt,1,120,50 kW,500,0,0,0,0,0,0,0,0,0,0,0,0,1,63,43 kW,400,1,125,50 kW,500
OBD-00007,unassigned_point,node/9554967234,no,39.4067575,-9.2429861,Veimonte,yes,24/7,Mobi.E,,,,,+351 266 896 443,https://www.mobie.pt/,0,0,0,0,0,0,0,0,0,0,0,0,2,32,22 kW,400,0,0,0,0,0,0,0,0
OBD-00019,unassigned_point,node/12319493233,no,39.3866936,-9.1502631,Prio.E,yes,24/7,Mobi.E,,,,,+351 800 100 303,https://www.mobie.pt/,0,0,0,0,0,0,0,0,0,0,0,0,0,0,0,0,0,0,0,0,2,400,150 kW,1000
OBD-00020,unassigned_point,node/12319493232,no,39.3881801,-9.1490054,Prio.E,yes,24/7,Mobi.E,,,,,+351 800 100 303,https://www.mobie.pt/,0,0,0,0,0,0,0,0,0,0,0,0,0,0,0,0,0,0,0,0,2,400,150 kW,1000
OBD-00026,unassigned_point,node/13894077411,no,39.3525325,-9.1589227,Atlante,yes,24/7,Mobi.E,,,,,+351 800 296 929;+351 234 246 050,https://www.mobie.pt/,0,0,0,0,0,0,0,0,0,0,0,0,0,0,0,0,0,0,0,0,2,300,50 kW,1000
OBD-90005,unassigned_point,node/8280823092,no,39.3588355,-9.1568041,Powerdot,yes,24/7,Mobi.E,,,,,+351 800 180 292,https://www.mobie.pt,0,0,0,0,0,0,0,0,0,0,0,0,2,32,22 kW,400,0,0,0,0,0,0,0,0
OBR-00001,unassigned_point,node/8286205047,no,40.5134454,-8.4963611,Powerdot,yes,24/7,Mobi.E,,,,,+351 800 180 292,https://www.mobie.pt,0,0,0,0,0,0,0,0,0,0,0,0,2,32,22 kW,400,0,0,0,0,0,0,0,0
OBR-00002,unassigned_point,node/8486651154,no,40.5135869,-8.4870428,Powerdot,yes,24/7,Mobi.E,,Oliveira do Bairro,,,+351 800 180 292,https://www.mobie.pt,1,120,50 kW,500,0,0,0,0,0,0,0,0,0,0,0,0,1,63,43 kW,400,1,125,50 kW,500
OBR-00004,unassigned_point,node/11106031238,no,40.5258394,-8.5064288,EDP,yes,24/7,Mobi.E,,,,,+351 800 222 222,https://www.mobie.pt/,0,0,0,0,0,0,0,0,0,0,0,0,2,32,22 kW,400,0,0,0,0,0,0,0,0
OBR-00005,unassigned_point,node/11380474039,no,40.5070944,-8.5609972,EDP,yes,24/7,Mobi.E,,,,,+351 800 222 222,https://www.mobie.pt/,0,0,0,0,0,0,0,0,0,0,0,0,2,32,22 kW,400,0,0,0,0,0,0,0,0
OBR-00006,unassigned_point,node/10967854001,no,40.5081237,-8.4863033,Atlante,yes,24/7,Mobi.E,,,,,+351 800 296 929;+351 234 246 050,https://www.mobie.pt/,1,75,30 kW,500,0,0,0,0,0,0,0,0,0,0,0,0,1,32,22 kW,400,1,75,30 kW,500
OBR-00007,unassigned_point,node/11861937008,no,40.5266399,-8.6000565,EcoInside,yes,24/7,Mobi.E,,,,,+351 22 617 33 43,https://www.mobie.pt,0,0,0,0,0,0,0,0,0,0,0,0,0,0,0,0,1,32,22 kW,400,2,200,120 kW,1000
OBR-00010,unassigned_point,node/12841603939,no,40.555584,-8.555386,Galp Power,yes,24/7,Mobi.E,,,,,+351 800 249 249,https://www.mobie.pt,1,125,50 kW,500,0,0,0,0,0,0,0,0,0,0,0,0,1,32,22 kW,400,1,150,60 kW,500
OBR-00011,unassigned_point,node/12434457496,no,40.516261,-8.494685,Galp Power,yes,24/7,Mobi.E,,,,,+351 800 249 249,https://www.mobie.pt,1,125,50 kW,500,0,0,0,0,0,0,0,0,0,0,0,0,1,32,22 kW,400,1,150,60 kW,1000
OBR-00012,unassigned_point,node/13154272993,no,40.5064529,-8.5368387,Galp Power,yes,24/7,Mobi.E,,,,,+351 800 249 249,https://www.mobie.pt/,1,150,60 kW,500,0,0,0,0,0,0,0,0,0,0,0,0,1,32,22 kW,400,1,150,60 kW,500
OBR-00014,unassigned_point,node/12707342293,no,40.5034542,-8.6144578,Galp Power,yes,24/7,Mobi.E,,,,,+351 800 249 249,https://www.mobie.pt/,1,125,50 kW,500,0,0,0,0,0,0,0,0,0,0,0,0,1,32,22 kW,400,1,150,60 kW,500
OBR-00015,unassigned_point,node/12643859392,no,40.4980741,-8.5620299,Galp Power,yes,24/7,Mobi.E,,,,,+351 800 249 249,https://www.mobie.pt,1,125,50 kW,500,0,0,0,0,0,0,0,0,1,32,22 kW,400,0,0,0,0,1,150,60 kW,500
OBR-00016,unassigned_point,node/12643924825,no,40.507835,-8.483295,Galp Power,yes,24/7,Mobi.E,,,,,+351 800 249 249,https://www.mobie.pt,0,0,0,0,0,0,0,0,0,0,0,0,1,32,22 kW,400,0,0,0,0,2,150,60 kW,500
OBR-00017,unassigned_point,node/12132525748,no,40.5221953,-8.5035797,Galp Power,yes,24/7,Mobi.E,,,,,+351 800 249 249,https://www.mobie.pt/,1,120,50 kW,500,0,0,0,0,0,0,0,0,0,0,0,0,1,32,22 kW,400,1,125,50 kW,500
OBR-00020,unassigned_point,node/12643863473,no,40.499933,-8.5875498,Galp Power,yes,24/7,Mobi.E,,,,,+351 800 249 249,https://www.mobie.pt,0,0,0,0,0,0,0,0,0,0,0,0,0,0,0,0,0,0,0,0,2,250,90 kW,1000
OBR-00021,unassigned_point,node/13868096831,no,40.5513935,-8.5446366,Galp Power,yes,24/7,Mobi.E,,,,,+351 800 249 249,https://www.mobie.pt/,0,0,0,0,0,0,0,0,0,0,0,0,0,0,0,0,0,0,0,0,2,300,180 kW,1000
OBR-00022,unassigned_point,node/13961917167,no,40.5506188,-8.5443343,Galp Power,yes,24/7,Mobi.E,,,,,+351 800 249 249,https://www.mobie.pt/,0,0,0,0,0,0,0,0,0,0,0,0,0,0,0,0,0,0,0,0,2,300,180 kW,1000
ODM-00001,unassigned_point,node/8647618654,no,37.5985,-8.645917,EDP,yes,24/7,Mobi.E,,,,,+351 800 222 222,https://www.mobie.pt,0,0,0,0,0,0,0,0,0,0,0,0,2,32,22 kW,400,0,0,0,0,0,0,0,0
ODM-00005,unassigned_point,node/9458654673,no,37.5987643,-8.6455818,Repsol,yes,24/7,Mobi.E,,,,,+351 800 226 624,https://www.mobie.pt/,1,120,50 kW,500,0,0,0,0,0,0,0,0,0,0,0,0,1,32,22 kW,400,1,125,50 kW,500
ODM-00008,unassigned_point,node/9856705297,no,37.599544,-8.631195,Mobiletric,yes,24/7,Mobi.E,,,,,+351 800 249 249,https://www.mobie.pt/,0,0,0,0,0,0,0,0,0,0,0,0,2,32,22 kW,400,0,0,0,0,0,0,0,0
ODM-00018,unassigned_point,node/9848264280,no,37.5912515,-8.6680279,Galp Power,yes,24/7,Mobi.E,,,,,+351 800 249 249,https://www.mobie.pt/,1,120,50 kW,500,0,0,0,0,0,0,0,0,0,0,0,0,1,32,22 kW,400,1,125,50 kW,500
ODM-80003,unassigned_point,node/7593159464,no,37.7268067,-8.7817615,Atlante,yes,24/7,Mobi.E,Largo de Santa Maria,Vila Nova de Milfontes,,,+351 800 296 929;+351 234 246 050,https://www.mobie.pt,0,0,0,0,0,0,0,0,0,0,0,0,2,16,3.7 kW,230,0,0,0,0,0,0,0,0
ODM-90002,unassigned_point,node/7593143797,no,37.525097,-8.7869305,Galp Power,yes,24/7,Mobi.E,Beco do Elias,Zambujeira do Mar,,,+351 800 249 249,https://www.mobie.pt,0,0,0,0,0,0,0,0,0,0,0,0,2,16,3.7 kW,230,0,0,0,0,0,0,0,0
ODM-90004,unassigned_point,node/7593177680,no,37.7234652,-8.7852313,Galp Power,yes,24/7,Mobi.E,Avenida Marginal,Vila Nova de Milfontes,,,+351 800 249 249,https://www.mobie.pt,0,0,0,0,0,0,0,0,0,0,0,0,2,16,3.7 kW,230,0,0,0,0,0,0,0,0
ODV-00004,unassigned_point,node/8207453605,no,38.7988461,-9.1977909,Prio.E,yes,24/7,Mobi.E,Avenida das Acácias,Odivelas,,,+351 800 100 303,https://www.mobie.pt,1,120,50 kW,500,0,0,0,0,0,0,0,0,0,0,0,0,0,0,0,0,1,125,50 kW,500
ODV-00005,unassigned_point,node/8089361897,no,38.7916642,-9.2163049,EDP,yes,24/7,Mobi.E,,,,,+351 800 222 222,https://www.mobie.pt,0,0,0,0,0,0,0,0,0,0,0,0,2,32,22 kW,400,0,0,0,0,0,0,0,0
ODV-00006,unassigned_point,node/8014416758,no,38.7837426,-9.1922207,Galp Geste,yes,24/7,Mobi.E,Avenida Severiano Pedro Falcão,Odivelas,,,+351 800 249 249,https://www.mobie.pt,1,120,50 kW,500,0,0,0,0,0,0,0,0,0,0,0,0,1,63,43 kW,400,1,125,50 kW,500
ODV-00011,unassigned_point,node/9735458932,no,38.785195,-9.1792437,Repsol,yes,24/7,Mobi.E,,,,,+351 800 226 624,https://www.mobie.pt,1,80,30 kW,500,0,0,0,0,0,0,0,0,0,0,0,0,1,32,22 kW,400,1,80,30 kW,500
ODV-00012,unassigned_point,node/9517551532,no,38.8049668,-9.1580511,Repsol,yes,24/7,Mobi.E,,,,,+351 800 226 624,https://www.mobie.pt/,1,80,30 kW,500,0,0,0,0,0,0,0,0,0,0,0,0,1,32,22 kW,400,1,80,30 kW,1000
ODV-00019,unassigned_point,node/11380536705,no,38.810755,-9.2307658,Atlante,yes,24/7,Mobi.E,,,,,+351 800 296 929;+351 234 246 050,https://www.mobie.pt/,1,125,50 kW,500,0,0,0,0,0,0,0,0,0,0,0,0,1,32,22 kW,400,1,150,60 kW,500
ODV-00029,unassigned_point,node/11861840245,no,38.8065832,-9.2003576,Cepsa,yes,24/7,Mobi.E,,,,,,https://www.mobie.pt,0,0,0,0,0,0,0,0,0,0,0,0,0,0,0,0,0,0,0,0,2,500,300 kW,1000
ODV-00033,unassigned_point,node/11812512711,no,38.8104506,-9.2343967,Charging Together,yes,24/7,Mobi.E,,,,,+351 800 917 576,https://www.mobie.pt,1,200,80 kW,500,0,0,0,0,0,0,0,0,0,0,0,0,0,0,0,0,2,500,150 kW,1000
ODV-00035,unassigned_point,node/12319500198,no,38.7901736,-9.214171,Prio.E,yes,24/7,Mobi.E,,,,,+351 800 100 303,https://www.mobie.pt/,0,0,0,0,0,0,0,0,0,0,0,0,0,0,0,0,0,0,0,0,2,400,180 kW,1000
ODV-00047,unassigned_point,node/10990246058,no,38.7942609,-9.1680422,Galp Power,yes,09:00-21:00,Mobi.E,,,,,+351 800 249 249,https://www.mobie.pt/,1,120,50 kW,500,0,0,0,0,0,0,0,0,0,0,0,0,1,32,22 kW,400,1,125,50 kW,500
ODV-00048,unassigned_point,node/9457635109,no,38.7982096,-9.1772278,Galp Power,yes,24/7,Mobi.E,,,,,+351 800 249 249,https://www.mobie.pt/,1,120,50 kW,500,0,0,0,0,0,0,0,0,0,0,0,0,1,63,43 kW,400,1,125,50 kW,500
ODV-00049,unassigned_point,node/10712064750,no,38.814542,-9.2149654,Galp Power,yes,24/7,Mobi.E,,,,,+351 800 249 249,https://www.mobie.pt/,1,120,50 kW,500,0,0,0,0,0,0,0,0,0,0,0,0,1,32,22 kW,400,1,125,50 kW,500
ODV-00050,unassigned_point,node/9848304989,no,38.7962647,-9.1964198,Galp Power,yes,24/7,Mobi.E,,,,,+351 800 249 249,https://www.mobie.pt/,1,120,50 kW,500,0,0,0,0,0,0,0,0,0,0,0,0,1,32,22 kW,400,1,125,50 kW,500
ODV-00051,unassigned_point,node/13915414372,no,38.7896552,-9.1870896,Logical Gravity,yes,24/7,Mobi.E,,,,,+351 210 939 606;+351 224 801 080,https://www.mobie.pt/,0,0,0,0,0,0,0,0,0,0,0,0,2,32,22 kW,400,0,0,0,0,0,0,0,0
ODV-00054,unassigned_point,node/9141358127,no,38.814329,-9.1878668,Enable Mobility Solutions,yes,24/7,Mobi.E,Avenida Augusto Hilário,Ramada,,,,https://www.mobie.pt,0,0,0,0,0,0,0,0,0,0,0,0,0,0,0,0,0,0,0,0,2,350,150 kW,1000
ODV-00059,unassigned_point,node/8634952659,no,38.8136803,-9.18893,Atlante,yes,24/7,Mobi.E,Avenida Augusto Hilário,Ramada,,,+351 800 296 929;+351 234 246 050,https://www.mobie.pt,0,0,0,0,0,0,0,0,0,0,0,0,0,0,0,0,0,0,0,0,2,150,60 kW,500
ODV-00060,unassigned_point,node/14040315689,no,38.783985,-9.1846568,Atlante,yes,24/7,Mobi.E,,,,,+351 800 296 929;+351 234 246 050,https://atlante.energy/,0,0,0,0,0,0,0,0,0,0,0,0,0,0,0,0,0,0,0,0,2,300,100 kW,1000
ODV-00061,unassigned_point,node/14056970902,no,38.7912,-9.2140066,Atlante,yes,24/7,Mobi.E,,,,,+351 800 296 929;+351 234 246 050,https://www.mobie.pt/,0,0,0,0,0,0,0,0,0,0,0,0,0,0,0,0,0,0,0,0,2,300,100 kW,1000
ODV-90002,unassigned_point,node/8308996414,no,38.7869425,-9.1767215,Powerdot,yes,24/7,Mobi.E,,,,,+351 800 180 292,https://www.mobie.pt,0,0,0,0,0,0,0,0,0,0,0,0,2,32,22 kW,400,0,0,0,0,0,0,0,0
OER-00011,unassigned_point,node/8089397865,no,38.7274144,-9.2183761,Mobiletric,yes,24/7,Mobi.E,,,,,+351 800 249 249,https://www.mobie.pt,0,0,0,0,0,0,0,0,0,0,0,0,2,32,22 kW,400,0,0,0,0,0,0,0,0
OER-00012,unassigned_point,node/8089397866,no,38.7276352,-9.2186848,Mobiletric,yes,24/7,Mobi.E,,,,,+351 800 249 249,https://www.mobie.pt,0,0,0,0,0,0,0,0,0,0,0,0,2,32,22 kW,400,0,0,0,0,0,0,0,0
OER-00013,unassigned_point,node/8284950736,no,38.6928248,-9.3143651,Powerdot,yes,24/7,Mobi.E,,,,,+351 800 180 292,https://www.mobie.pt,0,0,0,0,0,0,0,0,0,0,0,0,2,32,22 kW,400,0,0,0,0,0,0,0,0
OER-00020,unassigned_point,node/8089397867,no,38.724172,-9.2140826,Galp Power,yes,24/7,Mobi.E,,,,,+351 800 249 249,https://www.mobie.pt,0,0,0,0,0,0,0,0,0,0,0,0,2,32,22 kW,400,0,0,0,0,0,0,0,0
OER-00031,unassigned_point,node/8223084435,no,38.6955994,-9.3080451,Mobiletric,yes,24/7,Mobi.E,Avenida Embaixador Augusto de Castro,Oeiras,,,+351 800 249 249,https://www.mobie.pt,1,120,50 kW,500,0,0,0,0,0,0,0,0,0,0,0,0,1,63,43 kW,400,1,125,50 kW,500
OER-00034,unassigned_point,node/8308931087,no,38.7512571,-9.282937,Mobiletric,yes,24/7,Mobi.E,Rua Comendador Álvaro Vilela,Barcarena,,,+351 800 249 249,https://www.mobie.pt,1,120,50 kW,500,0,0,0,0,0,0,0,0,0,0,0,0,1,63,43 kW,400,1,125,50 kW,500
OER-00035,unassigned_point,node/8220959778,no,38.7145257,-9.2303248,Mobiletric,yes,24/7,Mobi.E,Avenida José Gomes Ferreira,Linda-a-Velha,,,+351 800 249 249,https://www.mobie.pt,1,120,50 kW,500,0,0,0,0,0,0,0,0,0,0,0,0,1,63,43 kW,400,1,125,50 kW,500
OER-00036,unassigned_point,node/8222780284,no,38.7416913,-9.2850712,Mobiletric,yes,24/7,Mobi.E,Estrada do Cacém,Barcarena,,,+351 800 249 249,https://www.mobie.pt,1,120,50 kW,500,0,0,0,0,0,0,0,0,0,0,0,0,1,63,43 kW,400,1,125,50 kW,500
OER-00037,unassigned_point,node/8223050757,no,38.6908438,-9.3015558,Mobiletric,yes,24/7,Mobi.E,Avenida Engenheiro Bonneville Franco,Oeiras,,,+351 800 249 249,https://www.mobie.pt,1,120,50 kW,500,0,0,0,0,0,0,0,0,0,0,0,0,0,0,0,0,1,350,160 kW,1000
OER-00038,unassigned_point,node/8221002951,no,38.7145068,-9.2332403,Mobiletric,yes,24/7,Mobi.E,Alameda António Sérgio,Linda-a-Velha,,,+351 800 249 249,https://www.mobie.pt,1,120,50 kW,500,0,0,0,0,0,0,0,0,0,0,0,0,0,0,0,0,1,350,160 kW,1000
OER-00043,unassigned_point,node/8379408004,no,38.7419719,-9.3067174,Helexia II,yes,24/7,Mobi.E,,,,,+351 210 181 157,https://www.mobie.pt,0,0,0,0,0,0,0,0,0,0,0,0,2,32,22 kW,400,0,0,0,0,0,0,0,0
OER-00045,unassigned_point,node/8221042528,no,38.7127417,-9.242154,Mobiletric,yes,24/7,Mobi.E,Largo do Mercado,Linda-a-Velha,,,+351 800 249 249,https://www.mobie.pt,1,120,50 kW,500,0,0,0,0,0,0,0,0,0,0,0,0,1,32,22 kW,400,1,125,50 kW,500
OER-00056,unassigned_point,node/8390580724,no,38.7434117,-9.3063707,Helexia II,yes,24/7,Mobi.E,,Porto Salvo,,,+351 210 181 157,https://www.mobie.pt,1,120,50 kW,500,0,0,0,0,0,0,0,0,0,0,0,0,1,63,43 kW,400,1,125,50 kW,500
OER-00057,unassigned_point,node/8223126563,no,38.6920752,-9.3272876,Mobiletric,yes,24/7,Mobi.E,Rua da Quinta das Palmeiras,Oeiras,,,+351 800 249 249,https://www.mobie.pt,1,120,50 kW,500,0,0,0,0,0,0,0,0,0,0,0,0,0,0,0,0,1,350,160 kW,1000
OER-00058,unassigned_point,node/8222805987,no,38.7413266,-9.3057491,Mobiletric,yes,24/7,Mobi.E,Avenida Professor Doutor Cavaco Silva,Porto Salvo,,,+351 800 249 249,https://www.mobie.pt,1,120,50 kW,500,0,0,0,0,0,0,0,0,0,0,0,0,1,63,43 kW,400,1,125,50 kW,500
OER-00059,unassigned_point,node/8222872161,no,38.7123262,-9.2988701,Mobiletric,yes,24/7,Mobi.E,,Paço de Arcos,,,+351 800 249 249,https://www.mobie.pt,1,120,50 kW,500,0,0,0,0,0,0,0,0,0,0,0,0,1,63,43 kW,400,1,125,50 kW,500
OER-00062,unassigned_point,node/8220947976,no,38.713968,-9.2252762,Mobiletric,yes,24/7,Mobi.E,Alameda Fernão Lopes,Algés,,,+351 800 249 249,https://www.mobie.pt,1,120,50 kW,500,0,0,0,0,0,0,0,0,0,0,0,0,1,63,43 kW,400,1,125,50 kW,500
OER-00063,unassigned_point,node/8486759711,no,38.714765,-9.225692,Powerdot,yes,24/7,Mobi.E,,,,,+351 800 180 292,https://www.mobie.pt,0,0,0,0,0,0,0,0,0,0,0,0,2,32,7.4 kW,230,0,0,0,0,0,0,0,0
OER-00066,unassigned_point,node/8385478021,no,38.6871842,-9.3120134,Mobiletric,yes,24/7,Mobi.E,Avenida do Brasil,,,,+351 800 249 249,https://www.mobie.pt,1,120,50 kW,500,0,0,0,0,0,0,0,0,0,0,0,0,1,63,43 kW,400,1,125,50 kW,500
OER-00068,unassigned_point,node/8223005911,no,38.700725,-9.3051099,Galp Power,yes,24/7,Mobi.E,Rua do Coro de Santo Amaro de Oeiras,Oeiras,,,+351 800 249 249,https://www.mobie.pt,1,120,50 kW,500,0,0,0,0,0,0,0,0,0,0,0,0,1,63,43 kW,400,1,125,50 kW,500
OER-00069,unassigned_point,node/8220935973,no,38.7153299,-9.2262049,Galp Power,yes,24/7,Mobi.E,Rua António Loureiro Borges,Miraflores,,,+351 800 249 249,https://www.mobie.pt,1,120,50 kW,500,0,0,0,0,0,0,0,0,0,0,0,0,1,63,43 kW,400,1,125,50 kW,500
OER-00070,unassigned_point,node/8222828681,no,38.7219642,-9.3030247,Galp Power,yes,24/7,Mobi.E,Rua Carlos Carneiro,Porto Salvo,,,+351 800 249 249,https://www.mobie.pt,1,120,50 kW,500,0,0,0,0,0,0,0,0,0,0,0,0,1,63,43 kW,400,1,125,50 kW,500
OER-00071,unassigned_point,node/8223097866,no,38.6954239,-9.3024964,Galp Power,yes,24/7,Mobi.E,Praceta de Manica,Oeiras,,,+351 800 249 249,https://www.mobie.pt,1,120,50 kW,500,0,0,0,0,0,0,0,0,0,0,0,0,1,63,43 kW,400,1,125,50 kW,500
OER-00073,unassigned_point,node/8234878471,no,38.7174111,-9.2381829,Galp Power,yes,24/7,Mobi.E,Rua Alexandre Herculano,Linda-a-Velha,,,+351 800 249 249,https://www.mobie.pt,1,120,50 kW,500,0,0,0,0,0,0,0,0,0,0,0,0,1,63,43 kW,400,1,125,50 kW,500
OER-00074,unassigned_point,node/8222975139,no,38.696784,-9.2933672,Galp Power,yes,24/7,Mobi.E,Rua Luciano Cordeiro,Paço de Arcos,,,+351 800 249 249,https://www.mobie.pt,1,120,50 kW,500,0,0,0,0,0,0,0,0,0,0,0,0,1,32,22 kW,400,1,125,50 kW,500
OER-00075,unassigned_point,node/8223157567,no,38.676297,-9.3206799,Galp Power,yes,24/7,Mobi.E,,Oeiras,,,+351 800 249 249,https://www.mobie.pt,1,120,50 kW,500,0,0,0,0,0,0,0,0,0,0,0,0,1,63,43 kW,400,1,125,50 kW,500
OER-00076,unassigned_point,node/8223130947,no,38.6766952,-9.3233752,Galp Power,yes,24/7,Mobi.E,,Oeiras,,,+351 800 249 249,https://www.mobie.pt,1,120,50 kW,500,0,0,0,0,0,0,0,0,0,0,0,0,1,63,43 kW,400,1,125,50 kW,500
OER-00077,unassigned_point,node/8234886183,no,38.6879583,-9.3176763,Galp Power,yes,24/7,Mobi.E,Avenida Infante Dom Henrique,Oeiras,,,+351 800 249 249,https://www.mobie.pt,1,120,50 kW,500,0,0,0,0,0,0,0,0,0,0,0,0,1,32,22 kW,400,1,125,50 kW,500
OER-00078,unassigned_point,node/8222780285,no,38.7316172,-9.2781894,Galp Power,yes,24/7,Mobi.E,Largo 5 de Outubro,Barcarena,,,+351 800 249 249,https://www.mobie.pt,1,120,50 kW,500,0,0,0,0,0,0,0,0,0,0,0,0,1,63,43 kW,400,1,125,50 kW,500
OER-00080,unassigned_point,node/8222759971,no,38.701691,-9.2756784,Galp Power,yes,24/7,Mobi.E,Rua Doutor Manuel Rodrigues,Oeiras,,,+351 800 249 249,https://www.mobie.pt,1,120,50 kW,500,0,0,0,0,0,0,0,0,0,0,0,0,1,32,22 kW,400,1,125,50 kW,500
OER-00085,unassigned_point,node/8222924827,no,38.7018159,-9.2939088,Galp Power,yes,24/7,Mobi.E,Rua José Pedro da Silva,Oeiras,,,+351 800 249 249,https://www.mobie.pt,1,120,50 kW,500,0,0,0,0,0,0,0,0,0,0,0,0,0,0,0,0,1,350,160 kW,1000
OER-00086,unassigned_point,node/8223008113,no,38.7026263,-9.3060588,Galp Power,yes,24/7,Mobi.E,Rua Doutor José da Cunha,Oeiras,,,+351 800 249 249,https://www.mobie.pt,1,120,50 kW,500,0,0,0,0,0,0,0,0,0,0,0,0,0,0,0,0,1,350,160 kW,1000
OER-00088,unassigned_point,node/8385455670,no,38.7358932,-9.300846,Mobiletric,yes,24/7,Mobi.E,,Porto Salvo,,,+351 800 249 249,https://www.mobie.pt,1,200,80 kW,500,0,0,0,0,0,0,0,0,0,0,0,0,0,0,0,0,1,200,180 kW,1000
OER-00090,unassigned_point,node/3697287975,no,38.7132617,-9.2855607,Galp Power,yes,24/7,Mobi.E,Area de Serviço de Oeiras,Oeiras,,,+351 800 249 249,https://www.mobie.pt,1,120,50 kW,500,0,0,0,0,0,0,0,0,0,0,0,0,1,63,43 kW,400,1,125,50 kW,500
OER-00099,unassigned_point,node/8385464249,no,38.7263169,-9.2430559,Mobiletric,yes,24/7,Mobi.E,,Carnaxide,,,+351 800 249 249,https://www.mobie.pt,0,0,0,0,0,0,0,0,0,0,0,0,0,0,0,0,0,0,0,0,2,200,120 kW,1000
OER-00118,unassigned_point,node/9561133783,no,38.708606,-9.224587,Repsol,yes,24/7,Mobi.E,,,,,+351 800 226 624,https://www.mobie.pt,1,80,30 kW,500,0,0,0,0,0,0,0,0,0,0,0,0,1,32,22 kW,400,1,80,30 kW,1000
OER-00120,unassigned_point,node/9731247071,no,38.7147982,-9.2993746,Galp Power,yes,24/7,Mobi.E,,,,,+351 800 249 249,https://www.mobie.pt/,0,0,0,0,0,0,0,0,0,0,0,0,2,32,22 kW,400,0,0,0,0,0,0,0,0
OER-00127,unassigned_point,node/10013162987,no,38.7096885,-9.2885676,Powerdot,yes,24/7,Mobi.E,,,,,+351 800 180 292,https://www.mobie.pt/,1,125,50 kW,500,0,0,0,0,0,0,0,0,1,32,22 kW,400,0,0,0,0,1,200,120 kW,1000
OER-00128,unassigned_point,node/9902496782,no,38.7121672,-9.3109274,Galp Power,yes,24/7,Mobi.E,,,,,+351 800 249 249,https://www.mobie.pt/,0,0,0,0,0,0,0,0,0,0,0,0,2,32,22 kW,400,0,0,0,0,0,0,0,0
OER-00129,unassigned_point,node/9880452422,no,38.7511636,-9.3069776,EDP,yes,24/7,Mobi.E,,,,,+351 800 222 222,https://www.mobie.pt,1,125,50 kW,500,0,0,0,0,0,0,0,0,1,32,22 kW,400,0,0,0,0,1,200,90 kW,1000
OER-00131,unassigned_point,node/9932668650,no,38.7132525,-9.3106035,Galp Power,yes,24/7,Mobi.E,,,,,+351 800 249 249,https://www.mobie.pt/,0,0,0,0,0,0,0,0,0,0,0,0,0,0,0,0,0,0,0,0,2,125,60 kW,1000
OER-00136,unassigned_point,node/10157924959,no,38.7046878,-9.2945614,EDP,yes,08:00-24:00,Mobi.E,,,,,+351 800 222 222,https://www.mobie.pt,0,0,0,0,0,0,0,0,0,0,0,0,1,32,22 kW,400,0,0,0,0,2,200,120 kW,1000
OER-00139,unassigned_point,node/10599985315,no,38.7289168,-9.2375441,Powerdot,yes,24/7,Mobi.E,,,,,+351 800 180 292,https://www.mobie.pt/,1,125,50 kW,500,0,0,0,0,0,0,0,0,1,32,22 kW,400,0,0,0,0,1,210,90 kW,1000
OER-00153,unassigned_point,node/9238885738,no,38.6942202,-9.2927096,GreenCharge,yes,24/7,Mobi.E,,,,,+351 800 210 432,https://www.mobie.pt/,0,0,0,0,0,0,0,0,0,0,0,0,1,32,22 kW,400,0,0,0,0,0,0,0,0
OER-00154,unassigned_point,node/8294833213,no,38.7258633,-9.2420152,GreenCharge,yes,24/7,Mobi.E,,,,,+351 800 210 432,https://www.mobie.pt,0,0,0,0,0,0,0,0,0,0,0,0,1,32,22 kW,400,0,0,0,0,0,0,0,0
OER-00158,unassigned_point,node/9261898434,no,38.688424,-9.3173618,GreenCharge,yes,24/7,Mobi.E,,,,,+351 800 210 432,https://www.mobie.pt/,0,0,0,0,0,0,0,0,0,0,0,0,1,32,22 kW,400,0,0,0,0,0,0,0,0
OER-00161,unassigned_point,node/8242649494,no,38.7017902,-9.2755783,GreenCharge,yes,24/7,Mobi.E,,,,,+351 800 210 432,,0,0,0,0,0,0,0,0,0,0,0,0,1,32,22 kW,400,0,0,0,0,0,0,0,0
OER-00163,unassigned_point,node/9238885739,no,38.7014646,-9.3021858,GreenCharge,yes,24/7,Mobi.E,,,,,+351 800 210 432,https://www.mobie.pt/,0,0,0,0,0,0,0,0,0,0,0,0,1,32,22 kW,400,0,0,0,0,0,0,0,0
OER-00165,unassigned_point,node/9238885737,no,38.7000378,-9.2298749,GreenCharge,yes,24/7,Mobi.E,,,,,+351 800 210 432,https://www.mobie.pt/,0,0,0,0,0,0,0,0,0,0,0,0,1,32,22 kW,400,0,0,0,0,0,0,0,0
OER-00169,unassigned_point,node/10830538308,no,38.6839783,-9.3164136,Galp Power,yes,24/7,Mobi.E,,,,,+351 800 249 249,https://www.mobie.pt/,0,0,0,0,0,0,0,0,0,0,0,0,0,0,0,0,0,0,0,0,2,195,180 kW,1000
OER-00170,unassigned_point,node/10830538309,no,38.700745,-9.2279442,Galp Power,yes,24/7,Mobi.E,,,,,+351 800 249 249,https://www.mobie.pt/,0,0,0,0,0,0,0,0,0,0,0,0,0,0,0,0,0,0,0,0,2,195,180 kW,1000
OER-00171,unassigned_point,node/8385485018,no,38.6850904,-9.3136434,Galp Power,yes,24/7,Mobi.E,,Oeiras,,,+351 800 249 249,https://www.mobie.pt,0,0,0,0,0,0,0,0,0,0,0,0,0,0,0,0,0,0,0,0,2,190,180 kW,1000
OER-00174,unassigned_point,node/10998269607,no,38.7026454,-9.3043137,Galp Power,yes,24/7,Mobi.E,,,,,+351 800 249 249,https://www.mobie.pt/,0,0,0,0,0,0,0,0,0,0,0,0,0,0,0,0,0,0,0,0,2,190,180 kW,1000
OER-00186,unassigned_point,node/9261898436,no,38.6766956,-9.3218776,GreenCharge,yes,24/7,Mobi.E,,,,,+351 800 210 432,https://www.mobie.pt/,0,0,0,0,0,0,0,0,0,0,0,0,1,32,22 kW,400,0,0,0,0,0,0,0,0
OER-00187,unassigned_point,node/10300355541,no,38.7475203,-9.2832501,Atlante,yes,24/7,Mobi.E,,,,,+351 800 296 929;+351 234 246 050,https://www.mobie.pt/,1,120,50 kW,500,0,0,0,0,0,0,0,0,0,0,0,0,1,32,22 kW,400,1,125,50 kW,500
OER-00188,unassigned_point,node/10760048720,no,38.6999529,-9.2292549,Atlante,yes,08:00-22:00,Mobi.E,,,,,+351 800 296 929;+351 234 246 050,https://www.mobie.pt/,1,120,50 kW,500,0,0,0,0,0,0,0,0,0,0,0,0,1,32,22 kW,400,1,125,50 kW,500
OER-00189,unassigned_point,node/11386032325,no,38.7192584,-9.2595047,Atlante,yes,24/7,Mobi.E,,,,,+351 800 296 929;+351 234 246 050,https://www.mobie.pt/,1,125,50 kW,500,0,0,0,0,0,0,0,0,0,0,0,0,0,0,0,0,1,150,60 kW,500
OER-00191,unassigned_point,node/8222811020,no,38.7389738,-9.3045129,Atlante,yes,24/7,Mobi.E,Praça Central do Tagus Park,Oeiras,,,+351 800 296 929;+351 234 246 050,https://www.mobie.pt,1,120,50 kW,500,0,0,0,0,0,0,0,0,0,0,0,0,1,63,43 kW,400,1,125,50 kW,500
OER-00192,unassigned_point,node/10300355540,no,38.718376,-9.229467,Atlante,yes,08:00-21:00,Mobi.E,,,,,+351 800 296 929;+351 234 246 050,https://www.mobie.pt/,1,120,50 kW,500,0,0,0,0,0,0,0,0,0,0,0,0,1,32,22 kW,400,1,150,60 kW,500
OER-00219,unassigned_point,node/11548088251,no,38.7001251,-9.3063898,Galp Power,yes,24/7,Mobi.E,,,,,+351 800 249 249,https://www.mobie.pt/,0,0,0,0,0,0,0,0,0,0,0,0,0,0,0,0,0,0,0,0,2,190,180 kW,1000
OER-00222,unassigned_point,node/10297334788,no,38.7507386,-9.3044973,Charging Together,yes,24/7,Mobi.E,,,,,+351 800 917 576,https://www.mobie.pt/,1,200,80 kW,500,0,0,0,0,0,0,0,0,0,0,0,0,0,0,0,0,2,500,150 kW,1000
OER-00223,unassigned_point,node/11802659862,no,38.7010463,-9.3052447,EDP,yes,24/7,Mobi.E,,,,,+351 800 222 222,https://www.mobie.pt/,1,125,50 kW,500,0,0,0,0,0,0,0,0,0,0,0,0,0,0,0,0,1,300,120 kW,1000
OER-00231,unassigned_point,node/10760011358,no,38.715734,-9.263733,Galp Power,yes,24/7,Mobi.E,,,,,+351 800 249 249,https://www.mobie.pt/,0,0,0,0,0,0,0,0,0,0,0,0,0,0,0,0,0,0,0,0,2,250,120 kW,1000
OER-00237,unassigned_point,node/12259404455,no,38.721442,-9.2161298,EDP,yes,09:00-20:00,Mobi.E,,,,,+351 800 222 222,https://www.mobie.pt/,0,0,0,0,0,0,0,0,0,0,0,0,2,32,22 kW,400,0,0,0,0,0,0,0,0
OER-00238,unassigned_point,node/8308930719,no,38.7440383,-9.2671663,GreenCharge,yes,24/7,Mobi.E,,,,,+351 800 210 432,,0,0,0,0,0,0,0,0,0,0,0,0,1,32,22 kW,400,0,0,0,0,0,0,0,0
OER-00243,unassigned_point,node/12957677178,no,38.7223397,-9.2181918,EDP,yes,24/7,Mobi.E,,,,,+351 800 222 222,https://www.mobie.pt/,0,0,0,0,0,0,0,0,0,0,0,0,0,0,0,0,0,0,0,0,2,200,120 kW,1000
OER-00254,unassigned_point,node/10110145672,no,38.7065212,-9.2387126,Galp Power,yes,24/7,Mobi.E,,,,,+351 800 249 249,https://www.mobie.pt/,1,120,50 kW,500,0,0,0,0,0,0,0,0,0,0,0,0,1,32,22 kW,400,1,125,50 kW,500
OER-00256,unassigned_point,node/9848183328,no,38.7158548,-9.2392677,Galp Power,yes,07:30-21:30,Mobi.E,,,,,+351 800 249 249,https://www.mobie.pt/,1,120,50 kW,500,0,0,0,0,0,0,0,0,0,0,0,0,1,32,22 kW,400,1,125,50 kW,500
OER-00258,unassigned_point,node/12931760977,no,38.7258231,-9.2224007,EDP,yes,24/7,Mobi.E,,,,,+351 800 222 222,https://www.mobie.pt/,0,0,0,0,0,0,0,0,0,0,0,0,2,32,22 kW,400,0,0,0,0,0,0,0,0
OER-00259,unassigned_point,node/13035479430,no,38.7426328,-9.3035426,Galp Power,yes,24/7,Mobi.E,,,,,,https://www.mobie.pt/,0,0,0,0,0,0,0,0,0,0,0,0,0,0,0,0,0,0,0,0,2,300,120 kW,1000
OER-00271,unassigned_point,node/8308903232,no,38.7046049,-9.304229,Helexia II,yes,09:00-21:00,Mobi.E,,,,,+351 210 181 157,https://www.mobie.pt/,0,0,0,0,0,0,0,0,0,0,0,0,2,32,22 kW,400,0,0,0,0,0,0,0,0
OER-00274,unassigned_point,node/8221001002,no,38.7163546,-9.2405145,Galp Geste,yes,24/7,Mobi.E,Avenida 25 de Abril de 1974,Linda-a-Velha,,,+351 800 249 249,https://www.mobie.pt,0,0,0,0,0,0,0,0,0,0,0,0,0,0,0,0,0,0,0,0,2,300,90 kW,1000
OER-00279,unassigned_point,node/13893902517,no,38.7325919,-9.2799346,Repsol,yes,24/7,Mobi.E,,,,,+351 800 226 624,https://www.mobie.pt/,1,125,50 kW,500,0,0,0,0,0,0,0,0,0,0,0,0,0,0,0,0,1,200,90 kW,1000
OER-00280,unassigned_point,node/8207701819,no,38.6988559,-9.2303811,Galp Power,yes,24/7,Mobi.E,Praça 25 de Abril de 1974,Algés,,,+351 800 249 249,https://www.mobie.pt,0,0,0,0,0,0,0,0,0,0,0,0,0,0,0,0,0,0,0,0,2,300,180 kW,1000
OER-00281,unassigned_point,node/8222759972,no,38.7189138,-9.262964,Galp Power,yes,24/7,Mobi.E,Rua João XXI,Queijas,,,+351 800 249 249,https://www.mobie.pt,0,0,0,0,0,0,0,0,0,0,0,0,0,0,0,0,0,0,0,0,2,300,180 kW,1000
OER-00282,unassigned_point,node/8221024155,no,38.7157924,-9.240303,Galp Power,yes,24/7,Mobi.E,Avenida 25 de Abril de 1974,Linda-a-Velha,,,+351 800 249 249,https://www.mobie.pt,0,0,0,0,0,0,0,0,0,0,0,0,0,0,0,0,0,0,0,0,2,300,180 kW,1000
OER-00283,unassigned_point,node/8220947977,no,38.7119283,-9.2254409,Galp Power,yes,24/7,Mobi.E,Avenida General Norton de Matos,Algés,,,+351 800 249 249,https://www.mobie.pt,0,0,0,0,0,0,0,0,0,0,0,0,0,0,0,0,0,0,0,0,2,300,180 kW,1000
OER-00284,unassigned_point,node/11210903326,no,38.7149449,-9.2406859,Atlante,yes,24/7,Mobi.E,,,,,+351 800 296 929;+351 234 246 050,https://www.mobie.pt/,0,0,0,0,0,0,0,0,0,0,0,0,0,0,0,0,0,0,0,0,2,150,60 kW,500
OER-00295,unassigned_point,node/8207755912,no,38.6999998,-9.2314258,Mobiletric,yes,24/7,Mobi.E,Rua Parque Anjos,Algés,,,+351 800 249 249,https://www.mobie.pt,0,0,0,0,0,0,0,0,0,0,0,0,0,0,0,0,0,0,0,0,2,300,180 kW,1000
OFR-00003,unassigned_point,node/11404287211,no,40.7192503,-8.1766002,Atlante,yes,24/7,Mobi.E,,,,,+351 800 296 929;+351 234 246 050,https://www.mobie.pt/,1,125,50 kW,500,0,0,0,0,0,0,0,0,0,0,0,0,0,0,0,0,1,150,60 kW,500
OFR-00004,unassigned_point,node/12101523360,no,40.7265399,-8.174568,True Kare,yes,24/7,Mobi.E,,,,,,https://www.mobie.pt/,0,0,0,0,0,0,0,0,0,0,0,0,2,32,22 kW,400,0,0,0,0,0,0,0,0
OFR-00005,unassigned_point,node/12101523359,no,40.728363,-8.1721687,True Kare,yes,24/7,Mobi.E,,,,,,https://www.mobie.pt/,0,0,0,0,0,0,0,0,0,0,0,0,2,32,22 kW,400,0,0,0,0,0,0,0,0
OFR-00006,unassigned_point,node/14047357457,no,40.7327518,-8.1744658,True Kare,yes,24/7,Mobi.E,,,,,,https://www.mobie.pt/,0,0,0,0,0,0,0,0,0,0,0,0,2,32,22 kW,400,0,0,0,0,0,0,0,0
OFR-00007,unassigned_point,node/12188496411,no,40.7391921,-8.1726925,True Kare,yes,24/7,Mobi.E,,,,,,https://www.mobie.pt/,0,0,0,0,0,0,0,0,0,0,0,0,2,32,22 kW,400,0,0,0,0,0,0,0,0
OFR-00008,unassigned_point,node/13137017200,no,40.7295213,-8.1755523,True Kare,yes,24/7,Mobi.E,,,,,,https://www.mobie.pt/,0,0,0,0,0,0,0,0,0,0,0,0,0,0,0,0,0,0,0,0,2,320,150 kW,1000
OFR-00009,unassigned_point,node/13234604732,no,40.720134,-8.1794213,Powerdot,yes,24/7,Mobi.E,,,,,+351 800 180 292,https://www.mobie.pt/,1,125,50 kW,500,0,0,0,0,0,0,0,0,1,32,22 kW,400,0,0,0,0,2,400,60 kW,1000
OFR-90002,unassigned_point,node/9464505384,no,40.7302043,-8.1735704,Galp Power,yes,24/7,Mobi.E,,,,,+351 800 249 249,https://www.mobie.pt/,0,0,0,0,0,0,0,0,0,0,0,0,2,32,22 kW,400,0,0,0,0,0,0,0,0
OHP-00010,unassigned_point,node/12188552513,no,40.448299,-7.8533471,EDP,yes,24/7,Mobi.E,,,,,+351 800 222 222,https://www.mobie.pt/,0,0,0,0,0,0,0,0,0,0,0,0,2,32,22 kW,400,0,0,0,0,0,0,0,0
OHP-00011,unassigned_point,node/11145894253,no,40.3603413,-7.8547419,Atlante,yes,24/7,Mobi.E,,,,,+351 800 296 929;+351 234 246 050,https://www.mobie.pt/,1,125,50 kW,500,0,0,0,0,0,0,0,0,0,0,0,0,1,32,22 kW,400,1,150,60 kW,500
OHP-00012,unassigned_point,node/11371820966,no,40.3187313,-7.8988947,EDP,yes,24/7,Mobi.E,,,,,+351 800 222 222,https://www.mobie.pt/,0,0,0,0,0,0,0,0,0,0,0,0,2,32,22 kW,400,0,0,0,0,0,0,0,0
OHP-00013,unassigned_point,node/8410129829,no,40.3610034,-7.8608633,KLC Serviços,yes,24/7,Mobi.E,,,,,+351 800 202 060,https://www.mobie.pt,0,0,0,0,0,0,0,0,0,0,0,0,2,32,22 kW,400,0,0,0,0,0,0,0,0
OHP-00019,unassigned_point,node/12132803538,no,40.358339,-7.8579795,Charging Together,yes,24/7,Mobi.E,,,,,+351 800 917 576,https://www.mobie.pt,1,200,80 kW,500,0,0,0,0,0,0,0,0,0,0,0,0,0,0,0,0,2,500,150 kW,1000
OHP-00020,unassigned_point,node/11575151579,no,40.3569648,-7.8551519,EDP,yes,24/7,Mobi.E,,,,,+351 800 222 222,https://www.mobie.pt/,0,0,0,0,0,0,0,0,0,0,0,0,2,32,22 kW,400,0,0,0,0,0,0,0,0
OHP-00022,unassigned_point,node/9848120753,no,40.3618809,-7.8564288,Galp Power,yes,24/7,Mobi.E,,,,,+351 800 249 249,https://www.mobie.pt/,1,120,50 kW,500,0,0,0,0,0,0,0,0,0,0,0,0,1,32,22 kW,400,1,125,50 kW,500
OHP-00025,unassigned_point,node/13084045296,no,40.2943586,-7.9027541,Galp Power,yes,24/7,Mobi.E,,,,,+351 800 249 249,https://www.mobie.pt,0,0,0,0,0,0,0,0,0,0,0,0,2,32,22 kW,400,0,0,0,0,0,0,0,0
OHP-00026,unassigned_point,node/13399610205,no,40.3601577,-7.8546038,Prio.E,yes,24/7,Mobi.E,,,,,+351 800 100 303,https://www.mobie.pt/,0,0,0,0,0,0,0,0,0,0,0,0,0,0,0,0,0,0,0,0,2,400,180 kW,1000
OLH-00008,unassigned_point,node/11483627284,no,37.0245472,-7.8480655,True Kare,yes,24/7,Mobi.E,,,,,,https://www.mobie.pt/,0,0,0,0,0,0,0,0,0,0,0,0,2,32,22 kW,400,0,0,0,0,0,0,0,0
OLH-00009,unassigned_point,node/11678732875,no,37.0274145,-7.8503034,True Kare,yes,24/7,Mobi.E,,,,,,https://www.mobie.pt/,0,0,0,0,0,0,0,0,0,0,0,0,2,32,22 kW,400,0,0,0,0,0,0,0,0
OLH-00010,unassigned_point,node/11678732874,no,37.0308704,-7.8473159,True Kare,yes,24/7,Mobi.E,,,,,,https://www.mobie.pt/,0,0,0,0,0,0,0,0,0,0,0,0,2,32,22 kW,400,0,0,0,0,0,0,0,0
OLH-00011,unassigned_point,node/11483627283,no,37.0312277,-7.8478007,True Kare,yes,24/7,Mobi.E,,,,,,https://www.mobie.pt/,0,0,0,0,0,0,0,0,0,0,0,0,2,32,22 kW,400,0,0,0,0,0,0,0,0
OLH-00012,unassigned_point,node/11762202551,no,37.0328735,-7.8482733,True Kare,yes,24/7,Mobi.E,,,,,,https://www.mobie.pt/,0,0,0,0,0,0,0,0,0,0,0,0,2,32,22 kW,400,0,0,0,0,0,0,0,0
OLH-00013,unassigned_point,node/11483627282,no,37.0317562,-7.8465479,True Kare,yes,24/7,Mobi.E,,,,,,https://www.mobie.pt/,0,0,0,0,0,0,0,0,0,0,0,0,2,32,22 kW,400,0,0,0,0,0,0,0,0
OLH-00014,unassigned_point,node/11410771627,no,37.0410017,-7.8510061,True Kare,yes,24/7,Mobi.E,,,,,,https://www.mobie.pt/,0,0,0,0,0,0,0,0,0,0,0,0,2,32,22 kW,400,0,0,0,0,0,0,0,0
OLH-00016,unassigned_point,node/11410771618,no,37.0269306,-7.8399202,True Kare,yes,24/7,Mobi.E,,,,,,https://www.mobie.pt/,0,0,0,0,0,0,0,0,0,0,0,0,2,32,22 kW,400,0,0,0,0,0,0,0,0
OLH-00017,unassigned_point,node/11410771626,no,37.0400908,-7.8498641,True Kare,yes,24/7,Mobi.E,,,,,,https://www.mobie.pt/,0,0,0,0,0,0,0,0,0,0,0,0,2,32,22 kW,400,0,0,0,0,0,0,0,0
OLH-00018,unassigned_point,node/11410771619,no,37.0294044,-7.8398682,True Kare,yes,24/7,Mobi.E,,,,,,https://www.mobie.pt/,0,0,0,0,0,0,0,0,0,0,0,0,2,32,22 kW,400,0,0,0,0,0,0,0,0
OLH-00019,unassigned_point,node/11548088250,no,37.0357676,-7.8369524,True Kare,yes,24/7,Mobi.E,,,,,,https://www.mobie.pt/,0,0,0,0,0,0,0,0,0,0,0,0,2,32,22 kW,400,0,0,0,0,0,0,0,0
OLH-00020,unassigned_point,node/11483627281,no,37.0289087,-7.8367263,True Kare,yes,24/7,Mobi.E,,,,,,https://www.mobie.pt/,0,0,0,0,0,0,0,0,0,0,0,0,2,32,22 kW,400,0,0,0,0,0,0,0,0
OLH-00021,unassigned_point,node/11410771623,no,37.0327516,-7.8351198,True Kare,yes,24/7,Mobi.E,,,,,,https://www.mobie.pt/,0,0,0,0,0,0,0,0,0,0,0,0,2,32,22 kW,400,0,0,0,0,0,0,0,0
OLH-00022,unassigned_point,node/11483627280,no,37.0346318,-7.8286333,True Kare,yes,24/7,Mobi.E,,,,,,https://www.mobie.pt/,0,0,0,0,0,0,0,0,0,0,0,0,2,32,22 kW,400,0,0,0,0,0,0,0,0
OLH-00023,unassigned_point,node/11410771629,no,37.0571417,-7.8699193,True Kare,yes,24/7,Mobi.E,,,,,,https://www.mobie.pt/,0,0,0,0,0,0,0,0,0,0,0,0,2,32,22 kW,400,0,0,0,0,0,0,0,0
OLH-00024,unassigned_point,node/13733634301,no,37.0362364,-7.8309278,True Kare,yes,24/7,Mobi.E,,,,,,https://www.mobie.pt/,0,0,0,0,0,0,0,0,0,0,0,0,2,32,22 kW,400,0,0,0,0,0,0,0,0
OLH-00025,unassigned_point,node/11410771622,no,37.0343273,-7.8331395,True Kare,yes,24/7,Mobi.E,,,,,,https://www.mobie.pt/,0,0,0,0,0,0,0,0,0,0,0,0,2,32,22 kW,400,0,0,0,0,0,0,0,0
OLH-00026,unassigned_point,node/11483109148,no,37.0419023,-7.8298784,True Kare,yes,24/7,Mobi.E,,,,,,https://www.mobie.pt/,0,0,0,0,0,0,0,0,0,0,0,0,2,32,22 kW,400,0,0,0,0,0,0,0,0
OLH-00027,unassigned_point,node/11483627279,no,37.0375448,-7.8346841,True Kare,yes,24/7,Mobi.E,,,,,,https://www.mobie.pt/,0,0,0,0,0,0,0,0,0,0,0,0,2,32,22 kW,400,0,0,0,0,0,0,0,0
OLH-00030,unassigned_point,node/11483114392,no,37.0822329,-7.7875466,True Kare,yes,24/7,Mobi.E,,,,,,https://www.mobie.pt/,0,0,0,0,0,0,0,0,0,0,0,0,2,32,22 kW,400,0,0,0,0,0,0,0,0
OLH-00031,unassigned_point,node/11410771625,no,37.0389168,-7.8510132,True Kare,yes,24/7,Mobi.E,,,,,,https://www.mobie.pt/,0,0,0,0,0,0,0,0,0,0,0,0,2,32,22 kW,400,0,0,0,0,0,0,0,0
OLH-00034,unassigned_point,node/11410771624,no,37.0446482,-7.8177176,True Kare,yes,24/7,Mobi.E,,,,,,https://www.mobie.pt/,0,0,0,0,0,0,0,0,0,0,0,0,2,32,22 kW,400,0,0,0,0,0,0,0,0
OLH-00035,unassigned_point,node/11920596420,no,37.0280527,-7.8484201,True Kare,yes,24/7,Mobi.E,,,,,,https://www.mobie.pt/,0,0,0,0,0,0,0,0,0,0,0,0,2,32,22 kW,400,0,0,0,0,0,0,0,0
OLH-00036,unassigned_point,node/11410771621,no,37.0324023,-7.8333047,True Kare,yes,24/7,Mobi.E,,,,,,https://www.mobie.pt/,0,0,0,0,0,0,0,0,0,0,0,0,2,32,22 kW,400,0,0,0,0,0,0,0,0
OLH-00038,unassigned_point,node/11678732873,no,37.0515404,-7.7540771,True Kare,yes,24/7,Mobi.E,,,,,,https://www.mobie.pt/,0,0,0,0,0,0,0,0,0,0,0,0,2,32,22 kW,400,0,0,0,0,0,0,0,0
OLH-00039,unassigned_point,node/11016665034,no,37.0366692,-7.8320771,Atlante,yes,24/7,Mobi.E,,,,,+351 800 296 929;+351 234 246 050,https://www.mobie.pt/,1,125,30 kW,500,0,0,0,0,0,0,0,0,0,0,0,0,1,32,22 kW,400,1,150,30 kW,500
OLH-00047,unassigned_point,node/12059982434,no,37.1246251,-7.7705115,Cepsa,yes,24/7,Mobi.E,,,,,,https://www.mobie.pt/,0,0,0,0,0,0,0,0,0,0,0,0,0,0,0,0,0,0,0,0,2,500,300 kW,1000
OLH-00048,unassigned_point,node/12059982435,no,37.1260604,-7.7711446,Cepsa,yes,24/7,Mobi.E,,,,,,https://www.mobie.pt/,0,0,0,0,0,0,0,0,0,0,0,0,0,0,0,0,0,0,0,0,2,500,300 kW,1000
OLH-00049,unassigned_point,node/13419308842,no,37.02811,-7.84588,True Kare,yes,24/7,Mobi.E,,,,,,https://www.mobie.pt/,0,0,0,0,0,0,0,0,0,0,0,0,2,32,22 kW,400,0,0,0,0,0,0,0,0
OLH-00051,unassigned_point,node/13419308841,no,37.0429,-7.8343,True Kare,yes,24/7,Mobi.E,,,,,,https://www.mobie.pt/,0,0,0,0,0,0,0,0,0,0,0,0,2,32,22 kW,400,0,0,0,0,0,0,0,0
OLH-00054,unassigned_point,node/7788236488,no,37.0298523,-7.8536274,Galp Power,yes,24/7,Mobi.E,,,,,+351 800 249 249,https://www.mobie.pt,1,120,50 kW,500,0,0,0,0,0,0,0,0,0,0,0,0,1,63,43 kW,400,1,125,50 kW,500
OLH-90001,unassigned_point,node/7159234140,no,37.034253,-7.8407642,Powerdot,yes,24/7,Mobi.E,,,,,+351 800 180 292,https://www.mobie.pt,0,0,0,0,0,0,0,0,0,0,0,0,2,32,22 kW,400,0,0,0,0,0,0,0,0
OLR-00001,unassigned_point,node/8132583833,no,39.9187491,-7.9133481,Prio.E,yes,24/7,Mobi.E,,,,,+351 800 100 303,https://www.mobie.pt,0,0,0,0,0,0,0,0,0,0,0,0,2,32,7.4 kW,230,0,0,0,0,0,0,0,0
OLR-90002,unassigned_point,node/8109672544,no,39.9519247,-7.8058291,Powerdot,yes,24/7,Mobi.E,,,,,+351 800 180 292,https://www.mobie.pt,0,0,0,0,0,0,0,0,0,0,0,0,2,32,22 kW,400,0,0,0,0,0,0,0,0
ORM-00002,unassigned_point,node/9102059507,no,39.6546848,-8.5968294,Mobiletric,yes,24/7,Mobi.E,,,,,+351 800 249 249,https://www.mobie.pt,1,120,50 kW,500,0,0,0,0,0,0,0,0,0,0,0,0,0,0,0,0,1,125,50 kW,500
ORM-00003,unassigned_point,node/9654015688,no,39.6346072,-8.6813848,EDP,yes,24/7,Mobi.E,,,,,+351 800 222 222,https://www.mobie.pt,0,0,0,0,0,0,0,0,0,0,0,0,1,32,22 kW,400,0,0,0,0,2,200,120 kW,1000
ORM-00011,unassigned_point,node/11435879609,no,39.6324836,-8.6806045,Atlante,yes,09:00-21:00,Mobi.E,,,,,+351 800 296 929;+351 234 246 050,https://www.mobie.pt/,1,125,50 kW,500,0,0,0,0,0,0,0,0,0,0,0,0,1,32,22 kW,400,1,150,60 kW,500
ORM-00013,unassigned_point,node/11992891052,no,39.654496,-8.5739078,EVCE,yes,24/7,Mobi.E,,,,,+351 800 301 303,https://www.mobie.pt/,0,0,0,0,0,0,0,0,0,0,0,0,2,16,11 kW,400,0,0,0,0,0,0,0,0
ORM-00017,unassigned_point,node/11554812782,no,39.6339285,-8.6837257,EDP,yes,24/7,Mobi.E,,,,,+351 800 222 222,https://www.mobie.pt/,1,125,50 kW,500,0,0,0,0,0,0,0,0,0,0,0,0,0,0,0,0,1,300,120 kW,1000
ORM-00018,unassigned_point,node/10760048723,no,39.6240236,-8.6627212,Atlante,yes,24/7,Mobi.E,,,,,+351 800 296 929;+351 234 246 050,https://www.mobie.pt/,1,120,50 kW,500,0,0,0,0,0,0,0,0,0,0,0,0,1,32,22 kW,400,1,125,50 kW,500
ORM-00019,unassigned_point,node/11670188435,no,39.65719,-8.58501,EDP,yes,24/7,Mobi.E,,,,,+351 800 222 222,https://www.mobie.pt/,1,125,50 kW,500,0,0,0,0,0,0,0,0,0,0,0,0,0,0,0,0,1,200,120 kW,1000
ORM-00021,unassigned_point,node/12059941749,no,39.7125496,-8.53857,EDP,yes,24/7,Mobi.E,,,,,+351 800 222 222,https://www.mobie.pt/,0,0,0,0,0,0,0,0,0,0,0,0,2,32,22 kW,400,0,0,0,0,0,0,0,0
ORM-00022,unassigned_point,node/12031863569,no,39.7134434,-8.5418744,EDP,yes,24/7,Mobi.E,,,,,+351 800 222 222,https://www.mobie.pt/,0,0,0,0,0,0,0,0,0,0,0,0,2,32,22 kW,400,0,0,0,0,0,0,0,0
ORM-00029,unassigned_point,node/12090293629,no,39.6570211,-8.5840187,Galp Power,yes,24/7,Mobi.E,,,,,+351 800 249 249,https://www.mobie.pt/,1,120,50 kW,500,0,0,0,0,0,0,0,0,0,0,0,0,1,32,22 kW,400,1,125,50 kW,500
ORM-00030,unassigned_point,node/12988039728,no,39.6311476,-8.662822,Helexia II,yes,24/7,Mobi.E,,,,,+351 210 181 157,https://www.mobie.pt/,0,0,0,0,0,0,0,0,0,0,0,0,0,0,0,0,0,0,0,0,2,250,100 kW,1000
ORM-00038,unassigned_point,node/13337028559,no,39.65678,-8.57427,Atlante,yes,08:00-21:00,Mobi.E,,,,,+351 800 296 929;+351 234 246 050,https://www.mobie.pt/,0,0,0,0,0,0,0,0,0,0,0,0,0,0,0,0,0,0,0,0,2,150,60 kW,500
ORM-00043,unassigned_point,node/9906483752,no,39.6534746,-8.5902846,Powerdot,yes,24/7,Mobi.E,,,,,+351 800 180 292,https://www.mobie.pt,0,0,0,0,0,0,0,0,0,0,0,0,1,32,22 kW,400,0,0,0,0,2,400,60 kW,1000
ORM-90001,unassigned_point,node/8109599991,no,39.6577208,-8.5772806,Galp Power,yes,24/7,Mobi.E,,,,,+351 800 249 249,https://www.mobie.pt,0,0,0,0,0,0,0,0,0,0,0,0,2,32,22 kW,400,0,0,0,0,0,0,0,0
ORQ-00002,unassigned_point,node/8207101044,no,37.6509926,-8.228619,EVCE,yes,24/7,Mobi.E,,Ourique,,,+351 800 301 303,https://www.mobie.pt,1,120,50 kW,500,0,0,0,0,0,0,0,0,0,0,0,0,0,0,0,0,1,125,50 kW,500
ORQ-00005,unassigned_point,node/10831642484,no,37.6534223,-8.2340839,Atlante,yes,24/7,Mobi.E,,,,,+351 800 296 929;+351 234 246 050,https://www.mobie.pt/,1,120,50 kW,500,0,0,0,0,0,0,0,0,0,0,0,0,1,32,22 kW,400,1,125,50 kW,500
ORQ-00006,unassigned_point,node/12188552517,no,37.6531995,-8.2334415,Charging Together,yes,24/7,Mobi.E,,,,,+351 800 917 576,https://www.mobie.pt,1,200,80 kW,500,0,0,0,0,0,0,0,0,0,0,0,0,0,0,0,0,2,500,150 kW,1000
OVR-00002,unassigned_point,node/8112842165,no,40.8606308,-8.6232591,EVCE,yes,24/7,Mobi.E,,,,,+351 800 301 303,https://www.mobie.pt,0,0,0,0,0,0,0,0,0,0,0,0,2,32,22 kW,400,0,0,0,0,0,0,0,0
OVR-00003,unassigned_point,node/8112873811,no,40.9552746,-8.6264589,EVCE,yes,24/7,Mobi.E,,,,,+351 800 301 303,https://www.mobie.pt,0,0,0,0,0,0,0,0,0,0,0,0,2,32,22 kW,400,0,0,0,0,0,0,0,0
OVR-00004,unassigned_point,node/8286501257,no,40.8604817,-8.6241737,Mobiletric,yes,Mo-Fr 09:00-19:00,Mobi.E,,,,,+351 800 249 249,https://www.mobie.pt,0,0,0,0,0,0,0,0,0,0,0,0,1,16,11 kW,400,0,0,0,0,0,0,0,0
OVR-00015,unassigned_point,node/11033968437,no,40.8646085,-8.6091037,Powerdot,yes,24/7,Mobi.E,,,,,+351 800 180 292,https://www.mobie.pt/,0,0,0,0,0,0,0,0,0,0,0,0,1,32,22 kW,400,0,0,0,0,2,125,100 kW,1000
OVR-00017,unassigned_point,node/11421521134,no,40.9533531,-8.6240381,Atlante,yes,24/7,Mobi.E,,,,,+351 800 296 929;+351 234 246 050,https://www.mobie.pt/,1,125,50 kW,500,0,0,0,0,0,0,0,0,0,0,0,0,1,32,22 kW,400,1,150,60 kW,500
OVR-00018,unassigned_point,node/11404287216,no,40.8656807,-8.6104653,Atlante,yes,24/7,Mobi.E,,,,,+351 800 296 929;+351 234 246 050,https://www.mobie.pt/,1,125,50 kW,500,0,0,0,0,0,0,0,0,0,0,0,0,1,32,22 kW,400,1,150,60 kW,500
OVR-00021,unassigned_point,node/11878609188,no,40.8656716,-8.6118245,EDP,yes,24/7,Mobi.E,,,,,+351 800 222 222,https://www.mobie.pt/,1,125,50 kW,500,0,0,0,0,0,0,0,0,1,32,22 kW,400,0,0,0,0,1,200,90 kW,1000
OVR-00022,unassigned_point,node/12000498743,no,40.9559027,-8.626384,Charging Together,yes,24/7,Mobi.E,,,,,+351 800 917 576,https://www.mobie.pt,1,200,80 kW,500,0,0,0,0,0,0,0,0,0,0,0,0,0,0,0,0,2,500,150 kW,1000
OVR-00027,unassigned_point,node/12851809430,no,40.882876,-8.6215806,Mota Engil II,yes,Mo-Fr 07:00-19:00; Sa 07:00-13:00,Mobi.E,,,,,+351 800 020 940,https://www.mobie.pt/,0,0,0,0,0,0,0,0,0,0,0,0,0,0,0,0,0,0,0,0,2,400,120 kW,1000
OVR-00032,unassigned_point,node/12613368231,no,40.881058,-8.6175892,Galp Power,yes,24/7,Mobi.E,,,,,+351 800 249 249,https://www.mobie.pt/,1,120,50 kW,500,0,0,0,0,0,0,0,0,0,0,0,0,1,32,22 kW,400,1,125,50 kW,500
OVR-00041,unassigned_point,node/13067724471,no,40.85924,-8.621804,Galp Power,yes,24/7,Mobi.E,,,,,,https://www.mobie.pt/,0,0,0,0,0,0,0,0,0,0,0,0,2,32,22 kW,400,0,0,0,0,0,0,0,0
OVR-00042,unassigned_point,node/13106621857,no,40.8591922,-8.6265321,Galp Power,yes,24/7,Mobi.E,,,,,+351 800 249 249,https://www.mobie.pt/,0,0,0,0,0,0,0,0,0,0,0,0,2,32,22 kW,400,0,0,0,0,0,0,0,0
OVR-00043,unassigned_point,node/13234608025,no,40.857157,-8.6157367,Galp Power,yes,24/7,Mobi.E,,,,,+351 800 249 249,https://www.mobie.pt/,0,0,0,0,0,0,0,0,0,0,0,0,2,32,22 kW,400,0,0,0,0,0,0,0,0
OVR-00044,unassigned_point,node/13625820833,no,40.8629156,-8.6192932,Galp Power,yes,24/7,Mobi.E,,,,,+351 800 249 249,https://www.mobie.pt/,0,0,0,0,0,0,0,0,0,0,0,0,2,32,22 kW,400,0,0,0,0,0,0,0,0
OVR-00045,unassigned_point,node/13234609428,no,40.8702059,-8.6763847,Galp Power,yes,24/7,Mobi.E,,,,,+351 800 249 249,https://www.mobie.pt/,0,0,0,0,0,0,0,0,0,0,0,0,2,32,22 kW,400,0,0,0,0,0,0,0,0
OVR-00046,unassigned_point,node/13067724470,no,40.857445,-8.61987,Galp Power,yes,24/7,Mobi.E,,,,,,https://www.mobie.pt/,0,0,0,0,0,0,0,0,0,0,0,0,2,32,22 kW,400,0,0,0,0,0,0,0,0
OVR-00047,unassigned_point,node/12978503542,no,40.8648535,-8.6080373,Galp Power,yes,24/7,Mobi.E,,,,,+351 800 249 249,https://www.mobie.pt/,0,0,0,0,0,0,0,0,0,0,0,0,2,32,22 kW,400,0,0,0,0,0,0,0,0
OVR-00048,unassigned_point,node/13067724469,no,40.8984,-8.617102,Galp Power,yes,24/7,Mobi.E,,,,,,https://www.mobie.pt/,0,0,0,0,0,0,0,0,0,0,0,0,2,32,22 kW,400,0,0,0,0,0,0,0,0
OVR-00049,unassigned_point,node/13067724468,no,40.86738,-8.53788,Galp Power,yes,24/7,Mobi.E,,,,,,https://www.mobie.pt/,0,0,0,0,0,0,0,0,0,0,0,0,2,32,22 kW,400,0,0,0,0,0,0,0,0
OVR-00050,unassigned_point,node/13107392813,no,40.9412392,-8.6583457,Galp Power,yes,24/7,Mobi.E,,,,,+351 800 249 249,https://www.mobie.pt/,0,0,0,0,0,0,0,0,0,0,0,0,2,32,22 kW,400,0,0,0,0,0,0,0,0
OVR-00051,unassigned_point,node/13067724467,no,40.956696,-8.655009,Galp Power,yes,24/7,Mobi.E,,,,,,https://www.mobie.pt/,0,0,0,0,0,0,0,0,0,0,0,0,2,32,22 kW,400,0,0,0,0,0,0,0,0
OVR-00052,unassigned_point,node/13067724466,no,40.95682,-8.6434,Galp Power,yes,24/7,Mobi.E,,,,,,https://www.mobie.pt/,0,0,0,0,0,0,0,0,0,0,0,0,2,32,22 kW,400,0,0,0,0,0,0,0,0
OVR-00055,unassigned_point,node/13107544007,no,40.8545718,-8.6092487,Galp Power,yes,24/7,Mobi.E,,,,,+351 800 249 249,https://www.mobie.pt/,0,0,0,0,0,0,0,0,0,0,0,0,2,32,22 kW,400,0,0,0,0,0,0,0,0
OVR-00056,unassigned_point,node/13234761152,no,40.8613701,-8.6185163,Galp Power,yes,24/7,Mobi.E,,,,,+351 800 249 249,https://www.mobie.pt/,0,0,0,0,0,0,0,0,0,0,0,0,2,32,22 kW,400,0,0,0,0,0,0,0,0
OVR-00057,unassigned_point,node/13067724465,no,40.870373,-8.622671,Galp Power,yes,24/7,Mobi.E,,,,,,https://www.mobie.pt/,0,0,0,0,0,0,0,0,0,0,0,0,2,32,22 kW,400,0,0,0,0,0,0,0,0
OVR-00058,unassigned_point,node/13067724464,no,40.9321281,-8.6159367,Galp Power,yes,24/7,Mobi.E,,,,,,https://www.mobie.pt/,0,0,0,0,0,0,0,0,0,0,0,0,2,32,22 kW,400,0,0,0,0,0,0,0,0
OVR-00059,unassigned_point,node/13107544006,no,40.8755274,-8.674954,Galp Power,yes,24/7,Mobi.E,,,,,+351 800 249 249,https://www.mobie.pt/,0,0,0,0,0,0,0,0,0,0,0,0,2,32,22 kW,400,0,0,0,0,0,0,0,0
OVR-00060,unassigned_point,node/13067724463,no,40.856297,-8.617019,Galp Power,yes,24/7,Mobi.E,,,,,,https://www.mobie.pt/,0,0,0,0,0,0,0,0,0,0,0,0,2,32,22 kW,400,0,0,0,0,0,0,0,0
OVR-00061,unassigned_point,node/13067724462,no,40.83523,-8.57964,Galp Power,yes,24/7,Mobi.E,,,,,,https://www.mobie.pt/,0,0,0,0,0,0,0,0,0,0,0,0,2,32,22 kW,400,0,0,0,0,0,0,0,0
OVR-00062,unassigned_point,node/13287439238,no,40.9447251,-8.6217682,Galp Power,yes,24/7,Mobi.E,,,,,+351 800 249 249,https://www.mobie.pt/,0,0,0,0,0,0,0,0,0,0,0,0,2,32,22 kW,400,0,0,0,0,0,0,0,0
OVR-00063,unassigned_point,node/13107574944,no,40.9571996,-8.6519396,Galp Power,yes,24/7,Mobi.E,,,,,+351 800 249 249,https://www.mobie.pt/,0,0,0,0,0,0,0,0,0,0,0,0,2,32,22 kW,400,0,0,0,0,0,0,0,0
OVR-90001,unassigned_point,node/8309446265,no,40.8610578,-8.6209416,EDP,yes,24/7,Mobi.E,,,,,+351 800 222 222,https://www.mobie.pt,0,0,0,0,0,0,0,0,0,0,0,0,2,32,22 kW,400,0,0,0,0,0,0,0,0
PBL-00011,unassigned_point,node/10269351078,no,39.9223531,-8.6291818,Repsol,yes,24/7,Mobi.E,,,,,+351 800 226 624,https://www.mobie.pt/,1,125,50 kW,500,0,0,0,0,0,0,0,0,0,0,0,0,1,63,43 kW,400,1,150,60 kW,1000
PBL-00012,unassigned_point,node/10243291873,no,39.9236828,-8.6281809,EDP,yes,24/7,Mobi.E,,,,,+351 800 222 222,https://www.mobie.pt,0,0,0,0,0,0,0,0,0,0,0,0,1,32,22 kW,400,0,0,0,0,1,200,120 kW,1000
PBL-00016,unassigned_point,node/10109931966,no,39.9383174,-8.627954,Powerdot,yes,24/7,Mobi.E,,,,,+351 800 180 292,https://www.mobie.pt/,1,125,50 kW,500,0,0,0,0,0,0,0,0,1,32,22 kW,400,0,0,0,0,2,375,100 kW,1000
PBL-00017,unassigned_point,node/11033968438,no,39.8423585,-8.7108978,Powerdot,yes,24/7,Mobi.E,,,,,+351 800 180 292,https://www.mobie.pt/,1,120,50 kW,500,0,0,0,0,0,0,0,0,0,0,0,0,1,32,22 kW,400,1,125,50 kW,500
PBL-00018,unassigned_point,node/11673676753,no,39.9733682,-8.7946164,Atlante,yes,24/7,Mobi.E,,,,,+351 800 296 929;+351 234 246 050,https://www.mobie.pt/,0,0,0,0,0,0,0,0,0,0,0,0,0,0,0,0,0,0,0,0,2,375,150 kW,500
PBL-00020,unassigned_point,node/11439936375,no,39.9681976,-8.7925373,High Green Power,yes,24/7,Mobi.E,,,,,,https://www.mobie.pt/,0,0,0,0,0,0,0,0,0,0,0,0,1,32,22 kW,400,0,0,0,0,0,0,0,0
PBL-00023,unassigned_point,node/12250125865,no,39.8879526,-8.7585089,Charging Together,yes,24/7,Mobi.E,,,,,+351 800 917 576,https://www.mobie.pt,1,200,80 kW,500,0,0,0,0,0,0,0,0,0,0,0,0,0,0,0,0,2,500,150 kW,1000
PBL-00026,unassigned_point,node/9426410190,no,39.9086423,-8.6332815,Charging Together,yes,24/7,Mobi.E,,,,,+351 800 917 576,https://www.mobie.pt/,0,0,0,0,0,0,0,0,0,0,0,0,0,0,0,0,0,0,0,0,2,150,50 kW,1000
PBL-00028,unassigned_point,node/10708033837,no,39.9165692,-8.6227708,Galp Power,yes,24/7,Mobi.E,,,,,+351 800 249 249,https://www.mobie.pt/,1,120,50 kW,500,0,0,0,0,0,0,0,0,0,0,0,0,1,32,22 kW,400,1,125,50 kW,500
PBL-00042,unassigned_point,node/14002592332,no,39.9164715,-8.6186568,Atlante,yes,24/7,Mobi.E,,,,,+351 800 296 929;+351 234 246 050,https://atlante.energy/,0,0,0,0,0,0,0,0,0,0,0,0,0,0,0,0,0,0,0,0,2,300,100 kW,1000
PBL-90003,unassigned_point,node/8109672546,no,39.9165696,-8.6258286,Galp Power,yes,24/7,Mobi.E,,,,,+351 800 249 249,https://www.mobie.pt,0,0,0,0,0,0,0,0,0,0,0,0,2,32,22 kW,400,0,0,0,0,0,0,0,0
PCR-00001,unassigned_point,node/8308339042,no,41.9121212,-8.5599536,Atlante,yes,24/7,Mobi.E,,,,PT,+351 800 296 929;+351 234 246 050,https://www.mobie.pt,0,0,0,0,0,0,0,0,0,0,0,0,2,32,22 kW,400,0,0,0,0,0,0,0,0
PCT-00002,unassigned_point,node/11158015059,no,40.6702826,-7.7079921,Repsol,yes,24/7,Mobi.E,,,,PT,+351 800 226 624,https://www.mobie.pt/,0,0,0,0,0,0,0,0,0,0,0,0,0,0,0,0,1,32,22 kW,400,0,0,0,0
PCT-90001,unassigned_point,node/8112729795,no,40.6779296,-7.6947279,Powerdot,yes,24/7,Mobi.E,,,,PT,+351 800 180 292,https://www.mobie.pt,0,0,0,0,0,0,0,0,0,0,0,0,2,32,22 kW,400,0,0,0,0,0,0,0,0
PCV-00002,unassigned_point,node/10759985336,no,40.3014782,-8.1669896,Plug,yes,24/7,Mobi.E,,,,PT,,https://www.mobie.pt/,0,0,0,0,0,0,0,0,0,0,0,0,2,32,22 kW,400,0,0,0,0,0,0,0,0
PCV-00007,unassigned_point,node/12175784997,no,40.2723447,-8.2880831,Galp Power,yes,24/7,Mobi.E,,,,PT,+351 800 249 249,https://www.mobie.pt/,1,120,50 kW,500,0,0,0,0,0,0,0,0,0,0,0,0,1,32,22 kW,400,1,125,50 kW,500
PCV-90001,unassigned_point,node/8109687612,no,40.270496,-8.28486,Galp Power,yes,24/7,Mobi.E,,,,PT,+351 800 249 249,https://www.mobie.pt,0,0,0,0,0,0,0,0,0,0,0,0,2,32,22 kW,400,0,0,0,0,0,0,0,0
PDL-00001,unassigned_point,node/8220730090,no,37.8314971,-25.6869538,Mobiletric,yes,24/7,Mobi.E,,Capelas,,,+351 800 249 249,https://www.mobie.pt,1,120,50 kW,500,0,0,0,0,0,0,0,0,0,0,0,0,1,63,43 kW,400,1,125,50 kW,500
PDL-00002,unassigned_point,node/8082100533,no,37.749779,-25.6495182,Galp Geste,yes,24/7,Mobi.E,Circular de Ponta Delgada,Ponta Delgada,,,+351 800 249 249,https://www.mobie.pt,1,120,50 kW,500,0,0,0,0,0,0,0,0,0,0,0,0,0,0,0,0,1,125,50 kW,500
PDL-00003,unassigned_point,node/8082109360,no,37.7457133,-25.6748731,Mobiletric,yes,24/7,Mobi.E,Avenida Antero de Quental,Ponta Delgada,,,+351 800 249 249,https://www.mobie.pt,1,120,50 kW,500,0,0,0,0,0,0,0,0,0,0,0,0,1,63,43 kW,400,1,125,50 kW,500
PDL-00004,unassigned_point,node/8220680995,no,37.8073597,-25.7984298,Galp Geste,yes,24/7,Mobi.E,Estrada Regional das Feteiras,Feteiras,,,+351 800 249 249,https://www.mobie.pt,1,120,50 kW,500,0,0,0,0,0,0,0,0,0,0,0,0,1,63,43 kW,400,1,125,50 kW,500
PDL-00005,unassigned_point,node/8117223965,no,37.7471897,-25.6839861,SEGMA,yes,24/7,Mobi.E,,,,,+351 296 20 22 09,https://www.mobie.pt,0,0,0,0,0,0,0,0,0,0,0,0,2,32,7.4 kW,230,0,0,0,0,0,0,0,0
PDL-00007,unassigned_point,node/8416551880,no,37.7515276,-25.677782,SEGMA,yes,24/7,Mobi.E,,,,,+351 296 20 22 09,https://www.mobie.pt,0,0,0,0,0,0,0,0,0,0,0,0,2,32,22 kW,400,0,0,0,0,0,0,0,0
PDL-00008,unassigned_point,node/9418117936,no,37.7516592,-25.6543394,EDP,yes,24/7,Mobi.E,,,,,+351 800 222 222,https://www.mobie.pt,0,0,0,0,0,0,0,0,0,0,0,0,2,32,22 kW,400,0,0,0,0,0,0,0,0
PDL-00011,unassigned_point,node/11548088248,no,37.7511092,-25.6508645,EDP,yes,24/7,Mobi.E,,,,,+351 800 222 222,https://www.mobie.pt,1,125,50 kW,500,0,0,0,0,0,0,0,0,1,32,22 kW,400,0,0,0,0,1,200,90 kW,1000
PDL-00012,unassigned_point,node/11877520420,no,37.752043,-25.656593,SEGMA,yes,24/7,Mobi.E,,,,,+351 296 20 22 09,https://www.mobie.pt/,0,0,0,0,0,0,0,0,0,0,0,0,2,32,22 kW,400,0,0,0,0,0,0,0,0
PDL-00013,unassigned_point,node/11877520419,no,37.7594974,-25.7049164,SEGMA,yes,24/7,Mobi.E,,,,,+351 296 20 22 09,https://www.mobie.pt/,0,0,0,0,0,0,0,0,0,0,0,0,1,32,22 kW,400,0,0,0,0,0,0,0,0
PDL-00014,unassigned_point,node/11877520418,no,37.739204,-25.676759,SEGMA,yes,24/7,Mobi.E,,,,,+351 296 20 22 09,https://www.mobie.pt/,0,0,0,0,0,0,0,0,0,0,0,0,1,32,22 kW,400,0,0,0,0,0,0,0,0
PDL-00015,unassigned_point,node/12530005145,no,37.7636546,-25.625839,SEGMA,yes,24/7,Mobi.E,,,,,+351 296 20 22 09,https://www.mobie.pt/,0,0,0,0,0,0,0,0,0,0,0,0,1,32,22 kW,400,0,0,0,0,0,0,0,0
PDL-00016,unassigned_point,node/12547007421,no,37.7545272,-25.6570357,SEGMA,yes,08:00-18:00,Mobi.E,,,,,+351 296 20 22 09,https://www.mobie.pt/,0,0,0,0,0,0,0,0,0,0,0,0,1,32,22 kW,400,0,0,0,0,0,0,0,0
PDL-00017,unassigned_point,node/12788053487,no,37.736332,-25.674417,EDP,yes,24/7,Mobi.E,,,,,+351 800 222 222,https://www.mobie.pt/,0,0,0,0,0,0,0,0,0,0,0,0,2,32,22 kW,400,0,0,0,0,0,0,0,0
PDL-00022,unassigned_point,node/13265282118,no,37.7413025,-25.6603613,SEGMA,yes,24/7,Mobi.E,,,,,+351 296 20 22 09,https://www.mobie.pt/,0,0,0,0,0,0,0,0,0,0,0,0,2,32,22 kW,400,0,0,0,0,0,0,0,0
PFR-00001,unassigned_point,node/8309562555,no,41.2768631,-8.3804307,Atlante,yes,24/7,Mobi.E,,,,,+351 800 296 929;+351 234 246 050,https://www.mobie.pt,0,0,0,0,0,0,0,0,0,0,0,0,2,32,22 kW,400,0,0,0,0,0,0,0,0
PFR-00002,unassigned_point,node/8419272991,no,41.2743393,-8.3891692,Iberdrola,yes,09:00-21:30,Mobi.E,,,,,+351 800 607 717,https://www.mobie.pt,0,0,0,0,0,0,0,0,0,0,0,0,2,32,22 kW,400,0,0,0,0,0,0,0,0
PFR-00009,unassigned_point,node/11196066689,no,41.278693,-8.379045,Repsol,yes,24/7,Mobi.E,,,,,+351 800 226 624,https://www.mobie.pt/,0,0,0,0,0,0,0,0,0,0,0,0,1,32,22 kW,400,0,0,0,0,0,0,0,0
PFR-00010,unassigned_point,node/11109235693,no,41.2671055,-8.3764927,Repsol,yes,24/7,Mobi.E,,,,,+351 800 226 624,https://www.mobie.pt/,1,125,50 kW,500,0,0,0,0,0,0,0,0,0,0,0,0,1,32,22 kW,400,1,150,60 kW,500
PFR-00011,unassigned_point,node/11429979669,no,41.2849022,-8.3582657,EDP,yes,24/7,Mobi.E,,,,,+351 800 222 222,https://www.mobie.pt/,0,0,0,0,0,0,0,0,0,0,0,0,2,32,22 kW,400,0,0,0,0,0,0,0,0
PFR-00012,unassigned_point,node/11127335084,no,41.276308,-8.382829,Atlante,yes,24/7,Mobi.E,,,,,+351 800 296 929;+351 234 246 050,https://www.mobie.pt,1,125,30 kW,500,0,0,0,0,0,0,0,0,0,0,0,0,0,0,0,0,1,125,30 kW,500
PFR-00013,unassigned_point,node/11963115977,no,41.2611988,-8.3984698,Repsol,yes,24/7,Mobi.E,,,,,+351 800 226 624,https://www.mobie.pt,1,80,30 kW,500,0,0,0,0,0,0,0,0,0,0,0,0,1,32,22 kW,400,1,80,30 kW,1000
PFR-00014,unassigned_point,node/11819820856,no,41.2868257,-8.3323426,Atlante,yes,24/7,Mobi.E,,,,,+351 800 296 929;+351 234 246 050,https://www.mobie.pt/,1,125,50 kW,500,0,0,0,0,0,0,0,0,0,0,0,0,0,0,0,0,1,150,60 kW,500
PFR-00023,unassigned_point,node/12236282643,no,41.2797491,-8.3760887,Galp Power,yes,24/7,Mobi.E,,,,,+351 800 249 249,https://www.mobie.pt/,1,120,50 kW,500,0,0,0,0,0,0,0,0,0,0,0,0,1,32,22 kW,400,1,125,50 kW,500
PFR-00027,unassigned_point,node/13522089252,no,41.3136568,-8.3387772,REMO,yes,24/7,Mobi.E,,,,,+351 800 020 940,https://www.mobie.pt/,0,0,0,0,0,0,0,0,0,0,0,0,0,0,0,0,0,0,0,0,2,500,200 kW,1000
PGR-00001,unassigned_point,node/8109672545,no,39.9183392,-8.1446651,Atlante,yes,24/7,Mobi.E,,,,,+351 800 296 929;+351 234 246 050,https://www.mobie.pt,0,0,0,0,0,0,0,0,0,0,0,0,2,32,22 kW,400,0,0,0,0,0,0,0,0
PLM-00004,unassigned_point,node/8119339964,no,38.5787059,-9.0050232,Galp Power,yes,09:00-21:00,Mobi.E,,,,,+351 800 249 249,https://www.mobie.pt,0,0,0,0,0,0,0,0,0,0,0,0,2,32,7.4 kW,230,0,0,0,0,0,0,0,0
PLM-00010,unassigned_point,node/8968514559,no,38.6079623,-8.943137,Plug,yes,24/7,Mobi.E,,,,,+351 211 648 577,https://www.mobie.pt,0,0,0,0,0,0,0,0,0,0,0,0,2,32,22 kW,400,0,0,0,0,0,0,0,0
PLM-00014,unassigned_point,node/10022775166,no,38.6307461,-8.9122918,Galp Power,yes,24/7,Mobi.E,,,,,+351 800 249 249,https://www.mobie.pt/,1,120,50 kW,500,0,0,0,0,0,0,0,0,0,0,0,0,1,63,43 kW,400,1,125,50 kW,500
PLM-00025,unassigned_point,node/10589018779,no,38.5859868,-8.6921186,NRG,yes,24/7,Mobi.E,,,,,,https://www.mobie.pt/,1,200,100 kW,500,0,0,0,0,0,0,0,0,0,0,0,0,0,0,0,0,1,375,180 kW,1000
PLM-00026,unassigned_point,node/10912798164,no,38.5911097,-8.9206122,EDP,yes,24/7,Mobi.E,,,,,+351 800 222 222,https://www.mobie.pt/,0,0,0,0,0,0,0,0,0,0,0,0,2,32,22 kW,400,0,0,0,0,0,0,0,0
PLM-00030,unassigned_point,node/11386467222,no,38.5748609,-8.8883709,EDP,yes,24/7,Mobi.E,,,,,+351 800 222 222,https://www.mobie.pt/,0,0,0,0,0,0,0,0,0,0,0,0,2,32,22 kW,400,0,0,0,0,0,0,0,0
PLM-00039,unassigned_point,node/13456953809,no,38.6364189,-8.9141092,Charging Together,yes,24/7,Mobi.E,,,,,+351 800 917 576,https://www.mobie.pt/,1,200,80 kW,500,0,0,0,0,0,0,0,0,0,0,0,0,0,0,0,0,2,500,150 kW,1000
PLM-00040,unassigned_point,node/12259416537,no,38.5769187,-9.0154645,EDP,yes,09:00-20:00,Mobi.E,,,,,+351 800 222 222,https://www.mobie.pt/,0,0,0,0,0,0,0,0,0,0,0,0,2,32,22 kW,400,0,0,0,0,0,0,0,0
PLM-00041,unassigned_point,node/8001351127,no,38.6169159,-8.9134026,Charging Together,yes,24/7,Mobi.E,Rua Gago Coutinho e Sacadura Cabral,Pinhal Novo,,PT,+351 800 917 576,https://www.mobie.pt,0,0,0,0,0,0,0,0,0,0,0,0,0,0,0,0,0,0,0,0,2,150,50 kW,1000
PLM-00049,unassigned_point,node/9848264278,no,38.618821,-8.9181585,Galp Power,yes,24/7,Mobi.E,,,,,+351 800 249 249,https://www.mobie.pt/,1,120,50 kW,500,0,0,0,0,0,0,0,0,0,0,0,0,1,32,22 kW,400,1,125,50 kW,500
PLM-00051,unassigned_point,node/9848264270,no,38.5774897,-8.8976986,Galp Power,yes,24/7,Mobi.E,,,,,+351 800 249 249,https://www.mobie.pt/,1,120,50 kW,500,0,0,0,0,0,0,0,0,0,0,0,0,1,32,22 kW,400,1,125,50 kW,500
PLM-00052,unassigned_point,node/13233665291,no,38.6065504,-8.891954,EDP,yes,24/7,Mobi.E,,,,,+351 800 222 222,https://www.mobie.pt/,1,120,50 kW,500,0,0,0,0,0,0,0,0,1,32,22 kW,400,0,0,0,0,1,200,90 kW,1000
PLM-00055,unassigned_point,node/13738517967,no,38.56659,-8.900403,EDP,yes,24/7,Mobi.E,,,,,+351 800 222 222,https://www.mobie.pt/,1,120,50 kW,500,0,0,0,0,0,0,0,0,1,32,22 kW,400,0,0,0,0,1,200,90 kW,1000
PLM-00056,unassigned_point,node/13387540220,no,38.6304978,-8.914103,EDP,yes,24/7,Mobi.E,,,,,+351 800 222 222,https://www.mobie.pt/,1,120,50 kW,500,0,0,0,0,0,0,0,0,1,32,22 kW,400,0,0,0,0,1,200,90 kW,1000
PLM-00057,unassigned_point,node/13173662169,no,38.5669829,-8.9407804,EDP,yes,24/7,Mobi.E,,,,,+351 800 222 222,https://www.mobie.pt/,0,0,0,0,0,0,0,0,0,0,0,0,2,32,22 kW,400,0,0,0,0,0,0,0,0
PLM-00058,unassigned_point,node/13738654995,no,38.571614,-8.8977718,EDP,yes,24/7,Mobi.E,,,,,+351 800 222 222,https://www.mobie.pt/,1,120,50 kW,500,0,0,0,0,0,0,0,0,1,32,22 kW,400,0,0,0,0,1,200,90 kW,1000
PLM-00059,unassigned_point,node/13323083105,no,38.5721491,-8.9028012,EDP,yes,24/7,Mobi.E,,,,,+351 800 222 222,https://www.mobie.pt/,1,120,50 kW,500,0,0,0,0,0,0,0,0,1,32,22 kW,400,0,0,0,0,1,200,90 kW,1000
PLM-00062,unassigned_point,node/13233640157,no,38.6290897,-8.9148078,EDP,yes,24/7,Mobi.E,,,,,+351 800 222 222,https://www.mobie.pt/,0,0,0,0,0,0,0,0,0,0,0,0,2,32,22 kW,400,0,0,0,0,0,0,0,0
PLM-00064,unassigned_point,node/13387545877,no,38.6384599,-8.9128945,EDP,yes,24/7,Mobi.E,,,,,+351 800 222 222,https://www.mobie.pt/,1,120,50 kW,500,0,0,0,0,0,0,0,0,0,0,0,0,1,63,43 kW,400,1,120,50 kW,500
PLM-00065,unassigned_point,node/13233667203,no,38.6292819,-8.9166046,EDP,yes,24/7,Mobi.E,,,,,+351 800 222 222,https://www.mobie.pt/,0,0,0,0,0,0,0,0,0,0,0,0,2,32,22 kW,400,0,0,0,0,0,0,0,0
PLM-00066,unassigned_point,node/13017979428,no,38.6331803,-8.7421416,EDP,yes,24/7,Mobi.E,,,,,,https://www.mobie.pt/,1,120,50 kW,500,0,0,0,0,0,0,0,0,1,32,22 kW,400,0,0,0,0,1,200,90 kW,1000
PLM-00070,unassigned_point,node/13256786460,no,38.578773,-8.896581,Iberdrola,yes,09:00-21:00,Mobi.E,,,,,+351 800 607 717,https://www.mobie.pt/,0,0,0,0,0,0,0,0,0,0,0,0,2,32,22 kW,400,0,0,0,0,0,0,0,0
PLM-00071,unassigned_point,node/13634047216,no,38.6260128,-8.9111453,EDP,yes,24/7,Mobi.E,,,,,+351 800 222 222,https://www.mobie.pt/,1,125,50 kW,500,0,0,0,0,0,0,0,0,1,32,22 kW,400,0,0,0,0,1,200,90 kW,1000
PLM-90001,unassigned_point,node/7785539321,no,38.5706788,-8.9060175,Galp Power,yes,24/7,Mobi.E,,,,,+351 800 249 249,https://www.mobie.pt,0,0,0,0,0,0,0,0,0,0,0,0,2,32,22 kW,400,0,0,0,0,0,0,0,0
PMS-00003,unassigned_point,node/9239118022,no,39.54447,-8.7180894,Powerdot,yes,24/7,Mobi.E,,,,PT,+351 800 180 292,https://www.mobie.pt/,0,0,0,0,0,0,0,0,0,0,0,0,2,32,7.4 kW,230,0,0,0,0,0,0,0,0
PMS-00006,unassigned_point,node/10297259115,no,39.5996602,-8.815731,Powerdot,yes,24/7,Mobi.E,,,,,+351 800 180 292,https://www.mobie.pt/,0,0,0,0,0,0,0,0,0,0,0,0,1,32,22 kW,400,0,0,0,0,2,250,100 kW,500
PMS-00007,unassigned_point,node/10572522107,no,39.6249251,-8.8561286,EDP,yes,24/7,Mobi.E,,,,,+351 800 222 222,https://www.mobie.pt,1,125,50 kW,500,0,0,0,0,0,0,0,0,1,32,22 kW,400,0,0,0,0,1,200,60 kW,1000
PMS-00008,unassigned_point,node/8833398840,no,39.623647,-8.8564571,Atlante,yes,24/7,Mobi.E,,Porto de Mós,,,+351 800 296 929;+351 234 246 050,https://www.mobie.pt,1,120,50 kW,500,0,0,0,0,0,0,0,0,0,0,0,0,1,32,22 kW,400,1,125,50 kW,500
PMS-00009,unassigned_point,node/9986743359,no,39.552993,-8.768677,Galp Power,yes,24/7,Mobi.E,,,,PT,+351 800 249 249,https://www.mobie.pt/,0,0,0,0,0,0,0,0,0,0,0,0,2,32,22 kW,400,0,0,0,0,0,0,0,0
PMS-00010,unassigned_point,node/11509354246,no,39.5965063,-8.8168565,Repsol,yes,24/7,Mobi.E,,,,,+351 800 226 624,https://www.mobie.pt/,1,125,50 kW,500,0,0,0,0,0,0,0,0,0,0,0,0,1,32,22 kW,400,1,150,60 kW,500
PMS-00011,unassigned_point,node/11554812779,no,39.639887,-8.844562,EDP,yes,24/7,Mobi.E,,,,,+351 800 222 222,https://www.mobie.pt/,0,0,0,0,0,0,0,0,0,0,0,0,2,32,22 kW,400,0,0,0,0,0,0,0,0
PMS-00012,unassigned_point,node/12084097243,no,39.5990813,-8.8243729,EDP,yes,24/7,Mobi.E,,,,,+351 800 222 222,https://www.mobie.pt/,0,0,0,0,0,0,0,0,0,0,0,0,2,32,22 kW,400,0,0,0,0,0,0,0,0
PMS-00013,unassigned_point,node/12063966304,no,39.623966,-8.8574491,Charging Together,yes,24/7,Mobi.E,,,,,+351 800 917 576,https://www.mobie.pt,1,200,80 kW,500,0,0,0,0,0,0,0,0,0,0,0,0,0,0,0,0,2,500,150 kW,1000
PMS-00015,unassigned_point,node/13299275016,no,39.6287916,-8.85488,Galp Power,yes,24/7,Mobi.E,,,,,+351 800 249 249,https://www.mobie.pt/,1,125,50 kW,500,0,0,0,0,0,0,0,0,0,0,0,0,1,32,22 kW,400,1,125,50 kW,500
PMS-90001,unassigned_point,node/8289945550,no,39.60036,-8.8202237,Galp Power,yes,24/7,Mobi.E,,,,,+351 800 249 249,https://www.mobie.pt,0,0,0,0,0,0,0,0,0,0,0,0,2,32,22 kW,400,0,0,0,0,0,0,0,0
PMZ-00003,unassigned_point,node/4917327221,no,32.8669198,-17.1675526,Emacom,yes,24/7,Mobi.E,,,,,+351 800 221 187,https://www.mobie.pt,0,0,0,0,0,0,0,0,0,0,0,0,2,32,22 kW,400,0,0,0,0,0,0,0,0
PMZ-00004,unassigned_point,node/9458801229,no,32.8654517,-17.1713793,Factor Energia,yes,24/7,Mobi.E,,,,,+351 800 100 013,https://www.mobie.pt/,0,0,0,0,0,0,0,0,0,0,0,0,2,32,22 kW,400,0,0,0,0,0,0,0,0
PMZ-00005,unassigned_point,node/9975690065,no,32.8596667,-17.1908422,Factor Energia,yes,24/7,Mobi.E,,,,,+351 800 100 013,https://www.mobie.pt/,0,0,0,0,0,0,0,0,0,0,0,0,2,32,22 kW,400,0,0,0,0,0,0,0,0
PMZ-00006,unassigned_point,node/11910670628,no,32.8522514,-17.2097401,Factor Energia,yes,24/7,Mobi.E,,,,,+351 800 100 013,https://www.mobie.pt/,0,0,0,0,0,0,0,0,0,0,0,0,2,32,22 kW,400,0,0,0,0,0,0,0,0
PNC-00002,unassigned_point,node/11310531779,no,40.164231,-7.1732355,EDP,yes,24/7,Mobi.E,,,,PT,+351 800 222 222,https://www.mobie.pt/,0,0,0,0,0,0,0,0,0,0,0,0,2,32,22 kW,400,0,0,0,0,0,0,0,0
PNC-90001,unassigned_point,node/9307206678,no,40.167905,-7.1724812,EDP,yes,24/7,Mobi.E,,,,PT,+351 800 222 222,https://www.mobie.pt/,0,0,0,0,0,0,0,0,0,0,0,0,2,32,22 kW,400,0,0,0,0,0,0,0,0
PND-00002,unassigned_point,node/11386032322,no,40.9911167,-7.3914336,EDP,yes,24/7,Mobi.E,,,,,+351 800 222 222,https://www.mobie.pt/,0,0,0,0,0,0,0,0,0,0,0,0,2,16,11 kW,400,0,0,0,0,0,0,0,0
PND-90001,unassigned_point,node/8309485199,no,40.9907446,-7.3943621,Galp Power,yes,24/7,Mobi.E,,,,,+351 800 249 249,https://www.mobie.pt,0,0,0,0,0,0,0,0,0,0,0,0,2,32,22 kW,400,0,0,0,0,0,0,0,0
PNF-00005,unassigned_point,node/8132600674,no,41.207145,-8.28229,Mobiletric,yes,24/7,Mobi.E,,,,,+351 800 249 249,https://www.mobie.pt,0,0,0,0,0,0,0,0,0,0,0,0,2,16,3.7 kW,230,0,0,0,0,0,0,0,0
PNF-00006,unassigned_point,node/8420525170,no,41.2118073,-8.2711508,Powerdot,yes,24/7,Mobi.E,,,,,+351 800 180 292,https://www.mobie.pt,0,0,0,0,0,0,0,0,0,0,0,0,0,0,0,0,2,32,22 kW,400,0,0,0,0
PNF-00009,unassigned_point,node/8322482750,no,41.1945117,-8.2969924,Galp Geste,yes,24/7,Mobi.E,,Penafiel,,,+351 800 249 249,https://www.mobie.pt,1,120,50 kW,500,0,0,0,0,0,0,0,0,0,0,0,0,1,63,43 kW,400,1,125,50 kW,500
PNF-00017,unassigned_point,node/9956726498,no,41.1924732,-8.3057325,Moon,yes,08:00-18:00,Mobi.E,,,,,,https://www.mobie.pt/,1,200,75 kW,500,0,0,0,0,0,0,0,0,1,32,22 kW,400,0,0,0,0,1,200,75 kW,1000
PNF-00020,unassigned_point,node/11303436715,no,41.1957513,-8.2967536,EDP,yes,24/7,Mobi.E,,,,,+351 800 222 222,https://www.mobie.pt/,1,125,50 kW,500,0,0,0,0,0,0,0,0,0,0,0,0,0,0,0,0,1,200,120 kW,1000
PNF-00021,unassigned_point,node/11364954440,no,41.1942302,-8.3023447,EDP,yes,24/7,Mobi.E,,,,,+351 800 222 222,https://www.mobie.pt/,1,125,50 kW,500,0,0,0,0,0,0,0,0,0,0,0,0,1,32,22 kW,400,1,200,90 kW,1000
PNF-00024,unassigned_point,node/12109953973,no,41.2306601,-8.1889556,Galp Power,yes,24/7,Mobi.E,,,,,+351 800 249 249,https://www.mobie.pt/,0,0,0,0,0,0,0,0,0,0,0,0,0,0,0,0,0,0,0,0,2,200,120 kW,1000
PNF-00025,unassigned_point,node/12033959112,no,41.206403,-8.2744102,Galp Power,yes,24/7,Mobi.E,,,,,+351 800 249 249,https://www.mobie.pt/,0,0,0,0,0,0,0,0,0,0,0,0,0,0,0,0,0,0,0,0,2,200,120 kW,1000
PNF-00026,unassigned_point,node/12029888507,no,41.166193,-8.3532835,Galp Power,yes,24/7,Mobi.E,,,,,+351 800 249 249,https://www.mobie.pt/,0,0,0,0,0,0,0,0,0,0,0,0,0,0,0,0,0,0,0,0,2,200,120 kW,1000
PNF-00027,unassigned_point,node/12102487897,no,41.2109011,-8.2779535,Galp Power,yes,24/7,Mobi.E,,,,,+351 800 249 249,https://www.mobie.pt/,0,0,0,0,0,0,0,0,0,0,0,0,0,0,0,0,0,0,0,0,2,200,120 kW,1000
PNF-00028,unassigned_point,node/12109953972,no,41.202026,-8.289191,Galp Power,yes,24/7,Mobi.E,,,,,+351 800 249 249,https://www.mobie.pt/,0,0,0,0,0,0,0,0,0,0,0,0,0,0,0,0,0,0,0,0,2,200,180 kW,1000
PNF-00029,unassigned_point,node/11889655228,no,41.2181296,-8.2923579,Galp Power,yes,24/7,Mobi.E,,,,,+351 800 249 249,https://www.mobie.pt/,0,0,0,0,0,0,0,0,0,0,0,0,0,0,0,0,0,0,0,0,2,200,120 kW,1000
PNF-00030,unassigned_point,node/11963115976,no,41.117838,-8.293807,Galp Power,yes,24/7,Mobi.E,,,,,+351 800 249 249,https://www.mobie.pt/,0,0,0,0,0,0,0,0,0,0,0,0,0,0,0,0,0,0,0,0,2,200,120 kW,1000
PNF-00031,unassigned_point,node/12335046281,no,41.107564,-8.265413,Galp Power,yes,24/7,Mobi.E,,,,,+351 800 249 249,https://www.mobie.pt/,0,0,0,0,0,0,0,0,0,0,0,0,0,0,0,0,0,0,0,0,2,200,120 kW,1000
PNF-00032,unassigned_point,node/12029888506,no,41.084085,-8.292885,Galp Power,yes,24/7,Mobi.E,,,,,+351 800 249 249,https://www.mobie.pt/,0,0,0,0,0,0,0,0,0,0,0,0,0,0,0,0,0,0,0,0,2,200,120 kW,1000
PNF-00033,unassigned_point,node/11889655224,no,41.0525577,-8.3753928,Galp Power,yes,24/7,Mobi.E,,,,,+351 800 249 249,https://www.mobie.pt/,0,0,0,0,0,0,0,0,0,0,0,0,0,0,0,0,0,0,0,0,2,200,120 kW,1000
PNF-00034,unassigned_point,node/12175784996,no,41.157381,-8.231301,Galp Power,yes,24/7,Mobi.E,,,,,+351 800 249 249,https://www.mobie.pt/,0,0,0,0,0,0,0,0,0,0,0,0,0,0,0,0,0,0,0,0,2,200,120 kW,1000
PNF-00036,unassigned_point,node/10282359954,no,41.1951374,-8.3057633,Atlante,yes,24/7,Mobi.E,,,,,+351 800 296 929;+351 234 246 050,https://www.mobie.pt,1,125,30 kW,500,0,0,0,0,0,0,0,0,0,0,0,0,0,0,0,0,1,125,30 kW,500
PNF-00043,unassigned_point,node/12427599529,no,41.169416,-8.3294507,Charging Together,yes,24/7,Mobi.E,,,,,+351 800 917 576,https://www.mobie.pt,1,200,80 kW,500,0,0,0,0,0,0,0,0,0,0,0,0,0,0,0,0,2,500,150 kW,1000
PNF-00044,unassigned_point,node/12319514140,no,41.1911907,-8.2995998,EDP,yes,09:00-20:00,Mobi.E,,,,,+351 800 222 222,https://www.mobie.pt/,0,0,0,0,0,0,0,0,0,0,0,0,2,32,22 kW,400,0,0,0,0,0,0,0,0
PNF-00045,unassigned_point,node/12236282642,no,41.1673349,-8.3499835,Iberdrola,yes,09:00-20:00,Mobi.E,,,,,+351 800 607 717,https://www.mobie.pt/,0,0,0,0,0,0,0,0,0,0,0,0,0,0,0,0,2,32,22 kW,400,0,0,0,0
PNF-00050,unassigned_point,node/12762123352,no,41.2117362,-8.2700532,Iberdrola,yes,09:00-21:00,Mobi.E,,,,,+351 800 607 717,https://www.mobie.pt/,0,0,0,0,0,0,0,0,0,0,0,0,2,32,22 kW,400,0,0,0,0,0,0,0,0
PNF-00054,unassigned_point,node/9848120762,no,41.2111603,-8.2708517,Galp Power,yes,24/7,Mobi.E,,,,,+351 800 249 249,https://www.mobie.pt/,1,120,50 kW,500,0,0,0,0,0,0,0,0,0,0,0,0,1,63,43 kW,400,1,125,50 kW,500
PNF-00062,unassigned_point,node/11896590199,no,41.16749,-8.3088529,Prio.E,yes,24/7,Mobi.E,,,,,+351 800 100 303,https://www.mobie.pt/,0,0,0,0,0,0,0,0,0,0,0,0,0,0,0,0,0,0,0,0,2,250,90 kW,1000
PNF-90004,unassigned_point,node/8113026404,no,41.2015844,-8.2879709,Galp Power,yes,24/7,Mobi.E,,,,,+351 800 249 249,https://www.mobie.pt,0,0,0,0,0,0,0,0,0,0,0,0,2,32,22 kW,400,0,0,0,0,0,0,0,0
PNH-90001,unassigned_point,node/8309418806,no,40.7749235,-7.0606001,EDP,yes,24/7,Mobi.E,,,,,+351 800 222 222,https://www.mobie.pt,0,0,0,0,0,0,0,0,0,0,0,0,2,32,22 kW,400,0,0,0,0,0,0,0,0
PNI-00001,unassigned_point,node/8089453107,no,39.3646337,-9.4029444,Prio.E,yes,24/7,Mobi.E,,,,,+351 800 100 303,https://www.mobie.pt,0,0,0,0,0,0,0,0,0,0,0,0,2,32,22 kW,400,0,0,0,0,0,0,0,0
PNI-00010,unassigned_point,node/11023524830,no,39.3602547,-9.403025,EDP,yes,24/7,Mobi.E,,,,,+351 800 222 222,https://www.mobie.pt/,0,0,0,0,0,0,0,0,0,0,0,0,2,32,7.4 kW,230,0,0,0,0,0,0,0,0
PNI-00011,unassigned_point,node/11371820968,no,39.363612,-9.374556,EDP,yes,24/7,Mobi.E,,,,,+351 800 222 222,https://www.mobie.pt/,0,0,0,0,0,0,0,0,0,0,0,0,2,32,22 kW,400,0,0,0,0,0,0,0,0
PNI-00012,unassigned_point,node/11627973915,no,39.3640866,-9.374981,EDP,yes,24/7,Mobi.E,,,,,+351 800 222 222,https://www.mobie.pt/,1,125,50 kW,500,0,0,0,0,0,0,0,0,0,0,0,0,0,0,0,0,1,300,120 kW,1000
PNI-00020,unassigned_point,node/12115694371,no,39.3651839,-9.3803303,Galp Power,yes,24/7,Mobi.E,,,,,+351 800 249 249,https://www.mobie.pt/,1,120,50 kW,500,0,0,0,0,0,0,0,0,0,0,0,0,1,32,22 kW,400,1,125,50 kW,500
PNI-00021,unassigned_point,node/13648363343,no,39.3623,-9.391222,Galp Power,yes,24/7,Mobi.E,,,,,+351 800 249 249,https://www.mobie.pt/,0,0,0,0,0,0,0,0,0,0,0,0,2,32,22 kW,400,0,0,0,0,0,0,0,0
PNL-00002,unassigned_point,node/9631176943,no,40.0180816,-8.3723215,EDP,yes,24/7,Mobi.E,,,,,+351 800 222 222,https://www.mobie.pt/,1,120,50 kW,500,0,0,0,0,0,0,0,0,0,0,0,0,1,63,43 kW,400,1,125,50 kW,500
PNL-00003,unassigned_point,node/12884674811,no,40.0183412,-8.3725606,Prio.E,yes,24/7,Mobi.E,,,,,+351 800 100 303,https://www.mobie.pt/,0,0,0,0,0,0,0,0,0,0,0,0,0,0,0,0,0,0,0,0,2,300,180 kW,1000
PNL-90001,unassigned_point,node/8285023835,no,40.0277675,-8.3926427,Galp Power,yes,24/7,Mobi.E,,,,,+351 800 249 249,https://www.mobie.pt,0,0,0,0,0,0,0,0,0,0,0,0,2,32,22 kW,400,0,0,0,0,0,0,0,0
PNV-00002,unassigned_point,node/8419230189,no,39.7509082,-7.917417,EDP,yes,24/7,Mobi.E,,,,,+351 800 222 222,https://www.mobie.pt,0,0,0,0,0,0,0,0,0,0,0,0,2,32,22 kW,400,0,0,0,0,0,0,0,0
PNV-90001,unassigned_point,node/8290184543,no,39.7522166,-7.9259907,EDP,yes,24/7,Mobi.E,,,,,+351 800 222 222,https://www.mobie.pt,0,0,0,0,0,0,0,0,0,0,0,0,2,32,22 kW,400,0,0,0,0,0,0,0,0
PPS-00002,unassigned_point,node/11910670622,no,40.0422309,-7.9493981,Helexia II,yes,24/7,Mobi.E,,,,,+351 210 181 157,https://www.mobie.pt,0,0,0,0,0,0,0,0,0,0,0,0,0,0,0,0,0,0,0,0,2,63,60 kW,1000
PPS-90001,unassigned_point,node/8285021258,no,40.0476366,-7.951473,EDP,yes,24/7,Mobi.E,,,,,+351 800 222 222,https://www.mobie.pt,0,0,0,0,0,0,0,0,0,0,0,0,2,32,22 kW,400,0,0,0,0,0,0,0,0
PRD-00002,unassigned_point,node/8113006406,no,41.1832738,-8.4454474,Powerdot,yes,24/7,Mobi.E,,,,,+351 800 180 292,https://www.mobie.pt,0,0,0,0,0,0,0,0,0,0,0,0,2,32,22 kW,400,0,0,0,0,0,0,0,0
PRD-00005,unassigned_point,node/8757591604,no,41.189,-8.3675,Circuitos Energy Solutions,yes,24/7,Mobi.E,,,,,+351 800 913 701,https://www.mobie.pt,0,0,0,0,0,0,0,0,0,0,0,0,2,32,22 kW,400,0,0,0,0,0,0,0,0
PRD-00008,unassigned_point,node/9848120763,no,41.196887,-8.43421,Repsol,yes,24/7,Mobi.E,,,,,+351 800 226 624,https://www.mobie.pt/,1,125,50 kW,500,0,0,0,0,0,0,0,0,0,0,0,0,1,63,43 kW,400,1,150,60 kW,500
PRD-00009,unassigned_point,node/9731276112,no,41.2024435,-8.3269048,EDP,yes,24/7,Mobi.E,,,,,+351 800 222 222,https://www.mobie.pt,1,125,50 kW,500,0,0,0,0,0,0,0,0,1,32,22 kW,400,0,0,0,0,1,200,90 kW,1000
PRD-00010,unassigned_point,node/9847958425,no,41.2056791,-8.3375684,Galp Geste,yes,24/7,Mobi.E,,Paredes,,,+351 800 249 249,https://www.mobie.pt/,0,0,0,0,0,0,0,0,0,0,0,0,0,0,0,0,0,0,0,0,2,200,120 kW,1000
PRD-00013,unassigned_point,node/10853407449,no,41.1830352,-8.4420905,Iberdrola,yes,24/7,Mobi.E,,,,,+351 800 607 717,https://www.mobie.pt/,0,0,0,0,0,0,0,0,0,0,0,0,2,32,22 kW,400,0,0,0,0,0,0,0,0
PRD-00014,unassigned_point,node/10589170943,no,41.2052377,-8.3257734,EDP,yes,24/7,Mobi.E,,,,,+351 800 222 222,https://www.mobie.pt/,1,125,50 kW,500,0,0,0,0,0,0,0,0,0,0,0,0,0,0,0,0,1,200,120 kW,1000
PRD-00016,unassigned_point,node/10604947703,no,41.2090059,-8.3335879,Circuitos Energy Solutions,yes,24/7,Mobi.E,,,,,,https://www.mobie.pt/,0,0,0,0,0,0,0,0,0,0,0,0,2,32,22 kW,400,0,0,0,0,0,0,0,0
PRD-00018,unassigned_point,node/11418482350,no,41.1830576,-8.4426624,EDP,yes,24/7,Mobi.E,,,,,+351 800 222 222,https://www.mobie.pt/,1,125,50 kW,500,0,0,0,0,0,0,0,0,0,0,0,0,0,0,0,0,1,300,120 kW,1000
PRD-00019,unassigned_point,node/10967854002,no,41.23147,-8.4073983,Atlante,yes,24/7,Mobi.E,,,,,+351 800 296 929;+351 234 246 050,https://www.mobie.pt/,1,75,30 kW,500,0,0,0,0,0,0,0,0,0,0,0,0,1,32,22 kW,400,1,75,30 kW,1000
PRD-00020,unassigned_point,node/11650619050,no,41.2032019,-8.3405175,Cepsa,yes,24/7,Mobi.E,,,,,,https://www.mobie.pt/,0,0,0,0,0,0,0,0,0,0,0,0,0,0,0,0,0,0,0,0,1,500,150 kW,1000
PRD-00036,unassigned_point,node/12140868081,no,41.1991389,-8.3339957,Galp Power,yes,24/7,Mobi.E,,,,,+351 800 249 249,https://www.mobie.pt/,1,120,50 kW,500,0,0,0,0,0,0,0,0,0,0,0,0,1,32,22 kW,400,1,125,50 kW,500
PRG-00002,unassigned_point,node/9920134222,no,41.1646651,-7.7936671,Repsol,yes,24/7,Mobi.E,,,,,+351 800 226 624,https://www.mobie.pt/,1,125,50 kW,500,0,0,0,0,0,0,0,0,0,0,0,0,1,63,43 kW,400,1,150,60 kW,500
PRG-00004,unassigned_point,node/12244249343,no,41.1626418,-7.8034317,Powerdot,yes,24/7,Mobi.E,,,,,+351 800 180 292,https://www.mobie.pt/,0,0,0,0,0,0,0,0,0,0,0,0,1,32,22 kW,400,0,0,0,0,2,400,100 kW,1000
PRG-00005,unassigned_point,node/12396651756,no,41.1680365,-7.8027999,Atlante,yes,24/7,Mobi.E,,,,PT,+351 800 296 929;+351 234 246 050,https://www.mobie.pt/,0,0,0,0,0,0,0,0,0,0,0,0,0,0,0,0,0,0,0,0,2,300,110 kW,500
PRG-00008,unassigned_point,node/13516727519,no,41.1612757,-7.7789546,True Kare,yes,24/7,Mobi.E,,,,,,https://www.mobie.pt/,0,0,0,0,0,0,0,0,0,0,0,0,2,32,22 kW,400,0,0,0,0,0,0,0,0
PRG-00009,unassigned_point,node/13663650580,no,41.16408,-7.789972,True Kare,yes,24/7,Mobi.E,,,,,,https://www.mobie.pt/,0,0,0,0,0,0,0,0,0,0,0,0,2,32,22 kW,400,0,0,0,0,0,0,0,0
PRG-00010,unassigned_point,node/13516727518,no,41.15961,-7.786861,True Kare,yes,24/7,Mobi.E,,,,,,https://www.mobie.pt/,0,0,0,0,0,0,0,0,0,0,0,0,2,32,22 kW,400,0,0,0,0,0,0,0,0
PRG-00011,unassigned_point,node/13384440911,no,41.163003,-7.8032552,True Kare,yes,24/7,Mobi.E,,,,,,https://www.mobie.pt/,0,0,0,0,0,0,0,0,0,0,0,0,2,32,22 kW,400,0,0,0,0,0,0,0,0
PRG-00012,unassigned_point,node/13516727517,no,41.166669,-7.8038087,True Kare,yes,24/7,Mobi.E,,,,,,https://www.mobie.pt/,0,0,0,0,0,0,0,0,0,0,0,0,2,32,22 kW,400,0,0,0,0,0,0,0,0
PRG-00013,unassigned_point,node/13384440910,no,41.157864,-7.7779626,True Kare,yes,24/7,Mobi.E,,,,,,https://www.mobie.pt/,0,0,0,0,0,0,0,0,0,0,0,0,2,32,22 kW,400,0,0,0,0,0,0,0,0
PRG-00014,unassigned_point,node/13618986689,no,41.165943,-7.783,True Kare,yes,24/7,Mobi.E,,,,,,https://www.mobie.pt/,0,0,0,0,0,0,0,0,0,0,0,0,2,32,22 kW,400,0,0,0,0,0,0,0,0
PRG-00015,unassigned_point,node/13516727515,no,41.1708968,-7.8052339,True Kare,yes,24/7,Mobi.E,,,,,,https://www.mobie.pt/,0,0,0,0,0,0,0,0,0,0,0,0,2,32,22 kW,400,0,0,0,0,0,0,0,0
PRG-00016,unassigned_point,node/13516727514,no,41.169303,-7.79927,True Kare,yes,24/7,Mobi.E,,,,,,https://www.mobie.pt/,0,0,0,0,0,0,0,0,0,0,0,0,2,32,22 kW,400,0,0,0,0,0,0,0,0
PRG-00017,unassigned_point,node/12033959113,no,41.164874,-7.7982305,Galp Power,yes,24/7,Mobi.E,,,,PT,+351 800 249 249,https://www.mobie.pt/,1,120,50 kW,500,0,0,0,0,0,0,0,0,0,0,0,0,1,32,22 kW,400,1,125,50 kW,500
PRG-80001,unassigned_point,node/8309502490,no,41.1625027,-7.7924897,Atlante,yes,24/7,Mobi.E,,,,PT,+351 800 296 929;+351 234 246 050,https://www.mobie.pt,0,0,0,0,0,0,0,0,0,0,0,0,2,32,22 kW,400,0,0,0,0,0,0,0,0
PRL-90001,unassigned_point,node/8289261751,no,38.3068386,-7.7077784,Galp Power,yes,24/7,Mobi.E,,,,PT,+351 800 249 249,https://www.mobie.pt,0,0,0,0,0,0,0,0,0,0,0,0,2,32,22 kW,400,0,0,0,0,0,0,0,0
PRS-90001,unassigned_point,node/8109685923,no,40.2097968,-8.2588367,EDP,yes,24/7,Mobi.E,,,,PT,+351 800 222 222,https://www.mobie.pt,0,0,0,0,0,0,0,0,0,0,0,0,2,32,22 kW,400,0,0,0,0,0,0,0,0
PRT-00001,unassigned_point,node/5372366165,no,41.161707,-8.6282161,Mobiletric,yes,24/7,Mobi.E,Avenida de França,Porto,,,+351 800 249 249,https://www.mobie.pt,1,120,50 kW,500,0,0,0,0,0,0,0,0,0,0,0,0,1,63,43 kW,400,1,125,50 kW,500
PRT-00021,unassigned_point,node/8308569222,no,41.1472491,-8.6210745,Logical Gravity,yes,"Mo 00:00-01:00,07:00-01:00; Tu-Th 07:00-01:00; Fr 07:00-24:00; Sa,Su 00:00-24:00",Mobi.E,,,,,+351 210 939 606;+351 224 801 080,https://www.mobie.pt,0,0,0,0,0,0,0,0,0,0,0,0,1,32,7.4 kW,230,0,0,0,0,0,0,0,0
PRT-00022,unassigned_point,node/8113052495,no,41.1634002,-8.5844529,Powerdot,yes,09:00-21:00,Mobi.E,,,,,+351 800 180 292,https://www.mobie.pt,0,0,0,0,0,0,0,0,0,0,0,0,2,32,22 kW,400,0,0,0,0,0,0,0,0
PRT-00046,unassigned_point,node/8113026402,no,41.1411235,-8.6151534,EDP,yes,24/7,Mobi.E,,,,,+351 800 222 222,https://www.mobie.pt,0,0,0,0,0,0,0,0,0,0,0,0,2,32,22 kW,400,0,0,0,0,0,0,0,0
PRT-00052,unassigned_point,node/8228834180,no,41.165774,-8.6714175,Powerdot,yes,24/7,Mobi.E,Avenida do Parque,Porto,,,+351 800 180 292,https://www.mobie.pt,1,120,50 kW,500,0,0,0,0,0,0,0,0,0,0,0,0,1,63,43 kW,400,1,125,50 kW,500
PRT-00071,unassigned_point,node/8419376743,no,41.162987,-8.574668,Iberdrola,yes,09:00-21:30,Mobi.E,,,,,+351 800 607 717,https://www.mobie.pt,0,0,0,0,0,0,0,0,0,0,0,0,2,32,22 kW,400,0,0,0,0,0,0,0,0
PRT-00076,unassigned_point,node/8228267348,no,41.162683,-8.5699292,EDP,yes,24/7,Mobi.E,Rua do Doutor José António Marques,Porto,,,+351 800 222 222,https://www.mobie.pt,1,120,50 kW,500,0,0,0,0,0,0,0,0,0,0,0,0,1,63,43 kW,400,1,125,50 kW,500
PRT-00087,unassigned_point,node/8681247144,no,41.1608544,-8.6055464,Powerdot,yes,24/7,Mobi.E,,,,,+351 800 180 292,https://www.mobie.pt,0,0,0,0,0,0,0,0,0,0,0,0,2,32,22 kW,400,0,0,0,0,0,0,0,0
PRT-00097,unassigned_point,node/9043954461,no,41.1733322,-8.6545514,Repsol,yes,24/7,Mobi.E,,,,,+351 800 226 624,https://www.mobie.pt,1,120,45 kW,500,0,0,0,0,0,0,0,0,0,0,0,0,1,32,22 kW,400,1,125,45 kW,500
PRT-00132,unassigned_point,node/9437274815,no,41.1633627,-8.5898622,Repsol,yes,24/7,Mobi.E,Avenida Fernão de Magalhães,Porto,,,+351 800 226 624,https://www.mobie.pt/,1,120,50 kW,500,0,0,0,0,0,0,0,0,0,0,0,0,1,32,22 kW,400,1,125,50 kW,500
PRT-00133,unassigned_point,node/9338579591,no,41.1614976,-8.656377,Repsol,yes,24/7,Mobi.E,,,,,+351 800 226 624,https://www.mobie.pt/,1,120,45 kW,500,0,0,0,0,0,0,0,0,0,0,0,0,1,32,22 kW,400,1,125,45 kW,500
PRT-00152,unassigned_point,node/9571079479,no,41.1723125,-8.6262109,Repsol,yes,24/7,Mobi.E,,,,,+351 800 226 624,https://www.mobie.pt,1,80,30 kW,500,0,0,0,0,0,0,0,0,0,0,0,0,1,32,22 kW,400,1,80,30 kW,500
PRT-00179,unassigned_point,node/10722059086,no,41.1626939,-8.6536783,EDP,yes,12:00-22:30,Mobi.E,,,,,+351 800 222 222,https://www.mobie.pt/,1,120,50 kW,500,0,0,0,0,0,0,0,0,0,0,0,0,0,0,0,0,1,200,120 kW,1000
PRT-00180,unassigned_point,node/10777696091,no,41.151803,-8.625482,Repsol,yes,24/7,Mobi.E,,,,,+351 800 226 624,https://www.mobie.pt/,1,125,50 kW,500,0,0,0,0,0,0,0,0,0,0,0,0,1,32,22 kW,400,1,150,60 kW,500
PRT-00182,unassigned_point,node/10967642831,no,41.1531729,-8.6520296,EDP,yes,24/7,Mobi.E,,,,,+351 800 222 222,https://www.mobie.pt/,0,0,0,0,0,0,0,0,0,0,0,0,2,32,22 kW,400,0,0,0,0,0,0,0,0
PRT-00187,unassigned_point,node/12997096333,no,41.1472118,-8.6210906,Logical Gravity,yes,"Mo 00:00-01:00,07:00-01:00; Tu-Th 07:00-01:00; Fr 07:00-24:00; Sa,Su 00:00-24:00",Mobi.E,,,,,+351 210 939 606;+351 224 801 080,https://www.mobie.pt,0,0,0,0,0,0,0,0,0,0,0,0,1,32,7.4 kW,230,0,0,0,0,0,0,0,0
PRT-00218,unassigned_point,node/10040504086,no,41.1848727,-8.6086456,Atlante,yes,24/7,Mobi.E,,,,,+351 800 296 929;+351 234 246 050,https://www.mobie.pt/,1,120,50 kW,500,0,0,0,0,0,0,0,0,0,0,0,0,1,32,22 kW,400,1,125,50 kW,500
PRT-00219,unassigned_point,node/10040504087,no,41.17265,-8.638926,Atlante,yes,24/7,Mobi.E,,,,,+351 800 296 929;+351 234 246 050,https://www.mobie.pt/,1,120,50 kW,500,0,0,0,0,0,0,0,0,0,0,0,0,1,32,22 kW,400,1,125,50 kW,500
PRT-00220,unassigned_point,node/10040504091,no,41.1710399,-8.6591724,Atlante,yes,08:00-21:00,Mobi.E,,,,,+351 800 296 929;+351 234 246 050,https://www.mobie.pt/,1,120,50 kW,500,0,0,0,0,0,0,0,0,0,0,0,0,1,32,22 kW,400,1,125,50 kW,500
PRT-00226,unassigned_point,node/8228935979,no,41.1734976,-8.6264891,Atlante,yes,24/7,Mobi.E,Rua Henrique Medina,Porto,,,+351 800 296 929;+351 234 246 050,https://www.mobie.pt,1,120,50 kW,500,0,0,0,0,0,0,0,0,0,0,0,0,1,32,22 kW,400,1,125,50 kW,500
PRT-00227,unassigned_point,node/8228846822,no,41.1628707,-8.66736,Atlante,yes,24/7,Mobi.E,Rua de José Gomes Ferreira,Porto,,,+351 800 296 929;+351 234 246 050,https://www.mobie.pt,1,120,50 kW,500,0,0,0,0,0,0,0,0,0,0,0,0,1,32,22 kW,400,1,125,50 kW,500
PRT-00228,unassigned_point,node/10040504090,no,41.1582214,-8.6640695,Atlante,yes,24/7,Mobi.E,,,,,+351 800 296 929;+351 234 246 050,https://www.mobie.pt/,1,125,50 kW,500,0,0,0,0,0,0,0,0,0,0,0,0,1,32,22 kW,400,1,150,60 kW,500
PRT-00229,unassigned_point,node/10056853552,no,41.1778145,-8.6542624,Atlante,yes,09:00-21:30,Mobi.E,,,,,+351 800 296 929;+351 234 246 050,https://www.mobie.pt,1,120,30 kW,500,0,0,0,0,0,0,0,0,0,0,0,0,1,32,22 kW,400,1,125,30 kW,500
PRT-00230,unassigned_point,node/8113052496,no,41.1623772,-8.6060584,KLC Serviços,yes,24/7,Mobi.E,,,,,+351 800 202 060,https://www.mobie.pt,0,0,0,0,0,0,0,0,0,0,0,0,2,32,22 kW,400,0,0,0,0,0,0,0,0
PRT-00237,unassigned_point,node/8079134001,no,41.1617147,-8.6282034,Galp Power,yes,24/7,Mobi.E,Avenida de França,Porto,,,+351 800 249 249,https://www.mobie.pt,1,120,50 kW,500,0,0,0,0,0,0,0,0,0,0,0,0,0,0,0,0,1,125,50 kW,500
PRT-00239,unassigned_point,node/10218080757,no,41.1780373,-8.6541293,Atlante,yes,24/7,Mobi.E,,,,,+351 800 296 929;+351 234 246 050,https://www.mobie.pt/,0,0,0,0,0,0,0,0,0,0,0,0,2,32,22 kW,400,0,0,0,0,0,0,0,0
PRT-00242,unassigned_point,node/11869368936,no,41.1709332,-8.5703247,Powerdot,yes,10:00-22:00,Mobi.E,,,,,+351 800 180 292,https://www.mobie.pt/,0,0,0,0,0,0,0,0,0,0,0,0,2,32,22 kW,400,0,0,0,0,0,0,0,0
PRT-00246,unassigned_point,node/12031823622,no,41.159838,-8.609555,Helexia II,yes,24/7,Mobi.E,,,,,+351 210 181 157,https://www.mobie.pt/,0,0,0,0,0,0,0,0,0,0,0,0,0,0,0,0,0,0,0,0,2,150,50 kW,1000
PRT-00253,unassigned_point,node/12090293626,no,41.1700935,-8.5717368,EDP,yes,24/7,Mobi.E,,,,,+351 800 222 222,https://www.mobie.pt/,1,125,50 kW,500,0,0,0,0,0,0,0,0,0,0,0,0,0,0,0,0,1,300,120 kW,1000
PRT-00283,unassigned_point,node/12412269458,no,41.1592559,-8.639113,Atlante,yes,08:00-22:00,Mobi.E,,,,,+351 800 296 929;+351 234 246 050,https://www.mobie.pt,1,125,50 kW,500,0,0,0,0,0,0,0,0,0,0,0,0,1,32,22 kW,400,1,150,60 kW,500
PRT-00284,unassigned_point,node/12357982269,no,41.1680985,-8.5984888,Atlante,yes,09:00-21:00,Mobi.E,,,,,+351 800 296 929;+351 234 246 050,https://www.mobie.pt,1,125,50 kW,500,0,0,0,0,0,0,0,0,0,0,0,0,1,32,22 kW,400,1,150,60 kW,500
PRT-00285,unassigned_point,node/12396651739,no,41.1486221,-8.6199123,Iberdrola,yes,24/7,Mobi.E,,,,,+351 800 607 717,https://www.mobie.pt/,0,0,0,0,0,0,0,0,0,0,0,0,2,32,22 kW,400,0,0,0,0,0,0,0,0
PRT-00309,unassigned_point,node/8234919876,no,41.1522792,-8.6527177,Galp Power,yes,24/7,Mobi.E,Rua Interior,Porto,,,+351 800 249 249,https://www.mobie.pt,1,120,50 kW,500,0,0,0,0,0,0,0,0,0,0,0,0,1,63,43 kW,400,1,125,50 kW,500
PRT-00310,unassigned_point,node/8235071744,no,41.1577885,-8.6335507,Galp Power,yes,08:30-21:30,Mobi.E,Rua de Agramonte,Porto,,,+351 800 249 249,https://www.mobie.pt,1,120,50 kW,500,0,0,0,0,0,0,0,0,0,0,0,0,1,63,43 kW,400,1,125,50 kW,500
PRT-00311,unassigned_point,node/9045571740,no,41.1692235,-8.610882,Galp Power,yes,24/7,Mobi.E,,,,,+351 800 249 249,https://www.mobie.pt,1,120,50 kW,500,0,0,0,0,0,0,0,0,0,0,0,0,1,63,43 kW,400,1,125,50 kW,500
PRT-00312,unassigned_point,node/8757685136,no,41.1800962,-8.5815242,Galp Power,yes,24/7,Mobi.E,,Porto,,,+351 800 249 249,https://www.mobie.pt,1,120,50 kW,500,0,0,0,0,0,0,0,0,0,0,0,0,1,63,43 kW,400,1,125,50 kW,500
PRT-00313,unassigned_point,node/9848051171,no,41.1775651,-8.6559096,Galp Power,yes,24/7,Mobi.E,,,,,+351 800 249 249,https://www.mobie.pt/,1,120,50 kW,500,0,0,0,0,0,0,0,0,0,0,0,0,1,32,22 kW,400,1,125,50 kW,500
PRT-00314,unassigned_point,node/12184179571,no,41.1586555,-8.593575,Galp Power,yes,08:00-22:00,Mobi.E,,,,,+351 800 249 249,https://www.mobie.pt/,1,120,50 kW,500,0,0,0,0,0,0,0,0,0,0,0,0,1,32,22 kW,400,1,125,50 kW,500
PRT-00315,unassigned_point,node/12184179570,no,41.1491891,-8.5944437,Galp Power,yes,08:00-22:00,Mobi.E,,,,,+351 800 249 249,https://www.mobie.pt/,1,120,50 kW,500,0,0,0,0,0,0,0,0,0,0,0,0,1,32,22 kW,400,1,125,50 kW,500
PRT-00321,unassigned_point,node/8385342223,no,41.1456352,-8.5779329,Galp Power,yes,24/7,Mobi.E,Estrada da Circunvalação,Porto,,,+351 800 249 249,https://www.mobie.pt,0,0,0,0,0,0,0,0,0,0,0,0,0,0,0,0,0,0,0,0,2,250,90 kW,1000
PRT-00322,unassigned_point,node/8078271807,no,41.1640989,-8.6393805,Galp Power,yes,24/7,Mobi.E,Avenida Sidónio Pais,Porto,,,+351 800 249 249,https://www.mobie.pt,0,0,0,0,0,0,0,0,0,0,0,0,0,0,0,0,0,0,0,0,2,250,90 kW,1000
PRT-00333,unassigned_point,node/13077884680,no,41.1644844,-8.5895266,Repsol,yes,24/7,Mobi.E,,,,,,https://www.mobie.pt/,1,120,50 kW,500,0,0,0,0,0,0,0,0,0,0,0,0,0,0,0,0,1,250,120 kW,1000
PRT-00334,unassigned_point,node/13389457341,no,41.1770418,-8.6171704,Atlante,yes,08:00-21:00,Mobi.E,,,,,+351 800 296 929;+351 234 246 050,https://www.mobie.pt/,0,0,0,0,0,0,0,0,0,0,0,0,0,0,0,0,0,0,0,0,2,150,60 kW,500
PRT-00335,unassigned_point,node/13323087728,no,41.1802054,-8.6188094,Iberdrola,yes,09:00-21:00,Mobi.E,,,,,+351 800 607 717,https://www.mobie.pt/,0,0,0,0,0,0,0,0,0,0,0,0,2,32,22 kW,400,0,0,0,0,0,0,0,0
PRT-00360,unassigned_point,node/8228940767,no,41.1745273,-8.6100496,Powerdot,yes,24/7,Mobi.E,Rua de Leonardo Coimbra,Porto,,,+351 800 180 292,https://www.mobie.pt,0,0,0,0,0,0,0,0,0,0,0,0,1,32,22 kW,400,0,0,0,0,2,400,100 kW,1000
PRT-00368,unassigned_point,node/11673676754,no,41.1821736,-8.6466386,Charging Together,yes,24/7,Mobi.E,,,,,+351 800 917 576,https://www.mobie.pt/,1,200,80 kW,500,0,0,0,0,0,0,0,0,0,0,0,0,0,0,0,0,2,500,150 kW,1000
PRT-90086,unassigned_point,node/3341719224,no,41.158673,-8.6317523,EDP,yes,24/7,Mobi.E,,,,,+351 800 222 222,https://www.mobie.pt,0,0,0,0,0,0,0,0,0,0,0,0,2,32,7.4 kW,230,0,0,0,0,0,0,0,0
PSR-00010,unassigned_point,node/11513771564,no,39.2442659,-8.0215727,EDP,yes,24/7,Mobi.E,,,,,+351 800 222 222,https://www.mobie.pt/,0,0,0,0,0,0,0,0,0,0,0,0,2,32,22 kW,400,0,0,0,0,0,0,0,0
PSR-00012,unassigned_point,node/12046802446,no,39.245312,-8.017081,Cepsa,yes,24/7,Mobi.E,,,,,,https://www.mobie.pt/,0,0,0,0,0,0,0,0,0,0,0,0,0,0,0,0,0,0,0,0,2,500,300 kW,1000
PSR-00018,unassigned_point,node/12063966302,no,39.2578419,-8.0165668,Galp Power,yes,24/7,Mobi.E,,,,,+351 800 249 249,https://www.mobie.pt/,1,120,50 kW,500,0,0,0,0,0,0,0,0,0,0,0,0,1,32,22 kW,400,1,125,50 kW,500
PSR-00021,unassigned_point,node/8833416440,no,39.2681083,-8.0129129,Atlante,yes,24/7,Mobi.E,,Ponte de Sor,,,+351 800 296 929;+351 234 246 050,https://www.mobie.pt,0,0,0,0,0,0,0,0,0,0,0,0,0,0,0,0,0,0,0,0,2,150,60 kW,1000
PSR-90001,unassigned_point,node/7765606919,no,39.2523844,-8.0091029,EDP,yes,24/7,Mobi.E,,,,,+351 800 222 222,https://www.mobie.pt,0,0,0,0,0,0,0,0,0,0,0,0,2,32,22 kW,400,0,0,0,0,0,0,0,0
PST-00002,unassigned_point,node/8116260535,no,33.0594424,-16.333696,Emacom,yes,24/7,Mobi.E,,,,,+351 800 221 187,https://www.mobie.pt,0,0,0,0,0,0,0,0,0,0,0,0,2,32,22 kW,400,0,0,0,0,0,0,0,0
PST-00006,unassigned_point,node/11439936371,no,33.0711084,-16.3428816,Charging Together,yes,24/7,Mobi.E,,,,,+351 800 917 576,https://www.mobie.pt,1,200,80 kW,500,0,0,0,0,0,0,0,0,0,0,0,0,0,0,0,0,2,500,150 kW,1000
PST-00016,unassigned_point,node/12188552520,no,33.051404,-16.370742,Emacom,yes,24/7,Mobi.E,,,,,+351 800 221 187,https://www.mobie.pt/,0,0,0,0,0,0,0,0,0,0,0,0,1,32,7.4 kW,230,0,0,0,0,0,0,0,0
PTB-90001,unassigned_point,node/8313022134,no,41.8071751,-8.4148058,Galp Power,yes,24/7,Mobi.E,,,,PT,+351 800 249 249,https://www.mobie.pt,0,0,0,0,0,0,0,0,0,0,0,0,2,32,22 kW,400,0,0,0,0,0,0,0,0
PTG-00002,unassigned_point,node/7770954366,no,39.2944883,-7.4285348,EDP,yes,24/7,Mobi.E,,,,,+351 800 222 222,https://www.mobie.pt,0,0,0,0,0,0,0,0,0,0,0,0,2,32,7.4 kW,230,0,0,0,0,0,0,0,0
PTG-00003,unassigned_point,node/7770950479,no,39.2894264,-7.4291456,Powerdot,yes,24/7,Mobi.E,,,,,+351 800 180 292,https://www.mobie.pt,0,0,0,0,0,0,0,0,0,0,0,0,2,16,3.7 kW,230,0,0,0,0,0,0,0,0
PTG-00014,unassigned_point,node/9904678550,no,39.2817999,-7.430425,EDP,yes,24/7,Mobi.E,,,,,+351 800 222 222,https://www.mobie.pt,1,125,50 kW,500,0,0,0,0,0,0,0,0,1,32,22 kW,400,0,0,0,0,1,200,90 kW,1000
PTG-00016,unassigned_point,node/9572465513,no,39.2767967,-7.4324846,EDP,yes,Mo-Sa 08:30-20:00; Su 09:00-13:00,Mobi.E,,,,,+351 800 222 222,https://www.mobie.pt/,1,125,50 kW,500,0,0,0,0,0,0,0,0,0,0,0,0,1,32,22 kW,400,1,200,90 kW,1000
PTG-00019,unassigned_point,node/11380474040,no,39.2765728,-7.429702,EDP,yes,24/7,Mobi.E,,,,,+351 800 222 222,https://www.mobie.pt/,0,0,0,0,0,0,0,0,0,0,0,0,2,32,22 kW,400,0,0,0,0,0,0,0,0
PTG-00021,unassigned_point,node/10990150878,no,39.2992275,-7.4292659,Atlante,yes,09:00-21:00,Mobi.E,,,,,+351 800 296 929;+351 234 246 050,https://www.mobie.pt/,1,120,30 kW,500,0,0,0,0,0,0,0,0,0,0,0,0,1,32,22 kW,400,1,75,30 kW,500
PTG-00023,unassigned_point,node/11624943332,no,39.2789331,-7.4318513,Cepsa,yes,24/7,Mobi.E,,,,,,https://www.mobie.pt/,0,0,0,0,0,0,0,0,0,0,0,0,0,0,0,0,0,0,0,0,1,500,150 kW,1000
PTG-00024,unassigned_point,node/11678732876,no,39.2801526,-7.4314323,Charging Together,yes,24/7,Mobi.E,,,,,+351 800 917 576,https://www.mobie.pt,1,200,80 kW,500,0,0,0,0,0,0,0,0,0,0,0,0,0,0,0,0,2,500,150 kW,1000
PTG-00029,unassigned_point,node/12712893499,no,39.268946,-7.4199977,Prio.E,yes,24/7,Mobi.E,,,,,+351 800 100 303,https://www.mobie.pt/,0,0,0,0,0,0,0,0,0,0,0,0,0,0,0,0,0,0,0,0,2,400,180 kW,1000
PTG-00031,unassigned_point,node/8289952652,no,39.2808014,-7.4310554,Galp Power,yes,24/7,Mobi.E,,Portalegre,,,+351 800 249 249,https://www.mobie.pt,1,120,50 kW,500,0,0,0,0,0,0,0,0,0,0,0,0,1,63,43 kW,400,1,125,50 kW,500
PTG-90001,unassigned_point,node/7770882156,no,39.2959538,-7.4298444,Galp Power,yes,24/7,Mobi.E,,,,,+351 800 249 249,https://www.mobie.pt,0,0,0,0,0,0,0,0,0,0,0,0,2,16,3.7 kW,230,0,0,0,0,0,0,0,0
PTG-90004,unassigned_point,node/7770962109,no,39.2691968,-7.420413,EDP,yes,24/7,Mobi.E,,,,,+351 800 222 222,https://www.mobie.pt,0,0,0,0,0,0,0,0,0,0,0,0,2,16,3.7 kW,230,0,0,0,0,0,0,0,0
PTL-00003,unassigned_point,node/8082083828,no,41.7673967,-8.5818699,EVCE,yes,24/7,Mobi.E,Calçada dos Quarteis,Ponte de Lima,,,+351 800 301 303,https://www.mobie.pt,1,120,50 kW,500,0,0,0,0,0,0,0,0,0,0,0,0,0,0,0,0,1,125,50 kW,500
PTL-00007,unassigned_point,node/9045571734,no,41.7736162,-8.5924333,Powerdot,yes,24/7,Mobi.E,,,,,+351 800 180 292,https://www.mobie.pt,1,120,50 kW,500,0,0,0,0,0,0,0,0,0,0,0,0,1,63,43 kW,400,1,125,50 kW,500
PTL-00009,unassigned_point,node/9847807941,no,41.766339,-8.5949246,Repsol,yes,24/7,Mobi.E,,,,,+351 800 226 624,https://www.mobie.pt,1,80,30 kW,500,0,0,0,0,0,0,0,0,0,0,0,0,1,32,22 kW,400,1,80,30 kW,500
PTL-00011,unassigned_point,node/9847687372,no,41.7589534,-8.5856927,EDP,yes,24/7,Mobi.E,,,,,+351 800 222 222,https://www.mobie.pt/,1,125,50 kW,500,0,0,0,0,0,0,0,0,1,32,22 kW,400,0,0,0,0,1,200,90 kW,1000
PTL-00016,unassigned_point,node/11735162516,no,41.809174,-8.6764492,Iberdrola,yes,24/7,Mobi.E,,,,,+351 800 607 717,https://www.mobie.pt/,0,0,0,0,0,0,0,0,0,0,0,0,0,0,0,0,2,16,11 kW,400,0,0,0,0
PTL-00018,unassigned_point,node/11914242913,no,41.6512127,-8.6228161,Logical Gravity,yes,24/7,Mobi.E,,,,,+351 210 939 606;+351 224 801 080,https://www.mobie.pt/,0,0,0,0,0,0,0,0,0,0,0,0,2,32,22 kW,400,0,0,0,0,0,0,0,0
PTL-00020,unassigned_point,node/12629968522,no,41.752808,-8.581097,Galp Power,yes,24/7,Mobi.E,,,,,+351 800 249 249,https://www.mobie.pt/,0,0,0,0,0,0,0,0,0,0,0,0,0,0,0,0,0,0,0,0,2,250,200 kW,1000
PTL-00026,unassigned_point,node/13256817072,no,41.766658,-8.5946016,Repsol,yes,24/7,Mobi.E,,,,,+351 800 226 624,https://www.mobie.pt/,1,125,50 kW,500,0,0,0,0,0,0,0,0,0,0,0,0,1,63,43 kW,400,1,125,50 kW,500
PTL-00027,unassigned_point,node/8235113638,no,41.7718678,-8.5744737,Galp Power,yes,24/7,Mobi.E,,Ponte de Lima,,,+351 800 249 249,https://www.mobie.pt,1,120,50 kW,500,0,0,0,0,0,0,0,0,0,0,0,0,1,63,43 kW,400,1,125,50 kW,500
PTL-00033,unassigned_point,node/13399595915,no,41.7558,-8.585214,REMO,yes,24/7,Mobi.E,,,,,+351 800 020 940,https://www.mobie.pt/,0,0,0,0,0,0,0,0,0,0,0,0,0,0,0,0,0,0,0,0,2,200,80 kW,1000
PTL-00038,unassigned_point,node/10022775168,no,41.754984,-8.5852258,Powerdot,yes,24/7,Mobi.E,,,,,+351 800 180 292,https://www.mobie.pt/,1,125,50 kW,500,0,0,0,0,0,0,0,0,1,32,22 kW,400,0,0,0,0,1,400,100 kW,1000
PTL-00039,unassigned_point,node/9455303727,no,41.744324,-8.6096842,Prio.E,yes,24/7,Mobi.E,,,,,+351 800 100 303,https://www.mobie.pt/,0,0,0,0,0,0,0,0,0,0,0,0,0,0,0,0,0,0,0,0,2,250,90 kW,1000
PTM-00003,unassigned_point,node/7137663425,no,37.1491703,-8.5501206,EV Power,yes,09:00-21:00,Mobi.E,Rua Adega da Cooperativa,Portimão,,,+351 800 254 565,https://www.mobie.pt,0,0,0,0,0,0,0,0,0,0,0,0,2,32,22 kW,400,0,0,0,0,0,0,0,0
PTM-00027,unassigned_point,node/7560805920,no,37.14815,-8.5504946,Bluecharge,yes,24/7,Mobi.E,Rua Adega da Cooperativa,Portimão,,,+351 800 450 165,https://www.mobie.pt,0,0,0,0,0,0,0,0,0,0,0,0,2,32,22 kW,400,0,0,0,0,0,0,0,0
PTM-00031,unassigned_point,node/10634795501,no,37.1472257,-8.5437185,EDP,yes,10:00-23:00,Mobi.E,,,,,+351 800 222 222,https://www.mobie.pt/,1,120,50 kW,500,0,0,0,0,0,0,0,0,0,0,0,0,1,32,22 kW,400,1,125,50 kW,500
PTM-00037,unassigned_point,node/8206970204,no,37.1306135,-8.5453411,Galp Power,yes,24/7,Mobi.E,Avenida São Lourenço da Barrosa (V6),Portimão,,,+351 800 249 249,https://www.mobie.pt,1,120,50 kW,500,0,0,0,0,0,0,0,0,0,0,0,0,1,63,43 kW,400,1,125,50 kW,500
PTM-00046,unassigned_point,node/11705037615,no,37.1176569,-8.529549,EV Power,yes,24/7,Mobi.E,,,,,+351 800 254 565,https://www.mobie.pt/,0,0,0,0,0,0,0,0,0,0,0,0,0,0,0,0,0,0,0,0,2,200,180 kW,1000
PTM-00047,unassigned_point,node/11382360064,no,37.118437,-8.5294436,EV Power,yes,24/7,Mobi.E,,,,,+351 800 254 565,https://www.mobie.pt/,0,0,0,0,0,0,0,0,0,0,0,0,2,32,22 kW,400,0,0,0,0,0,0,0,0
PTM-00050,unassigned_point,node/10647595603,no,37.1341383,-8.590945,Atlante,yes,08:00-21:30,Mobi.E,,,,,+351 800 296 929;+351 234 246 050,https://www.mobie.pt/,1,120,50 kW,500,0,0,0,0,0,0,0,0,0,0,0,0,1,32,22 kW,400,1,125,50 kW,500
PTM-00051,unassigned_point,node/10675888135,no,37.1419792,-8.5423797,Atlante,yes,24/7,Mobi.E,,,,,+351 800 296 929;+351 234 246 050,https://www.mobie.pt/,1,120,50 kW,500,0,0,0,0,0,0,0,0,0,0,0,0,1,32,22 kW,400,1,125,50 kW,500
PTM-00053,unassigned_point,node/9659313462,no,37.1307438,-8.5759455,KLC Serviços,yes,24/7,Mobi.E,,,,,+351 800 202 060,https://www.mobie.pt/,0,0,0,0,0,0,0,0,0,0,0,0,2,32,22 kW,400,0,0,0,0,0,0,0,0
PTM-00056,unassigned_point,node/11513954841,no,37.1497808,-8.5394306,Repsol,yes,24/7,Mobi.E,,,,,+351 800 226 624,https://www.mobie.pt/,1,125,50 kW,500,0,0,0,0,0,0,0,0,0,0,0,0,1,32,22 kW,400,1,150,60 kW,500
PTM-00067,unassigned_point,node/12236302762,no,37.1451011,-8.5551802,EDP,yes,24/7,Mobi.E,,,,,+351 800 222 222,https://www.mobie.pt/,0,0,0,0,0,0,0,0,0,0,0,0,2,32,7.4 kW,230,0,0,0,0,0,0,0,0
PTM-00074,unassigned_point,node/9799679405,no,37.1341714,-8.5462742,Galp Power,yes,24/7,Mobi.E,,Portimão,,,+351 800 249 249,https://www.mobie.pt/,1,120,50 kW,500,0,0,0,0,0,0,0,0,0,0,0,0,1,32,22 kW,400,1,125,50 kW,500
PTM-00083,unassigned_point,node/10647619605,no,37.1348042,-8.5372798,Atlante,yes,08:00-21:30,Mobi.E,,,,,+351 800 296 929;+351 234 246 050,https://www.mobie.pt/,0,0,0,0,0,0,0,0,0,0,0,0,0,0,0,0,0,0,0,0,2,300,100 kW,1000
PTM-90001,unassigned_point,node/7190841643,no,37.1198071,-8.5361751,Galp Power,yes,24/7,Mobi.E,Rua António Feu,Portimão,,,+351 800 249 249,https://www.mobie.pt,0,0,0,0,0,0,0,0,0,0,0,0,2,32,22 kW,400,0,0,0,0,0,0,0,0
PTM-90008,unassigned_point,node/8270246278,no,37.1364305,-8.5348195,Galp Power,yes,24/7,Mobi.E,,,,,+351 800 249 249,https://www.mobie.pt,0,0,0,0,0,0,0,0,0,0,0,0,2,32,22 kW,400,0,0,0,0,0,0,0,0
PTS-00001,unassigned_point,node/9458801228,no,32.679827,-17.0867537,Factor Energia,yes,24/7,Mobi.E,,,,,+351 800 100 013,https://www.mobie.pt/,0,0,0,0,0,0,0,0,0,0,0,0,2,32,22 kW,400,0,0,0,0,0,0,0,0
PVC-00001,unassigned_point,node/8082074289,no,37.7708536,-25.2953057,Galp Geste,yes,24/7,Mobi.E,Estrada Regional dos Tambores,Furnas,,,+351 800 249 249,https://www.mobie.pt,1,120,50 kW,500,0,0,0,0,0,0,0,0,0,0,0,0,1,63,43 kW,400,1,125,50 kW,500
PVC-00003,unassigned_point,node/8270360530,no,37.7465023,-25.2457184,SEGMA,yes,24/7,Mobi.E,,,,,+351 296 20 22 09,https://www.mobie.pt,0,0,0,0,0,0,0,0,0,0,0,0,2,32,22 kW,400,0,0,0,0,0,0,0,0
PVC-00004,unassigned_point,node/13248795180,no,37.7731899,-25.3144533,SEGMA,yes,24/7,Mobi.E,,,,,+351 296 20 22 09,https://www.mobie.pt/,0,0,0,0,0,0,0,0,0,0,0,0,2,32,22 kW,400,0,0,0,0,0,0,0,0
PVL-00006,unassigned_point,node/11410771630,no,41.5941595,-8.2223864,EDP,yes,24/7,Mobi.E,,,,PT,+351 800 222 222,https://www.mobie.pt/,0,0,0,0,0,0,0,0,0,0,0,0,2,32,22 kW,400,0,0,0,0,0,0,0,0
PVL-00007,unassigned_point,node/12949684373,no,41.5753359,-8.2769749,Galp Power,yes,24/7,Mobi.E,,,,PT,+351 800 249 249,https://www.mobie.pt/,1,120,50 kW,500,0,0,0,0,0,0,0,0,0,0,0,0,1,32,22 kW,400,1,125,50 kW,500
PVZ-00002,unassigned_point,node/8231889334,no,41.3923561,-8.7538482,Prio.E,yes,24/7,Mobi.E,Avenida 25 de Abril,Póvoa de Varzim,,,+351 800 100 303,https://www.mobie.pt,1,120,30 kW,500,0,0,0,0,0,0,0,0,0,0,0,0,0,0,0,0,1,125,30 kW,500
PVZ-00011,unassigned_point,node/8693944208,no,41.3888558,-8.7635879,Galp Geste,yes,24/7,Mobi.E,Avenida do Mar,Póvoa de Varzim,,,+351 800 249 249,https://www.mobie.pt,1,120,50 kW,500,0,0,0,0,0,0,0,0,0,0,0,0,1,63,43 kW,400,1,125,50 kW,500
PVZ-00012,unassigned_point,node/9455737718,no,41.374819,-8.7461633,Repsol,yes,24/7,Mobi.E,,,,,+351 800 226 624,https://www.mobie.pt/,1,120,30 kW,500,0,0,0,0,0,0,0,0,0,0,0,0,1,32,22 kW,400,1,80,30 kW,500
PVZ-00016,unassigned_point,node/9588613160,no,41.3944786,-8.7672457,EDP,yes,24/7,Mobi.E,,,,,+351 800 222 222,https://www.mobie.pt/,1,125,50 kW,500,0,0,0,0,0,0,0,0,1,32,22 kW,400,0,0,0,0,1,200,90 kW,1000
PVZ-00017,unassigned_point,node/9703659445,no,41.3930001,-8.751639,Iberdrola,yes,09:00-21:30,Mobi.E,,,,,+351 800 607 717,https://www.mobie.pt/,0,0,0,0,0,0,0,0,0,0,0,0,2,32,22 kW,400,0,0,0,0,0,0,0,0
PVZ-00023,unassigned_point,node/10700491813,no,41.4144669,-8.65192,Helexia II,yes,09:00-21:00,Mobi.E,,,,,+351 210 181 157,https://www.mobie.pt/,1,120,50 kW,500,0,0,0,0,0,0,0,0,0,0,0,0,1,16,11 kW,400,1,125,50 kW,500
PVZ-00026,unassigned_point,node/10700486291,no,41.3770702,-8.7585982,Helexia II,yes,09:00-21:00,Mobi.E,,,,,+351 210 181 157,https://www.mobie.pt/,1,120,50 kW,500,0,0,0,0,0,0,0,0,0,0,0,0,1,16,11 kW,400,1,125,50 kW,500
PVZ-00029,unassigned_point,node/10948848125,no,41.3792569,-8.7588347,Galp Power,yes,24/7,Mobi.E,,,,,+351 800 249 249,https://www.mobie.pt/,0,0,0,0,0,0,0,0,0,0,0,0,0,0,0,0,0,0,0,0,2,350,160 kW,1000
PVZ-00030,unassigned_point,node/11487067610,no,41.3779799,-8.7660925,EcoInside,yes,24/7,Mobi.E,,,,,+351 22 617 33 43,https://www.mobie.pt/,0,0,0,0,0,0,0,0,0,0,0,0,0,0,0,0,0,0,0,0,2,200,100 kW,1000
PVZ-00031,unassigned_point,node/11488012146,no,41.386504,-8.7711157,EcoInside,yes,24/7,Mobi.E,,,,,+351 22 617 33 43,https://www.mobie.pt/,0,0,0,0,0,0,0,0,0,0,0,0,0,0,0,0,0,0,0,0,2,200,100 kW,1000
PVZ-00032,unassigned_point,node/11509354248,no,41.403101,-8.770266,EcoInside,yes,24/7,Mobi.E,,,,,+351 22 617 33 43,https://www.mobie.pt/,0,0,0,0,0,0,0,0,0,0,0,0,0,0,0,0,0,0,0,0,2,200,100 kW,1000
PVZ-00033,unassigned_point,node/11548088247,no,41.3810216,-8.761217,EcoInside,yes,24/7,Mobi.E,,,,,+351 22 617 33 43,https://www.mobie.pt/,0,0,0,0,0,0,0,0,0,0,0,0,0,0,0,0,0,0,0,0,2,200,100 kW,1000
PVZ-00043,unassigned_point,node/12891766077,no,41.4458519,-8.7539775,Galp Power,yes,24/7,Mobi.E,,,,,+351 800 249 249,https://www.mobie.pt/,0,0,0,0,0,0,0,0,0,0,0,0,0,0,0,0,0,0,0,0,2,250,120 kW,1000
PVZ-00046,unassigned_point,node/10681530962,no,41.3953215,-8.7665487,Galp Power,yes,24/7,Mobi.E,,,,,+351 800 249 249,https://www.mobie.pt/,1,120,50 kW,500,0,0,0,0,0,0,0,0,0,0,0,0,1,32,22 kW,400,1,125,50 kW,500
RBR-00003,unassigned_point,node/10112116967,no,32.6823169,-17.0532551,Repsol,yes,24/7,Mobi.E,,,,,+351 800 226 624,https://www.mobie.pt/,1,125,50 kW,500,0,0,0,0,0,0,0,0,0,0,0,0,1,32,22 kW,400,1,150,60 kW,500
RDD-00001,unassigned_point,node/7746361526,no,38.6452156,-7.54334,Atlante,yes,24/7,Mobi.E,,,,PT,+351 800 296 929;+351 234 246 050,https://www.mobie.pt,0,0,0,0,0,0,0,0,0,0,0,0,2,32,22 kW,400,0,0,0,0,0,0,0,0
RDD-00002,unassigned_point,node/11682251924,no,38.6536125,-7.5478039,EDP,yes,24/7,Mobi.E,,,,PT,+351 800 222 222,https://www.mobie.pt/,0,0,0,0,0,0,0,0,0,0,0,0,2,16,11 kW,400,0,0,0,0,0,0,0,0
RDD-00003,unassigned_point,node/13302560952,no,38.6433283,-7.5561721,Veimonte,yes,09:00-18:00,Mobi.E,,,,,+351 266 896 443,https://www.mobie.pt/,0,0,0,0,0,0,0,0,0,0,0,0,0,0,0,0,1,32,7.4 kW,400,0,0,0,0
RGR-00001,unassigned_point,node/8220719523,no,37.8060183,-25.548757,Mobiletric,yes,24/7,Mobi.E,Estrada Regional da Ribeira Seca,Ribeira Grande,,,+351 800 249 249,https://www.mobie.pt,1,120,50 kW,500,0,0,0,0,0,0,0,0,0,0,0,0,1,63,43 kW,400,1,125,50 kW,500
RGR-00003,unassigned_point,node/8450809792,no,37.8086919,-25.5661738,SEGMA,yes,24/7,Mobi.E,,,,,+351 296 20 22 09,https://www.mobie.pt,0,0,0,0,0,0,0,0,0,0,0,0,2,32,22 kW,400,0,0,0,0,0,0,0,0
RGR-00004,unassigned_point,node/9716350584,no,37.824021,-25.520936,SEGMA,yes,24/7,Mobi.E,,,,,+351 296 20 22 09,https://www.mobie.pt/,0,0,0,0,0,0,0,0,0,0,0,0,2,32,22 kW,400,0,0,0,0,0,0,0,0
RGR-00005,unassigned_point,node/9716350582,no,37.818692,-25.540417,SEGMA,yes,24/7,Mobi.E,,,,,+351 296 20 22 09,https://www.mobie.pt/,0,0,0,0,0,0,0,0,0,0,0,0,2,32,22 kW,400,0,0,0,0,0,0,0,0
RGR-00006,unassigned_point,node/9716350581,no,37.82507,-25.522553,SEGMA,yes,24/7,Mobi.E,,,,,+351 296 20 22 09,https://www.mobie.pt/,0,0,0,0,0,0,0,0,0,0,0,0,2,32,22 kW,400,0,0,0,0,0,0,0,0
RGR-00007,unassigned_point,node/10031272522,no,37.8181401,-25.5307393,SEGMA,yes,24/7,Mobi.E,,,,,+351 296 20 22 09,https://www.mobie.pt/,0,0,0,0,0,0,0,0,0,0,0,0,2,32,22 kW,400,0,0,0,0,0,0,0,0
RGR-00009,unassigned_point,node/11877520417,no,37.787007,-25.603542,SEGMA,yes,24/7,Mobi.E,,,,,+351 296 20 22 09,https://www.mobie.pt/,0,0,0,0,0,0,0,0,0,0,0,0,2,32,22 kW,400,0,0,0,0,0,0,0,0
RGR-00011,unassigned_point,node/13019730152,no,37.8019655,-25.611821,SEGMA,yes,24/7,Mobi.E,,,,,,https://www.mobie.pt/,0,0,0,0,0,0,0,0,0,0,0,0,2,32,22 kW,400,0,0,0,0,0,0,0,0
RGR-00012,unassigned_point,node/13019690475,no,37.814896,-25.5817807,SEGMA,yes,24/7,Mobi.E,,,,,,https://www.mobie.pt/,0,0,0,0,0,0,0,0,0,0,0,0,2,32,22 kW,400,0,0,0,0,0,0,0,0
RGR-00013,unassigned_point,node/13019730799,no,37.812927,-25.535208,SEGMA,yes,24/7,Mobi.E,,,,,,https://www.mobie.pt/,0,0,0,0,0,0,0,0,0,0,0,0,2,32,22 kW,400,0,0,0,0,0,0,0,0
RGR-00014,unassigned_point,node/13019735338,no,37.82453,-25.514647,SEGMA,yes,24/7,Mobi.E,,,,,,https://www.mobie.pt/,0,0,0,0,0,0,0,0,0,0,0,0,2,32,22 kW,400,0,0,0,0,0,0,0,0
RGR-00015,unassigned_point,node/13825881161,no,37.819584,-25.5207387,SEGMA,yes,24/7,Mobi.E,,,,,,https://www.mobie.pt/,0,0,0,0,0,0,0,0,0,0,0,0,2,32,22 kW,400,0,0,0,0,0,0,0,0
RGR-00016,unassigned_point,node/13019751126,no,37.8198244,-25.5287983,SEGMA,yes,24/7,Mobi.E,,,,,,https://www.mobie.pt/,0,0,0,0,0,0,0,0,0,0,0,0,2,32,22 kW,400,0,0,0,0,0,0,0,0
RGR-00017,unassigned_point,node/13021802338,no,37.8327707,-25.3913033,SEGMA,yes,24/7,Mobi.E,,,,,,https://www.mobie.pt/,0,0,0,0,0,0,0,0,0,0,0,0,2,32,22 kW,400,0,0,0,0,0,0,0,0
RGR-00018,unassigned_point,node/13021802045,no,37.8171103,-25.5313501,SEGMA,yes,24/7,Mobi.E,,,,,,https://www.mobie.pt/,0,0,0,0,0,0,0,0,0,0,0,0,2,32,22 kW,400,0,0,0,0,0,0,0,0
RMR-00002,unassigned_point,node/9456618841,no,39.3281709,-8.9371875,Prio.E,yes,24/7,Mobi.E,,,,,+351 800 100 303,https://www.mobie.pt/,1,125,50 kW,500,0,0,0,0,0,0,0,0,0,0,0,0,0,0,0,0,1,125,60 kW,1000
RMR-00003,unassigned_point,node/9595718481,no,39.3427643,-8.9316331,EDP,yes,24/7,Mobi.E,,,,,+351 800 222 222,https://www.mobie.pt/,1,125,50 kW,500,0,0,0,0,0,0,0,0,0,0,0,0,1,32,22 kW,400,1,200,90 kW,1000
RMR-00007,unassigned_point,node/10605859724,no,39.3403078,-8.9303721,Atlante,yes,24/7,Mobi.E,,,,,+351 800 296 929;+351 234 246 050,https://www.mobie.pt/,1,120,50 kW,500,0,0,0,0,0,0,0,0,0,0,0,0,0,0,0,0,1,150,60 kW,500
RMR-00010,unassigned_point,node/11742456810,no,39.340639,-8.9305235,EDP,yes,24/7,Mobi.E,,,,,+351 800 222 222,https://www.mobie.pt,1,125,50 kW,500,0,0,0,0,0,0,0,0,1,32,22 kW,400,0,0,0,0,1,200,90 kW,1000
RMR-00013,unassigned_point,node/12712903715,no,39.3011032,-8.8965175,Charging Together,yes,24/7,Mobi.E,,,,PT,+351 800 917 576,https://www.mobie.pt,1,200,80 kW,500,0,0,0,0,0,0,0,0,0,0,0,0,0,0,0,0,2,500,150 kW,1000
RMR-00014,unassigned_point,node/9848120745,no,39.3367327,-8.9309498,Galp Power,yes,24/7,Mobi.E,,,,,+351 800 249 249,https://www.mobie.pt/,1,120,50 kW,500,0,0,0,0,0,0,0,0,0,0,0,0,1,32,22 kW,400,1,125,50 kW,500
RMR-00015,unassigned_point,node/13184122351,no,39.3313889,-8.9376781,Atlante,yes,24/7,Mobi.E,,,,,+351 800 296 929;+351 234 246 050,https://www.mobie.pt/,0,0,0,0,0,0,0,0,0,0,0,0,0,0,0,0,0,0,0,0,2,150,60 kW,500
RMR-80001,unassigned_point,node/8281932197,no,39.3369603,-8.935516,Atlante,yes,24/7,Mobi.E,,,,,+351 800 296 929;+351 234 246 050,https://www.mobie.pt,0,0,0,0,0,0,0,0,0,0,0,0,2,32,22 kW,400,0,0,0,0,0,0,0,0
RMZ-00001,unassigned_point,node/8289271960,no,38.4234048,-7.5370313,Powerdot,yes,24/7,Mobi.E,,,,,+351 800 180 292,https://www.mobie.pt,0,0,0,0,0,0,0,0,0,0,0,0,2,32,22 kW,400,0,0,0,0,0,0,0,0
RMZ-00007,unassigned_point,node/11002148883,no,38.4260288,-7.5464295,Atlante,yes,24/7,Mobi.E,,,,,+351 800 296 929;+351 234 246 050,https://www.mobie.pt/,1,125,30 kW,500,0,0,0,0,0,0,0,0,0,0,0,0,0,0,0,0,1,150,30 kW,500
RMZ-00009,unassigned_point,node/10064365717,no,38.4241213,-7.5454786,Galp Power,yes,24/7,Mobi.E,,,,,+351 800 249 249,https://www.mobie.pt,1,120,50 kW,500,0,0,0,0,0,0,0,0,0,0,0,0,1,32,22 kW,400,1,125,50 kW,500
RMZ-80002,unassigned_point,node/8440971144,no,38.4248835,-7.5339913,Atlante,yes,24/7,Mobi.E,,,,,+351 800 296 929;+351 234 246 050,https://www.mobie.pt,0,0,0,0,0,0,0,0,0,0,0,0,2,32,22 kW,400,0,0,0,0,0,0,0,0
RPN-00004,unassigned_point,node/11292042514,no,41.5036885,-7.8017376,SOLX,yes,24/7,Mobi.E,,,,,,https://www.mobie.pt/,0,0,0,0,0,0,0,0,0,0,0,0,2,32,22 kW,400,0,0,0,0,0,0,0,0
RPN-00005,unassigned_point,node/12075901727,no,41.5059039,-7.7992182,SOLX,yes,24/7,Mobi.E,,,,,,https://www.mobie.pt/,0,0,0,0,0,0,0,0,0,0,0,0,2,32,22 kW,400,0,0,0,0,0,0,0,0
RPN-90001,unassigned_point,node/8313012013,no,41.5196412,-7.7930792,Galp Power,yes,24/7,Mobi.E,,,,,+351 800 249 249,https://www.mobie.pt,0,0,0,0,0,0,0,0,0,0,0,0,2,32,22 kW,400,0,0,0,0,0,0,0,0
RSD-00002,unassigned_point,node/11540540868,no,41.1083733,-7.9563522,EDP,yes,24/7,Mobi.E,,,,,+351 800 222 222,https://www.mobie.pt/,0,0,0,0,0,0,0,0,0,0,0,0,2,32,22 kW,400,0,0,0,0,0,0,0,0
RSD-00003,unassigned_point,node/12142756326,no,41.106588,-7.962969,Galp Power,yes,24/7,Mobi.E,,,,,+351 800 249 249,https://www.mobie.pt/,0,0,0,0,0,0,0,0,0,0,0,0,0,0,0,0,0,0,0,0,2,250,120 kW,1000
RSD-00004,unassigned_point,node/12233069523,no,41.1096117,-7.9531169,Charging Together,yes,24/7,Mobi.E,,,,,+351 800 917 576,https://www.mobie.pt,1,200,80 kW,500,0,0,0,0,0,0,0,0,0,0,0,0,0,0,0,0,2,500,150 kW,1000
RSD-90001,unassigned_point,node/8309494922,no,41.105817,-7.965102,EDP,yes,24/7,Mobi.E,,,,,+351 800 222 222,https://www.mobie.pt,0,0,0,0,0,0,0,0,0,0,0,0,2,32,22 kW,400,0,0,0,0,0,0,0,0
SAT-00002,unassigned_point,node/10740188506,no,40.7370587,-7.775653,Prio.E,yes,24/7,Mobi.E,,,,,+351 800 100 303,https://www.mobie.pt/,1,120,50 kW,500,0,0,0,0,0,0,0,0,0,0,0,0,0,0,0,0,1,150,60 kW,1000
SAT-00004,unassigned_point,node/11466710919,no,40.7499944,-7.7360454,Atlante,yes,24/7,Mobi.E,,,,,+351 800 296 929;+351 234 246 050,https://www.mobie.pt/,1,125,50 kW,500,0,0,0,0,0,0,0,0,0,0,0,0,1,32,22 kW,400,1,150,60 kW,500
SAT-00005,unassigned_point,node/13606480864,no,40.746147,-7.731835,Galp Power,yes,24/7,Mobi.E,,,,,+351 800 249 249,https://www.mobie.pt/,0,0,0,0,0,0,0,0,0,0,0,0,0,0,0,0,0,0,0,0,2,300,120 kW,1000
SAT-90001,unassigned_point,node/8112766309,no,40.7432029,-7.7342127,EDP,yes,24/7,Mobi.E,,,,,+351 800 222 222,https://www.mobie.pt,0,0,0,0,0,0,0,0,0,0,0,0,2,32,22 kW,400,0,0,0,0,0,0,0,0
SBA-00004,unassigned_point,node/8851234253,no,37.1522976,-7.8773062,Powerdot,yes,24/7,Mobi.E,,,,,+351 800 180 292,https://www.mobie.pt,1,120,50 kW,500,0,0,0,0,0,0,0,0,0,0,0,0,1,63,43 kW,400,1,125,50 kW,500
SBA-00006,unassigned_point,node/10665576674,no,37.1531387,-7.893693,Atlante,yes,24/7,Mobi.E,,,,,+351 800 296 929;+351 234 246 050,https://www.mobie.pt/,1,120,50 kW,500,0,0,0,0,0,0,0,0,0,0,0,0,1,32,22 kW,400,1,125,50 kW,500
SBA-00010,unassigned_point,node/8082231552,no,37.1494526,-7.8934354,Galp Power,yes,24/7,Mobi.E,Circular Norte,São Brás de Alportel,,,+351 800 249 249,https://www.mobie.pt,1,120,50 kW,500,0,0,0,0,0,0,0,0,0,0,0,0,1,63,43 kW,400,1,125,50 kW,500
SBA-80001,unassigned_point,node/7070338775,no,37.1545694,-7.8894255,Galp Power,yes,24/7,Mobi.E,,,,,+351 800 249 249,https://www.mobie.pt,0,0,0,0,0,0,0,0,0,0,0,0,2,32,22 kW,400,0,0,0,0,0,0,0,0
SBG-00001,unassigned_point,node/8109687611,no,40.3512493,-7.0891106,Atlante,yes,24/7,Mobi.E,,,,,+351 800 296 929;+351 234 246 050,https://www.mobie.pt,0,0,0,0,0,0,0,0,0,0,0,0,2,32,22 kW,400,0,0,0,0,0,0,0,0
SBG-00002,unassigned_point,node/8930776929,no,40.356051,-7.075679,Galp Power,yes,24/7,Mobi.E,,,,,+351 800 249 249,https://www.mobie.pt,1,120,50 kW,500,0,0,0,0,0,0,0,0,0,0,0,0,1,63,43 kW,400,1,125,50 kW,500
SBG-00003,unassigned_point,node/8255594126,no,40.3584732,-6.968886,Gasfomento,yes,24/7,Mobi.E,,,,,,https://www.mobie.pt/,0,0,0,0,0,0,0,0,0,0,0,0,2,32,22 kW,400,0,0,0,0,0,0,0,0
SBG-00005,unassigned_point,node/11339406819,no,40.3502728,-7.090105,Gasfomento,yes,24/7,Mobi.E,,,,,,https://www.mobie.pt/,0,0,0,0,0,0,0,0,0,0,0,0,2,16,11 kW,400,0,0,0,0,0,0,0,0
SBG-00007,unassigned_point,node/11310531780,no,40.350121,-7.082326,EDP,yes,24/7,Mobi.E,,,,,+351 800 222 222,https://www.mobie.pt/,0,0,0,0,0,0,0,0,0,0,0,0,2,32,22 kW,400,0,0,0,0,0,0,0,0
SBR-00005,unassigned_point,node/13012277297,no,41.2648258,-7.5895486,Charging Together,yes,24/7,Mobi.E,,,,,+351 800 917 576,https://www.mobie.pt/,1,200,80 kW,500,0,0,0,0,0,0,0,0,0,0,0,0,0,0,0,0,2,500,150 kW,1000
SCD-00001,unassigned_point,node/8109709284,no,40.3974466,-8.1321318,Powerdot,yes,24/7,Mobi.E,,,,,+351 800 180 292,https://www.mobie.pt,0,0,0,0,0,0,0,0,0,0,0,0,2,32,22 kW,400,0,0,0,0,0,0,0,0
SCD-00002,unassigned_point,node/8486791114,no,40.4036101,-8.128842,Powerdot,yes,24/7,Mobi.E,,,,,+351 800 180 292,https://www.mobie.pt,0,0,0,0,0,0,0,0,0,0,0,0,2,32,22 kW,400,0,0,0,0,0,0,0,0
SCD-00003,unassigned_point,node/8818748676,no,40.3978712,-8.1285383,Repsol,yes,24/7,Mobi.E,,Santa Comba Dão,,,+351 800 226 624,https://www.mobie.pt,1,120,50 kW,500,0,0,0,0,0,0,0,0,0,0,0,0,1,63,43 kW,400,1,150,60 kW,1000
SCD-00004,unassigned_point,node/11237161443,no,40.3976257,-8.1294684,Galp Geste,yes,24/7,Mobi.E,,,,,+351 800 249 249,https://www.mobie.pt/,0,0,0,0,0,0,0,0,0,0,0,0,0,0,0,0,0,0,0,0,2,190,180 kW,1000
SCD-00005,unassigned_point,node/12031823619,no,40.4023432,-8.1304675,Cepsa,yes,24/7,Mobi.E,,,,,,https://www.mobie.pt/,0,0,0,0,0,0,0,0,0,0,0,0,0,0,0,0,0,0,0,0,2,500,300 kW,1000
SCD-00012,unassigned_point,node/12031823618,no,40.4038081,-8.1295272,Galp Power,yes,24/7,Mobi.E,,,,,+351 800 249 249,https://www.mobie.pt/,1,120,50 kW,500,0,0,0,0,0,0,0,0,0,0,0,0,1,32,22 kW,400,1,125,50 kW,500
SCF-00002,unassigned_point,node/8270461717,no,39.4544297,-31.1300464,Galp Power,yes,24/7,Mobi.E,,,,PT,+351 800 249 249,https://www.mobie.pt,0,0,0,0,0,0,0,0,0,0,0,0,2,32,22 kW,400,0,0,0,0,0,0,0,0
SCG-00002,unassigned_point,node/9341843748,no,39.079994,-28.008178,SEGMA,yes,24/7,Mobi.E,,,,PT,+351 296 20 22 09,https://www.mobie.pt/,0,0,0,0,0,0,0,0,0,0,0,0,2,32,22 kW,400,0,0,0,0,0,0,0,0
SCG-00003,unassigned_point,node/9749864566,no,39.0840601,-28.0051795,SEGMA,yes,24/7,Mobi.E,,,,PT,+351 296 20 22 09,https://www.mobie.pt/,0,0,0,0,0,0,0,0,0,0,0,0,2,32,22 kW,400,0,0,0,0,0,0,0,0
SCG-00004,unassigned_point,node/11947706716,no,39.085875,-28.005159,SEGMA,yes,24/7,Mobi.E,,,,PT,+351 296 20 22 09,https://www.mobie.pt/,0,0,0,0,0,0,0,0,0,0,0,0,2,32,22 kW,400,0,0,0,0,0,0,0,0
SCR-00001,unassigned_point,node/8116304864,no,32.6534459,-16.8417936,Factor Energia,yes,09:00-21:00,Mobi.E,,,,,+351 800 100 013,https://www.mobie.pt,0,0,0,0,0,0,0,0,0,0,0,0,2,32,22 kW,400,0,0,0,0,0,0,0,0
SCR-00007,unassigned_point,node/8116304863,no,32.6876462,-16.791241,Município de Santa Cruz,yes,24/7,Mobi.E,,,,,,https://www.mobie.pt,0,0,0,0,0,0,0,0,0,0,0,0,1,32,22 kW,400,0,0,0,0,0,0,0,0
SCR-00012,unassigned_point,node/10112116968,no,32.6471941,-16.8355136,Repsol,yes,24/7,Mobi.E,,,,,+351 800 226 624,https://www.mobie.pt/,1,125,50 kW,500,0,0,0,0,0,0,0,0,0,0,0,0,1,32,22 kW,400,1,150,60 kW,500
SCR-00020,unassigned_point,node/11070119295,no,32.6707989,-16.8038803,Repsol,yes,24/7,Mobi.E,,,,,+351 800 226 624,https://www.mobie.pt/,1,125,50 kW,500,0,0,0,0,0,0,0,0,0,0,0,0,1,32,22 kW,400,1,150,60 kW,500
SCR-00022,unassigned_point,node/12175784995,no,32.6515409,-16.8593513,Factor Energia,yes,24/7,Mobi.E,,,,,+351 800 100 013,https://www.mobie.pt/,0,0,0,0,0,0,0,0,0,0,0,0,2,32,22 kW,400,0,0,0,0,0,0,0,0
SCR-00023,unassigned_point,node/12687078679,no,32.6461653,-16.8568548,Emacom,yes,24/7,Mobi.E,,,,,+351 800 221 187,https://www.mobie.pt,1,125,50 kW,500,0,0,0,0,0,0,0,0,0,0,0,0,1,32,22 kW,400,1,125,50 kW,500
SCR-00026,unassigned_point,node/12687078678,no,32.648526,-16.8528507,Repsol,yes,24/7,Mobi.E,,,,,+351 800 226 624,https://www.mobie.pt/,0,0,0,0,0,0,0,0,0,0,0,0,0,0,0,0,0,0,0,0,2,325,120 kW,1000
SEI-00004,unassigned_point,node/11033268438,no,40.4288147,-7.7131817,EDP,yes,24/7,Mobi.E,,,,,+351 800 222 222,https://www.mobie.pt/,0,0,0,0,0,0,0,0,0,0,0,0,2,32,22 kW,400,0,0,0,0,0,0,0,0
SEI-00005,unassigned_point,node/11364954443,no,40.3263182,-7.689552,Powerdot,yes,24/7,Mobi.E,,,,,+351 800 180 292,https://www.mobie.pt/,0,0,0,0,0,0,0,0,0,0,0,0,2,32,22 kW,400,0,0,0,0,0,0,0,0
SEI-00009,unassigned_point,node/11404287217,no,40.4263202,-7.7153426,Helexia II,yes,24/7,Mobi.E,,,,,+351 210 181 157,https://www.mobie.pt/,0,0,0,0,0,0,0,0,0,0,0,0,0,0,0,0,0,0,0,0,2,200,90 kW,1000
SEI-00014,unassigned_point,node/12132803539,no,40.4070174,-7.7090325,Charging Together,yes,24/7,Mobi.E,,,,,+351 800 917 576,https://www.mobie.pt,1,200,80 kW,500,0,0,0,0,0,0,0,0,0,0,0,0,0,0,0,0,2,500,150 kW,1000
SEI-00017,unassigned_point,node/8082216633,no,40.4302861,-7.7168842,Galp Power,yes,24/7,Mobi.E,,Seia,,PT,+351 800 249 249,https://www.mobie.pt,1,120,50 kW,500,0,0,0,0,0,0,0,0,0,0,0,0,1,63,43 kW,400,1,125,50 kW,500
SEI-00018,unassigned_point,node/13739803132,no,40.4068087,-7.7088991,Helexia II,yes,24/7,Mobi.E,,,,,+351 210 181 157,https://www.mobie.pt/,0,0,0,0,0,0,0,0,0,0,0,0,0,0,0,0,0,0,0,0,2,375,100 kW,1000
SEI-90001,unassigned_point,node/10588855285,no,40.4217791,-7.7036086,Powerdot,yes,24/7,Mobi.E,,,,,+351 800 180 292,https://www.mobie.pt/,0,0,0,0,0,0,0,0,0,0,0,0,2,32,22 kW,400,0,0,0,0,0,0,0,0
SJM-00001,unassigned_point,node/8112779813,no,40.8989438,-8.4896924,Powerdot,yes,24/7,Mobi.E,,,,,+351 800 180 292,https://www.mobie.pt,0,0,0,0,0,0,0,0,0,0,0,0,2,32,22 kW,400,0,0,0,0,0,0,0,0
SJM-00008,unassigned_point,node/9624761326,no,40.8915836,-8.493585,Repsol,yes,24/7,Mobi.E,,,,,+351 800 226 624,https://www.mobie.pt,1,80,30 kW,500,0,0,0,0,0,0,0,0,0,0,0,0,1,32,22 kW,400,1,80,30 kW,1000
SJM-00009,unassigned_point,node/9572688522,no,40.888095,-8.490798,EDP,yes,24/7,Mobi.E,,,,,+351 800 222 222,https://www.mobie.pt/,0,0,0,0,0,0,0,0,0,0,0,0,2,32,22 kW,400,0,0,0,0,0,0,0,0
SJM-00010,unassigned_point,node/9731158483,no,40.8941245,-8.4803322,EDP,yes,08:00-24:00,Mobi.E,,,,,+351 800 222 222,https://www.mobie.pt/,1,125,50 kW,500,0,0,0,0,0,0,0,0,1,32,22 kW,400,0,0,0,0,1,200,90 kW,1000
SJM-00018,unassigned_point,node/11017553886,no,40.8935921,-8.4826024,Galp Geste,yes,24/7,Mobi.E,,,,,+351 800 249 249,https://www.mobie.pt/,0,0,0,0,0,0,0,0,0,0,0,0,0,0,0,0,0,0,0,0,2,200,120 kW,1000
SJM-00019,unassigned_point,node/10982810126,no,40.8948376,-8.502854,Atlante,yes,24/7,Mobi.E,,,,,+351 800 296 929;+351 234 246 050,https://www.mobie.pt,1,125,50 kW,500,0,0,0,0,0,0,0,0,0,0,0,0,1,32,22 kW,400,1,125,60 kW,500
SJM-00021,unassigned_point,node/10733588731,no,40.8932985,-8.4927157,EDP,yes,24/7,Mobi.E,,,,,+351 800 222 222,https://www.mobie.pt/,0,0,0,0,0,0,0,0,0,0,0,0,2,32,22 kW,400,0,0,0,0,0,0,0,0
SJM-00022,unassigned_point,node/12580249569,no,40.8940072,-8.494808,True Kare,yes,24/7,Mobi.E,,,,,,https://www.mobie.pt/,1,120,50 kW,500,0,0,0,0,0,0,0,0,1,32,22 kW,400,0,0,0,0,1,125,50 kW,500
SJM-00024,unassigned_point,node/12580247913,no,40.899545,-8.4960339,True Kare,yes,24/7,Mobi.E,,,,,,https://www.mobie.pt/,0,0,0,0,0,0,0,0,0,0,0,0,2,32,22 kW,400,0,0,0,0,0,0,0,0
SJM-00025,unassigned_point,node/12437743859,no,40.9050043,-8.496239,True Kare,yes,24/7,Mobi.E,,,,,,https://www.mobie.pt/,0,0,0,0,0,0,0,0,0,0,0,0,2,32,22 kW,400,0,0,0,0,0,0,0,0
SJM-00026,unassigned_point,node/12343627078,no,40.897022,-8.494278,True Kare,yes,24/7,Mobi.E,,,,,,https://www.mobie.pt/,0,0,0,0,0,0,0,0,0,0,0,0,2,32,22 kW,400,0,0,0,0,0,0,0,0
SJM-00027,unassigned_point,node/12343713643,no,40.898907,-8.500429,True Kare,yes,24/7,Mobi.E,,,,,,https://www.mobie.pt/,0,0,0,0,0,0,0,0,0,0,0,0,2,32,22 kW,400,0,0,0,0,0,0,0,0
SJM-00028,unassigned_point,node/12343738659,no,40.9027561,-8.4810786,True Kare,yes,24/7,Mobi.E,,,,,,https://www.mobie.pt/,0,0,0,0,0,0,0,0,0,0,0,0,2,32,22 kW,400,0,0,0,0,0,0,0,0
SJM-00029,unassigned_point,node/12343739645,no,40.8941852,-8.4833429,True Kare,yes,24/7,Mobi.E,,,,,,https://www.mobie.pt/,0,0,0,0,0,0,0,0,0,0,0,0,2,32,22 kW,400,0,0,0,0,0,0,0,0
SJM-00030,unassigned_point,node/12343770361,no,40.898389,-8.491056,True Kare,yes,24/7,Mobi.E,,,,,,https://www.mobie.pt/,0,0,0,0,0,0,0,0,0,0,0,0,2,32,22 kW,400,0,0,0,0,0,0,0,0
SJM-00031,unassigned_point,node/12437792813,no,40.9102762,-8.4916848,True Kare,yes,24/7,Mobi.E,,,,,,https://www.mobie.pt/,0,0,0,0,0,0,0,0,0,0,0,0,2,32,22 kW,400,0,0,0,0,0,0,0,0
SJM-00032,unassigned_point,node/12343738265,no,40.8925796,-8.4964688,True Kare,yes,24/7,Mobi.E,,,,,,https://www.mobie.pt/,0,0,0,0,0,0,0,0,0,0,0,0,2,32,22 kW,400,0,0,0,0,0,0,0,0
SJM-00033,unassigned_point,node/12827180688,no,40.8972536,-8.4962784,True Kare,yes,24/7,Mobi.E,,,,,,https://www.mobie.pt/,0,0,0,0,0,0,0,0,0,0,0,0,2,32,22 kW,400,0,0,0,0,0,0,0,0
SJM-00034,unassigned_point,node/13178711051,no,40.89633,-8.494967,True Kare,yes,24/7,Mobi.E,,,,,,https://www.mobie.pt/,1,120,50 kW,500,0,0,0,0,0,0,0,0,1,32,22 kW,400,0,0,0,0,1,125,50 kW,500
SJM-00035,unassigned_point,node/12544668330,no,40.8977551,-8.4931321,True Kare,yes,24/7,Mobi.E,,,,,,https://www.mobie.pt,1,125,50 kW,500,0,0,0,0,0,0,0,0,0,0,0,0,1,32,22 kW,400,1,125,50 kW,500
SJM-00036,unassigned_point,node/12343767599,no,40.900944,-8.492768,True Kare,yes,24/7,Mobi.E,,,,,,https://www.mobie.pt/,0,0,0,0,0,0,0,0,0,0,0,0,2,32,22 kW,400,0,0,0,0,0,0,0,0
SJM-00039,unassigned_point,node/12396720405,no,40.9035367,-8.4956953,True Kare,yes,24/7,Mobi.E,,,,,,https://www.mobie.pt/,0,0,0,0,0,0,0,0,0,0,0,0,2,32,22 kW,400,0,0,0,0,0,0,0,0
SJM-00040,unassigned_point,node/12619132466,no,40.907543,-8.482133,True Kare,yes,24/7,Mobi.E,,,,,,https://www.mobie.pt/,0,0,0,0,0,0,0,0,0,0,0,0,2,32,22 kW,400,0,0,0,0,0,0,0,0
SJM-00042,unassigned_point,node/12396720176,no,40.9049251,-8.483274,True Kare,yes,24/7,Mobi.E,,,,,,https://www.mobie.pt/,0,0,0,0,0,0,0,0,0,0,0,0,2,32,22 kW,400,0,0,0,0,0,0,0,0
SJM-00043,unassigned_point,node/12343782939,no,40.9013395,-8.4838485,True Kare,yes,24/7,Mobi.E,,,,,,https://www.mobie.pt/,0,0,0,0,0,0,0,0,0,0,0,0,2,32,22 kW,400,0,0,0,0,0,0,0,0
SJM-00044,unassigned_point,node/12343764809,no,40.89666,-8.498609,True Kare,yes,24/7,Mobi.E,,,,,,https://www.mobie.pt/,0,0,0,0,0,0,0,0,0,0,0,0,2,32,22 kW,400,0,0,0,0,0,0,0,0
SJM-00045,unassigned_point,node/12343723285,no,40.893017,-8.4848367,True Kare,yes,24/7,Mobi.E,,,,,,https://www.mobie.pt/,0,0,0,0,0,0,0,0,0,0,0,0,2,32,22 kW,400,0,0,0,0,0,0,0,0
SJM-00046,unassigned_point,node/12437792814,no,40.913976,-8.4886191,True Kare,yes,24/7,Mobi.E,,,,,,https://www.mobie.pt/,0,0,0,0,0,0,0,0,0,0,0,0,2,32,22 kW,400,0,0,0,0,0,0,0,0
SJM-00047,unassigned_point,node/12445659946,no,40.8917878,-8.4755532,Galp Power,yes,24/7,Mobi.E,,,,,+351 800 249 249,https://www.mobie.pt/,0,0,0,0,0,0,0,0,0,0,0,0,0,0,0,0,0,0,0,0,2,250,120 kW,1000
SJM-00050,unassigned_point,node/11422917311,no,40.8847956,-8.4893919,Galp Power,yes,24/7,Mobi.E,,,,,+351 800 249 249,https://www.mobie.pt/,1,120,50 kW,500,0,0,0,0,0,0,0,0,0,0,0,0,1,32,22 kW,400,1,125,50 kW,500
SJM-00051,unassigned_point,node/12502232648,no,40.9051188,-8.4945784,Galp Power,yes,24/7,Mobi.E,,,,,+351 800 249 249,https://www.mobie.pt/,1,120,50 kW,500,0,0,0,0,0,0,0,0,0,0,0,0,1,32,22 kW,400,1,125,50 kW,500
SJM-90002,unassigned_point,node/8286624781,no,40.895521,-8.4936829,Galp Power,yes,24/7,Mobi.E,,,,,+351 800 249 249,https://www.mobie.pt,0,0,0,0,0,0,0,0,0,0,0,0,2,32,22 kW,400,0,0,0,0,0,0,0,0
SJP-00002,unassigned_point,node/10981449248,no,41.1451061,-7.411524,EDP,yes,24/7,Mobi.E,,,,,+351 800 222 222,https://www.mobie.pt/,0,0,0,0,0,0,0,0,0,0,0,0,2,32,22 kW,400,0,0,0,0,0,0,0,0
SJP-00003,unassigned_point,node/11822870201,no,41.1510132,-7.417162,EDP,yes,24/7,Mobi.E,,,,,+351 800 222 222,https://www.mobie.pt/,0,0,0,0,0,0,0,0,0,0,0,0,2,16,11 kW,400,0,0,0,0,0,0,0,0
SJP-90001,unassigned_point,node/8112955255,no,41.1463878,-7.4023336,EDP,yes,24/7,Mobi.E,,,,,+351 800 222 222,https://www.mobie.pt,0,0,0,0,0,0,0,0,0,0,0,0,2,32,22 kW,400,0,0,0,0,0,0,0,0
SLV-00012,unassigned_point,node/10237649027,no,37.1062379,-8.3594464,Atlante,yes,24/7,Mobi.E,,,,,+351 800 296 929;+351 234 246 050,https://www.mobie.pt/,1,120,50 kW,500,0,0,0,0,0,0,0,0,0,0,0,0,1,32,22 kW,400,1,125,50 kW,500
SLV-00013,unassigned_point,node/9738382431,no,37.2600056,-8.2923031,KLC Serviços,yes,24/7,Mobi.E,,,,,+351 800 202 060,https://www.mobie.pt/,0,0,0,0,0,0,0,0,0,0,0,0,2,32,22 kW,400,0,0,0,0,0,0,0,0
SLV-00017,unassigned_point,node/12075901726,no,37.1317148,-8.3464142,Galp Power,yes,24/7,Mobi.E,,,,,+351 800 249 249,https://www.mobie.pt/,0,0,0,0,0,0,0,0,0,0,0,0,2,32,22 kW,400,0,0,0,0,0,0,0,0
SLV-00018,unassigned_point,node/12075901725,no,37.1651719,-8.3049044,Galp Power,yes,24/7,Mobi.E,,,,,+351 800 249 249,https://www.mobie.pt/,0,0,0,0,0,0,0,0,0,0,0,0,2,32,22 kW,400,0,0,0,0,0,0,0,0
SLV-00019,unassigned_point,node/12075901724,no,37.1230617,-8.3378325,Galp Power,yes,24/7,Mobi.E,,,,,+351 800 249 249,https://www.mobie.pt/,0,0,0,0,0,0,0,0,0,0,0,0,2,32,22 kW,400,0,0,0,0,0,0,0,0
SLV-00020,unassigned_point,node/12035842983,no,37.2548731,-8.2855822,Galp Power,yes,24/7,Mobi.E,,,,,+351 800 249 249,https://www.mobie.pt/,0,0,0,0,0,0,0,0,0,0,0,0,2,32,22 kW,400,0,0,0,0,0,0,0,0
SLV-00021,unassigned_point,node/12046802449,no,37.3624689,-8.3779136,Galp Power,yes,24/7,Mobi.E,,,,,+351 800 249 249,https://www.mobie.pt/,0,0,0,0,0,0,0,0,0,0,0,0,2,32,22 kW,400,0,0,0,0,0,0,0,0
SLV-00022,unassigned_point,node/12856270034,no,37.1951684,-8.4332879,Galp Power,yes,24/7,Mobi.E,,,,,+351 800 249 249,https://www.mobie.pt/,0,0,0,0,0,0,0,0,0,0,0,0,2,32,22 kW,400,0,0,0,0,0,0,0,0
SLV-00023,unassigned_point,node/12075901723,no,37.1305006,-8.3499134,Galp Power,yes,24/7,Mobi.E,,,,,+351 800 249 249,https://www.mobie.pt/,0,0,0,0,0,0,0,0,0,0,0,0,2,32,22 kW,400,0,0,0,0,0,0,0,0
SLV-00024,unassigned_point,node/12534969908,no,37.1659446,-8.3014323,Galp Power,yes,24/7,Mobi.E,,,,,+351 800 249 249,https://www.mobie.pt/,0,0,0,0,0,0,0,0,0,0,0,0,2,32,22 kW,400,0,0,0,0,0,0,0,0
SLV-00025,unassigned_point,node/12075901722,no,37.1042179,-8.3608937,Galp Power,yes,24/7,Mobi.E,,,,,+351 800 249 249,https://www.mobie.pt/,0,0,0,0,0,0,0,0,0,0,0,0,2,32,22 kW,400,0,0,0,0,0,0,0,0
SLV-00026,unassigned_point,node/12075901721,no,37.119889,-8.340179,Galp Power,yes,24/7,Mobi.E,,,,,+351 800 249 249,https://www.mobie.pt/,0,0,0,0,0,0,0,0,0,0,0,0,2,32,22 kW,400,0,0,0,0,0,0,0,0
SLV-00027,unassigned_point,node/12035842982,no,37.2564039,-8.2889253,Galp Power,yes,24/7,Mobi.E,,,,,+351 800 249 249,https://www.mobie.pt/,0,0,0,0,0,0,0,0,0,0,0,0,2,32,22 kW,400,0,0,0,0,0,0,0,0
SLV-00028,unassigned_point,node/12075901720,no,37.190112,-8.447055,Galp Power,yes,24/7,Mobi.E,,,,,+351 800 249 249,https://www.mobie.pt/,0,0,0,0,0,0,0,0,0,0,0,0,2,32,22 kW,400,0,0,0,0,0,0,0,0
SLV-00029,unassigned_point,node/12035842981,no,37.1649735,-8.2569871,Galp Power,yes,24/7,Mobi.E,Largo 1º de Dezembro,Tunes,8365-235,,+351 800 249 249,https://www.mobie.pt/,0,0,0,0,0,0,0,0,0,0,0,0,2,32,22 kW,400,0,0,0,0,0,0,0,0
SLV-00031,unassigned_point,node/12075901719,no,37.101909,-8.356396,Galp Power,yes,24/7,Mobi.E,,,,,+351 800 249 249,https://www.mobie.pt/,0,0,0,0,0,0,0,0,0,0,0,0,2,32,22 kW,400,0,0,0,0,0,0,0,0
SLV-00032,unassigned_point,node/9458753223,no,37.1039767,-8.3629721,Galp Power,yes,07:30-23:00,Mobi.E,,,,,+351 800 249 249,https://www.mobie.pt/,1,120,50 kW,500,0,0,0,0,0,0,0,0,0,0,0,0,1,63,43 kW,400,1,125,50 kW,500
SLV-00033,unassigned_point,node/12046802448,no,37.1862589,-8.4405511,Galp Power,yes,08:00-21:30,Mobi.E,,,,,+351 800 249 249,https://www.mobie.pt/,1,120,50 kW,500,0,0,0,0,0,0,0,0,0,0,0,0,1,32,22 kW,400,1,125,50 kW,500
SLV-00037,unassigned_point,node/8200130058,no,37.1242865,-8.3350745,Galp Power,yes,24/7,Mobi.E,EN 125,Pêra,,,+351 800 249 249,https://www.mobie.pt,1,120,50 kW,500,0,0,0,0,0,0,0,0,0,0,0,0,1,63,43 kW,400,1,125,50 kW,500
SLV-00040,unassigned_point,node/13646173351,no,37.1198971,-8.3501048,Charging Together,yes,24/7,Mobi.E,,,,,+351 800 917 576,https://www.mobie.pt/,0,0,0,0,0,0,0,0,0,0,0,0,0,0,0,0,0,0,0,0,2,600,200 kW,1000
SLV-80001,unassigned_point,node/7272396943,no,37.1032076,-8.3684587,Galp Power,yes,24/7,Mobi.E,,,,,+351 800 249 249,https://www.mobie.pt,0,0,0,0,0,0,0,0,0,0,0,0,2,32,22 kW,400,0,0,0,0,0,0,0,0
SLV-80002,unassigned_point,node/8270035097,no,37.1856912,-8.4416552,Atlante,yes,24/7,Mobi.E,,,,,+351 800 296 929;+351 234 246 050,https://www.mobie.pt,0,0,0,0,0,0,0,0,0,0,0,0,2,32,22 kW,400,0,0,0,0,0,0,0,0
SMA-00001,unassigned_point,node/8773536074,no,39.019868,-9.154971,EDP,yes,24/7,Mobi.E,,,,PT,+351 800 222 222,https://www.mobie.pt,0,0,0,0,0,0,0,0,0,0,0,0,2,32,22 kW,400,0,0,0,0,0,0,0,0
SMA-00002,unassigned_point,node/12020159639,no,39.0188272,-9.152482,Galp Power,yes,24/7,Mobi.E,,,,,+351 800 249 249,https://www.mobie.pt/,0,0,0,0,0,0,0,0,0,0,0,0,0,0,0,0,0,0,0,0,2,200,120 kW,1000
SMA-00003,unassigned_point,node/12101523358,no,38.9683938,-9.1972612,Galp Power,yes,24/7,Mobi.E,,,,,,https://www.mobie.pt/,0,0,0,0,0,0,0,0,0,0,0,0,0,0,0,0,0,0,0,0,2,150,60 kW,1000
SMG-00007,unassigned_point,node/10853407450,no,38.9963876,-8.7372418,EDP,yes,24/7,Mobi.E,,,,,+351 800 222 222,https://www.mobie.pt/,0,0,0,0,0,0,0,0,0,0,0,0,2,32,22 kW,400,0,0,0,0,0,0,0,0
SMG-00008,unassigned_point,node/10912798165,no,39.0473525,-8.6993603,EDP,yes,24/7,Mobi.E,,,,,+351 800 222 222,https://www.mobie.pt/,0,0,0,0,0,0,0,0,0,0,0,0,2,32,22 kW,400,0,0,0,0,0,0,0,0
SMG-00009,unassigned_point,node/10912798166,no,39.0444369,-8.6461061,EDP,yes,09:00-20:00,Mobi.E,,,,,+351 800 222 222,https://www.mobie.pt/,0,0,0,0,0,0,0,0,0,0,0,0,2,32,22 kW,400,0,0,0,0,0,0,0,0
SMG-00012,unassigned_point,node/11654639435,no,39.0214831,-8.7945539,Charging Together,yes,24/7,Mobi.E,,,,,+351 800 917 576,https://www.mobie.pt,0,0,0,0,0,0,0,0,0,0,0,0,0,0,0,0,0,0,0,0,2,500,150 kW,1000
SMG-00013,unassigned_point,node/12601497319,no,39.0490248,-8.7323515,Charging Together,yes,24/7,Mobi.E,,,,,+351 800 917 576,https://www.mobie.pt,1,200,80 kW,500,0,0,0,0,0,0,0,0,0,0,0,0,0,0,0,0,2,500,150 kW,1000
SMG-00014,unassigned_point,node/9848264268,no,39.022533,-8.793907,Galp Power,yes,24/7,Mobi.E,,,,,+351 800 249 249,https://www.mobie.pt/,1,120,50 kW,500,0,0,0,0,0,0,0,0,0,0,0,0,1,32,22 kW,400,1,125,50 kW,500
SMP-90001,unassigned_point,node/8113026403,no,41.210979,-7.7881292,Galp Power,yes,24/7,Mobi.E,,,,PT,+351 800 249 249,https://www.mobie.pt,0,0,0,0,0,0,0,0,0,0,0,0,2,32,22 kW,400,0,0,0,0,0,0,0,0
SNS-00003,unassigned_point,node/8387684711,no,37.965155,-8.8589191,Mobiletric,yes,24/7,Mobi.E,,Sines,,,+351 800 249 249,https://www.mobie.pt,1,120,50 kW,500,0,0,0,0,0,0,0,0,0,0,0,0,0,0,0,0,1,125,50 kW,500
SNS-00005,unassigned_point,node/8511561255,no,37.9827827,-8.8333648,Helexia II,yes,24/7,Mobi.E,,Sines,,,+351 210 181 157,https://www.mobie.pt,1,120,50 kW,500,0,0,0,0,0,0,0,0,0,0,0,0,1,63,43 kW,400,1,125,50 kW,500
SNS-00006,unassigned_point,node/8592789715,no,37.959518,-8.8586403,Galp Geste,yes,24/7,Mobi.E,Avenida General Humberto Delgado,Sines,,,+351 800 249 249,https://www.mobie.pt,1,120,50 kW,500,0,0,0,0,0,0,0,0,0,0,0,0,1,32,22 kW,400,1,125,50 kW,500
SNS-00008,unassigned_point,node/9847762711,no,37.96578,-8.8572599,EDP,yes,24/7,Mobi.E,,,,,+351 800 222 222,https://www.mobie.pt,1,125,50 kW,500,0,0,0,0,0,0,0,0,1,32,22 kW,400,0,0,0,0,1,200,90 kW,1000
SNS-00009,unassigned_point,node/9920117017,no,37.964627,-8.8572331,Powerdot,yes,24/7,Mobi.E,,,,,+351 800 180 292,https://www.mobie.pt/,1,125,50 kW,500,0,0,0,0,0,0,0,0,0,0,0,0,1,32,22 kW,400,1,125,50 kW,500
SNS-00014,unassigned_point,node/10990283014,no,37.9656743,-8.8576726,Atlante,yes,24/7,Mobi.E,,,,,+351 800 296 929;+351 234 246 050,https://www.mobie.pt/,1,75,30 kW,500,0,0,0,0,0,0,0,0,0,0,0,0,0,0,0,0,1,75,30 kW,1000
SNS-00015,unassigned_point,node/11483104391,no,37.9663187,-8.8576254,EDP,yes,24/7,Mobi.E,,,,,+351 800 222 222,https://www.mobie.pt/,1,125,50 kW,500,0,0,0,0,0,0,0,0,0,0,0,0,0,0,0,0,1,300,120 kW,1000
SNS-00018,unassigned_point,node/8207100965,no,37.9664489,-8.8575638,Charging Together,yes,24/7,Mobi.E,,Sines,,,+351 800 917 576,https://www.mobie.pt,0,0,0,0,0,0,0,0,0,0,0,0,0,0,0,0,0,0,0,0,2,150,50 kW,1000
SNS-00021,unassigned_point,node/13599613844,no,37.9652624,-8.8597155,Galp Power,yes,24/7,Mobi.E,,,,,+351 800 249 249,https://www.mobie.pt/,1,125,50 kW,500,0,0,0,0,0,0,0,0,0,0,0,0,1,32,22 kW,400,1,125,50 kW,500
SNT-00002,unassigned_point,node/11021912898,no,38.7970492,-9.3877315,Atlante,yes,24/7,Mobi.E,,,,,+351 800 296 929;+351 234 246 050,https://www.mobie.pt,0,0,0,0,0,0,0,0,0,0,0,0,2,16,3.7 kW,230,0,0,0,0,0,0,0,0
SNT-00005,unassigned_point,node/8121833988,no,38.802956,-9.3838364,Atlante,yes,24/7,Mobi.E,,,,,+351 800 296 929;+351 234 246 050,https://www.mobie.pt,0,0,0,0,0,0,0,0,0,0,0,0,2,16,3.7 kW,230,0,0,0,0,0,0,0,0
SNT-00016,unassigned_point,node/8121833984,no,38.7870632,-9.2983805,Prio.E,yes,24/7,Mobi.E,,,,,+351 800 100 303,https://www.mobie.pt,0,0,0,0,0,0,0,0,0,0,0,0,2,32,7.4 kW,230,0,0,0,0,0,0,0,0
SNT-00021,unassigned_point,node/8121833983,no,38.7501256,-9.257275,EDP,yes,24/7,Mobi.E,,,,,+351 800 222 222,https://www.mobie.pt,0,0,0,0,0,0,0,0,0,0,0,0,2,16,3.7 kW,230,0,0,0,0,0,0,0,0
SNT-00046,unassigned_point,node/8009651850,no,38.7878185,-9.3414943,Galp Geste,yes,24/7,Mobi.E,Rua António Aleixo,Mem Martins,,,+351 800 249 249,https://www.mobie.pt,1,120,50 kW,500,0,0,0,0,0,0,0,0,0,0,0,0,1,63,43 kW,400,1,125,50 kW,500
SNT-00050,unassigned_point,node/9072218786,no,38.7924685,-9.3575383,Prio.E,yes,24/7,Mobi.E,,,,,+351 800 100 303,https://www.mobie.pt,1,120,50 kW,500,0,0,0,0,0,0,0,0,0,0,0,0,0,0,0,0,1,125,50 kW,500
SNT-00051,unassigned_point,node/9045571743,no,38.7925167,-9.359205,Prio.E,yes,24/7,Mobi.E,,,,,+351 800 100 303,https://www.mobie.pt,1,120,50 kW,500,0,0,0,0,0,0,0,0,0,0,0,0,0,0,0,0,1,125,50 kW,500
SNT-00052,unassigned_point,node/9456792871,no,38.8401709,-9.3731403,Galp Geste,yes,24/7,Mobi.E,,,,,+351 800 249 249,https://www.mobie.pt,1,120,50 kW,500,0,0,0,0,0,0,0,0,0,0,0,0,1,63,43 kW,400,1,125,50 kW,500
SNT-00053,unassigned_point,node/9284214394,no,38.78214,-9.319987,Repsol,yes,24/7,Mobi.E,,,,,+351 800 226 624,https://www.mobie.pt/,1,120,50 kW,500,0,0,0,0,0,0,0,0,0,0,0,0,1,32,22 kW,400,1,125,50 kW,500
SNT-00055,unassigned_point,node/8792838809,no,38.7770701,-9.33529,EDP,yes,24/7,Mobi.E,,,,,+351 800 222 222,https://www.mobie.pt,0,0,0,0,0,0,0,0,0,0,0,0,1,32,22 kW,400,0,0,0,0,2,200,120 kW,1000
SNT-00061,unassigned_point,node/9464421024,no,38.7832626,-9.3386425,Repsol,yes,24/7,Mobi.E,,,,,+351 800 226 624,https://www.mobie.pt/,1,80,30 kW,500,0,0,0,0,0,0,0,0,0,0,0,0,1,32,22 kW,400,1,80,30 kW,1000
SNT-00062,unassigned_point,node/9561133784,no,38.8033216,-9.3561613,Repsol,yes,24/7,Mobi.E,,,,,+351 800 226 624,https://www.mobie.pt,1,80,30 kW,500,0,0,0,0,0,0,0,0,0,0,0,0,1,32,22 kW,400,1,80,30 kW,1000
SNT-00071,unassigned_point,node/8234917575,no,38.7612993,-9.2794561,Galp Geste,yes,24/7,Mobi.E,Avenida José Régio,Belas,,,+351 800 249 249,https://www.mobie.pt,1,120,50 kW,500,0,0,0,0,0,0,0,0,0,0,0,0,1,63,43 kW,400,1,125,50 kW,500
SNT-00072,unassigned_point,node/8009744517,no,38.7867878,-9.2962669,Prio.E,yes,24/7,Mobi.E,Área de Serviço A16,Mira Sintra,,,+351 800 100 303,https://www.mobie.pt,1,120,50 kW,500,0,0,0,0,0,0,0,0,0,0,0,0,0,0,0,0,1,125,50 kW,500
SNT-00076,unassigned_point,node/9572688520,no,38.7750017,-9.2825227,EDP,yes,24/7,Mobi.E,,,,,+351 800 222 222,https://www.mobie.pt/,1,125,50 kW,500,0,0,0,0,0,0,0,0,1,32,22 kW,400,0,0,0,0,1,200,90 kW,1000
SNT-00079,unassigned_point,node/9464421025,no,38.7863397,-9.3395502,EDP,yes,24/7,Mobi.E,,,,,+351 800 222 222,https://www.mobie.pt/,0,0,0,0,0,0,0,0,0,0,0,0,1,32,22 kW,400,0,0,0,0,2,300,120 kW,1000
SNT-00080,unassigned_point,node/9899480371,no,38.7795189,-9.3416377,EDP,yes,24/7,Mobi.E,,,,,+351 800 222 222,https://www.mobie.pt,0,0,0,0,0,0,0,0,0,0,0,0,1,32,22 kW,400,0,0,0,0,2,300,120 kW,1000
SNT-00082,unassigned_point,node/9847616306,no,38.8009066,-9.3262164,EDP,yes,24/7,Mobi.E,,,,,+351 800 222 222,https://www.mobie.pt,0,0,0,0,0,0,0,0,0,0,0,0,1,32,22 kW,400,0,0,0,0,2,200,120 kW,1000
SNT-00097,unassigned_point,node/10827932895,no,38.8077385,-9.3770898,Powerdot,yes,24/7,Mobi.E,,,,,+351 800 180 292,https://www.mobie.pt/,0,0,0,0,0,0,0,0,0,0,0,0,1,32,22 kW,400,0,0,0,0,2,375,100 kW,1000
SNT-00105,unassigned_point,node/10990283011,no,38.769597,-9.31352,EDP,yes,24/7,Mobi.E,,,,,+351 800 222 222,https://www.mobie.pt/,1,120,50 kW,500,0,0,0,0,0,0,0,0,0,0,0,0,0,0,0,0,1,200,120 kW,1000
SNT-00115,unassigned_point,node/13042146474,no,38.76553,-9.297455,EDP,yes,24/7,Mobi.E,,,,,+351 800 222 222,https://www.mobie.pt/,0,0,0,0,0,0,0,0,0,0,0,0,2,16,3.7 kW,230,0,0,0,0,0,0,0,0
SNT-00116,unassigned_point,node/10884713939,no,38.7645091,-9.2969949,EDP,yes,24/7,Mobi.E,,,,,+351 800 222 222,https://www.mobie.pt/,0,0,0,0,0,0,0,0,0,0,0,0,1,16,3.7 kW,230,0,0,0,0,0,0,0,0
SNT-00123,unassigned_point,node/11275817613,no,38.792263,-9.327565,Iberdrola,yes,09:00-21:30,Mobi.E,,,,,+351 800 607 717,https://www.mobie.pt/,0,0,0,0,0,0,0,0,0,0,0,0,2,32,22 kW,400,0,0,0,0,0,0,0,0
SNT-00127,unassigned_point,node/10040504094,no,38.8073106,-9.3517927,Atlante,yes,08:00-21:30,Mobi.E,,,,,+351 800 296 929;+351 234 246 050,https://www.mobie.pt/,1,120,50 kW,500,0,0,0,0,0,0,0,0,0,0,0,0,1,32,22 kW,400,1,125,50 kW,500
SNT-00128,unassigned_point,node/10243365839,no,38.7754636,-9.2843993,Atlante,yes,07:30-21:30,Mobi.E,,Cacém,,,+351 800 296 929;+351 234 246 050,https://www.mobie.pt,1,120,50 kW,500,0,0,0,0,0,0,0,0,0,0,0,0,1,32,22 kW,400,1,125,50 kW,500
SNT-00138,unassigned_point,node/11593059454,no,38.7806821,-9.3533355,Powerdot,yes,24/7,Mobi.E,,,,,+351 800 180 292,https://www.mobie.pt/,0,0,0,0,0,0,0,0,0,0,0,0,0,0,0,0,1,32,22 kW,400,2,400,100 kW,1000
SNT-00139,unassigned_point,node/11861937007,no,38.8336486,-9.3574459,Powerdot,yes,24/7,Mobi.E,,,,,+351 800 180 292,https://www.mobie.pt,0,0,0,0,0,0,0,0,0,0,0,0,1,32,22 kW,400,0,0,0,0,2,400,100 kW,1000
SNT-00140,unassigned_point,node/11632262275,no,38.7509579,-9.3051032,EDP,yes,24/7,Mobi.E,,,,,+351 800 222 222,https://www.mobie.pt/,1,120,50 kW,500,0,0,0,0,0,0,0,0,0,0,0,0,0,0,0,0,1,200,120 kW,1000
SNT-00141,unassigned_point,node/12300214843,no,38.7670011,-9.2790424,EDP,yes,24/7,Mobi.E,,,,,+351 800 222 222,https://www.mobie.pt,1,125,50 kW,500,0,0,0,0,0,0,0,0,1,32,22 kW,400,0,0,0,0,1,200,120 kW,1000
SNT-00142,unassigned_point,node/8121815349,no,38.8250439,-9.4681463,Galp Power,yes,24/7,Mobi.E,,,,,+351 800 249 249,https://www.mobie.pt,0,0,0,0,0,0,0,0,0,0,0,0,2,32,22 kW,400,0,0,0,0,0,0,0,0
SNT-00149,unassigned_point,node/12195761294,no,38.781886,-9.349009,Galp Power,yes,24/7,Mobi.E,,,,,+351 800 249 249,https://www.mobie.pt/,0,0,0,0,0,0,0,0,0,0,0,0,0,0,0,0,0,0,0,0,2,250,120 kW,1000
SNT-00153,unassigned_point,node/12431719284,no,38.7680106,-9.2787754,Evio,yes,24/7,Mobi.E,,,,,,https://www.mobie.pt/,0,0,0,0,0,0,0,0,0,0,0,0,0,0,0,0,0,0,0,0,2,250,120 kW,500
SNT-00154,unassigned_point,node/11794081575,no,38.801494,-9.3359304,Evio,yes,24/7,Mobi.E,,,,,,https://www.mobie.pt/,0,0,0,0,0,0,0,0,0,0,0,0,0,0,0,0,0,0,0,0,2,120,60 kW,500
SNT-00161,unassigned_point,node/12236156360,no,38.784479,-9.338677,Iberdrola,yes,09:00-21:00,Mobi.E,,,,,+351 800 607 717,https://www.mobie.pt/,0,0,0,0,0,0,0,0,0,0,0,0,2,32,22 kW,400,0,0,0,0,0,0,0,0
SNT-00162,unassigned_point,node/12542525113,no,38.7782025,-9.3393738,EDP,yes,09:00-20:00,Mobi.E,,,,,+351 800 222 222,https://www.mobie.pt/,0,0,0,0,0,0,0,0,0,0,0,0,2,16,11 kW,400,0,0,0,0,0,0,0,0
SNT-00165,unassigned_point,node/11964271676,no,38.8004186,-9.361805,Repsol,yes,24/7,Mobi.E,,,,,+351 800 226 624,https://www.mobie.pt,1,125,50 kW,500,0,0,0,0,0,0,0,0,0,0,0,0,1,63,43 kW,400,1,125,50 kW,500
SNT-00183,unassigned_point,node/12935762366,no,38.8359067,-9.356088,Atlante,yes,24/7,Mobi.E,,,,,+351 800 296 929;+351 234 246 050,https://www.mobie.pt/,0,0,0,0,0,0,0,0,0,0,0,0,0,0,0,0,0,0,0,0,2,350,120 kW,1000
SNT-00192,unassigned_point,node/10675989054,no,38.8003208,-9.3257274,Galp Power,yes,24/7,Mobi.E,,,,,+351 800 249 249,https://www.mobie.pt/,1,120,50 kW,500,0,0,0,0,0,0,0,0,0,0,0,0,1,32,22 kW,400,1,125,50 kW,500
SNT-00193,unassigned_point,node/8781157465,no,38.7632871,-9.3044776,Galp Power,yes,24/7,Mobi.E,,Cacém,,,+351 800 249 249,https://www.mobie.pt,1,120,50 kW,500,0,0,0,0,0,0,0,0,0,0,0,0,1,32,22 kW,400,1,125,50 kW,500
SNT-00194,unassigned_point,node/8733779263,no,38.7588406,-9.3778232,Galp Power,yes,24/7,Mobi.E,Avenida Pedro Álvares Cabral,Beloura,,,+351 800 249 249,https://www.mobie.pt,1,120,50 kW,500,0,0,0,0,0,0,0,0,0,0,0,0,1,63,43 kW,400,1,125,50 kW,500
SNT-00195,unassigned_point,node/9848304987,no,38.8614819,-9.326712,Galp Power,yes,24/7,Mobi.E,,,,,+351 800 249 249,https://www.mobie.pt/,1,120,50 kW,500,0,0,0,0,0,0,0,0,0,0,0,0,1,32,22 kW,400,1,125,50 kW,500
SNT-00196,unassigned_point,node/8781165395,no,38.79671,-9.2288498,Galp Power,yes,24/7,Mobi.E,,Casal de Cambra,,,+351 800 249 249,https://www.mobie.pt,1,120,50 kW,500,0,0,0,0,0,0,0,0,0,0,0,0,1,32,22 kW,400,1,125,50 kW,500
SNT-00197,unassigned_point,node/10712095227,no,38.8442227,-9.3763668,Galp Power,yes,24/7,Mobi.E,,,,,+351 800 249 249,https://www.mobie.pt/,1,120,50 kW,500,0,0,0,0,0,0,0,0,0,0,0,0,1,32,22 kW,400,1,125,50 kW,500
SNT-00198,unassigned_point,node/10712095226,no,38.8039735,-9.3556341,Galp Power,yes,24/7,Mobi.E,,,,,+351 800 249 249,https://www.mobie.pt/,1,120,50 kW,500,0,0,0,0,0,0,0,0,0,0,0,0,1,32,22 kW,400,1,125,50 kW,500
SNT-00199,unassigned_point,node/12259409607,no,38.7710807,-9.2879658,Galp Power,yes,09:00-21:00,Mobi.E,,,,,+351 800 249 249,https://www.mobie.pt/,1,120,50 kW,500,0,0,0,0,0,0,0,0,0,0,0,0,1,32,22 kW,400,1,125,50 kW,500
SNT-00200,unassigned_point,node/12102487895,no,38.7832259,-9.3366297,Galp Power,yes,24/7,Mobi.E,,,,,+351 800 249 249,https://www.mobie.pt/,1,120,50 kW,500,0,0,0,0,0,0,0,0,0,0,0,0,1,32,22 kW,400,1,125,50 kW,500
SNT-00204,unassigned_point,node/11861626507,no,38.8177929,-9.3612574,Galp Power,yes,24/7,Mobi.E,,,,,+351 800 249 249,https://www.mobie.pt/,1,120,50 kW,500,0,0,0,0,0,0,0,0,0,0,0,0,1,32,22 kW,400,1,125,50 kW,500
SNT-00205,unassigned_point,node/11980679704,no,38.77981,-9.34832,Galp Power,yes,24/7,Mobi.E,,,,,+351 800 249 249,https://www.mobie.pt/,1,120,50 kW,500,0,0,0,0,0,0,0,0,0,0,0,0,1,32,22 kW,400,1,125,50 kW,500
SNT-00207,unassigned_point,node/13234866081,no,38.8018245,-9.3769161,Iberdrola,yes,24/7,Mobi.E,,,,,+351 800 607 717,https://www.mobie.pt/,1,125,50 kW,500,0,0,0,0,0,0,0,0,0,0,0,0,0,0,0,0,1,300,180 kW,1000
SNT-00215,unassigned_point,node/13139732282,no,38.7618586,-9.2806321,Galp Power,yes,08:00-21:00,Mobi.E,,,,,+351 800 249 249,https://www.mobie.pt/,1,125,50 kW,500,0,0,0,0,0,0,0,0,0,0,0,0,1,32,22 kW,400,1,125,50 kW,500
SNT-00230,unassigned_point,node/10733588730,no,38.8577498,-9.3791683,Prio.E,yes,24/7,Mobi.E,,,,,+351 800 100 303,https://www.mobie.pt/,0,0,0,0,0,0,0,0,0,0,0,0,0,0,0,0,0,0,0,0,2,250,90 kW,1000
SNT-00233,unassigned_point,node/13981502766,no,38.7718145,-9.3467474,Iberdrola,yes,09:00-21:00,Mobi.E,,,,,+351 800 607 717,https://www.mobie.pt/,0,0,0,0,0,0,0,0,0,0,0,0,2,32,22 kW,400,0,0,0,0,0,0,0,0
SNT-80003,unassigned_point,node/8121815338,no,38.7967319,-9.386267,Galp Power,yes,24/7,Mobi.E,,,,,+351 800 249 249,https://www.mobie.pt,0,0,0,0,0,0,0,0,0,0,0,0,2,32,22 kW,400,0,0,0,0,0,0,0,0
SNT-90024,unassigned_point,node/8121833985,no,38.8090454,-9.2738235,Galp Power,yes,24/7,Mobi.E,,,,,+351 800 249 249,https://www.mobie.pt,0,0,0,0,0,0,0,0,0,0,0,0,2,16,3.7 kW,230,0,0,0,0,0,0,0,0
SPS-00003,unassigned_point,node/9434463992,no,40.75298,-8.06995,Powerdot,yes,24/7,Mobi.E,,,,,+351 800 180 292,https://www.mobie.pt/,1,120,50 kW,500,0,0,0,0,0,0,0,0,0,0,0,0,1,63,43 kW,400,1,125,50 kW,500
SPS-00004,unassigned_point,node/11033268446,no,40.739511,-8.092317,EDP,yes,24/7,Mobi.E,,,,,+351 800 222 222,https://www.mobie.pt/,0,0,0,0,0,0,0,0,0,0,0,0,2,32,22 kW,400,0,0,0,0,0,0,0,0
SPS-00007,unassigned_point,node/12396760571,no,40.7573287,-8.0668042,Atlante,yes,24/7,Mobi.E,,,,,+351 800 296 929;+351 234 246 050,https://www.mobie.pt/,1,125,50 kW,500,0,0,0,0,0,0,0,0,0,0,0,0,1,32,22 kW,400,1,150,60 kW,500
SPS-00009,unassigned_point,node/8235014430,no,40.7605437,-8.0610357,Galp Power,yes,24/7,Mobi.E,,São Pedro do Sul,,,+351 800 249 249,https://www.mobie.pt,1,120,50 kW,500,0,0,0,0,0,0,0,0,0,0,0,0,1,63,43 kW,400,1,125,50 kW,500
SPS-00010,unassigned_point,node/12300301178,no,41.161925,-8.507788,Cepsa,yes,24/7,Mobi.E,,,,,,https://www.mobie.pt/,0,0,0,0,0,0,0,0,0,0,0,0,0,0,0,0,0,0,0,0,2,500,300 kW,1000
SPS-90001,unassigned_point,node/8112766307,no,40.7646443,-8.0640165,Galp Power,yes,24/7,Mobi.E,,,,,+351 800 249 249,https://www.mobie.pt,0,0,0,0,0,0,0,0,0,0,0,0,2,32,22 kW,400,0,0,0,0,0,0,0,0
SRD-90001,unassigned_point,node/8281233330,no,39.5385158,-8.1596205,EDP,yes,24/7,Mobi.E,,,,PT,+351 800 222 222,https://www.mobie.pt,0,0,0,0,0,0,0,0,0,0,0,0,2,32,22 kW,400,0,0,0,0,0,0,0,0
SRE-00001,unassigned_point,node/8109685929,no,40.0607772,-8.6255684,EVCE,yes,24/7,Mobi.E,,,,,+351 800 301 303,https://www.mobie.pt,0,0,0,0,0,0,0,0,0,0,0,0,2,32,22 kW,400,0,0,0,0,0,0,0,0
SRE-00005,unassigned_point,node/11278275603,no,40.0667321,-8.6163925,Atlante,yes,24/7,Mobi.E,,,,,+351 800 296 929;+351 234 246 050,https://www.mobie.pt/,1,125,50 kW,500,0,0,0,0,0,0,0,0,0,0,0,0,1,32,22 kW,400,1,150,60 kW,500
SRE-00007,unassigned_point,node/12063761612,no,40.0646866,-8.6197008,Galp Power,yes,24/7,Mobi.E,,,,,+351 800 249 249,https://www.mobie.pt/,1,120,50 kW,500,0,0,0,0,0,0,0,0,0,0,0,0,1,32,22 kW,400,1,125,50 kW,500
SRE-90002,unassigned_point,node/9456466413,no,40.0566683,-8.626821,Powerdot,yes,24/7,Mobi.E,,,,,+351 800 180 292,https://www.mobie.pt/,0,0,0,0,0,0,0,0,0,0,0,0,2,32,22 kW,400,0,0,0,0,0,0,0,0
SRN-00001,unassigned_point,node/8112873813,no,40.8973397,-7.4934107,Powerdot,yes,24/7,Mobi.E,,,,PT,+351 800 180 292,https://www.mobie.pt,0,0,0,0,0,0,0,0,0,0,0,0,2,32,22 kW,400,0,0,0,0,0,0,0,0
SRN-00002,unassigned_point,node/11822870199,no,40.8988111,-7.4863046,EDP,yes,24/7,Mobi.E,,,,PT,+351 800 222 222,https://www.mobie.pt/,0,0,0,0,0,0,0,0,0,0,0,0,2,16,11 kW,400,0,0,0,0,0,0,0,0
SRN-00003,unassigned_point,node/11831797871,no,40.8963922,-7.4944618,True Kare,yes,24/7,Mobi.E,,,,,,https://www.mobie.pt/,0,0,0,0,0,0,0,0,0,0,0,0,0,0,0,0,0,0,0,0,2,288,150 kW,1000
SRN-00004,unassigned_point,node/12264430522,no,40.8986169,-7.4859177,Galp Power,yes,24/7,Mobi.E,,,,,+351 800 249 249,https://www.mobie.pt/,0,0,0,0,0,0,0,0,0,0,0,0,0,0,0,0,0,0,0,0,2,250,120 kW,1000
SRP-00002,unassigned_point,node/8085664707,no,37.9387368,-7.604249,EDP,yes,24/7,Mobi.E,,,,,+351 800 222 222,https://www.mobie.pt,0,0,0,0,0,0,0,0,0,0,0,0,2,32,22 kW,400,0,0,0,0,0,0,0,0
SRP-00006,unassigned_point,node/8232515436,no,37.9431283,-7.6062741,Galp Power,yes,24/7,Mobi.E,,Serpa,,,+351 800 249 249,https://www.mobie.pt,1,120,50 kW,500,0,0,0,0,0,0,0,0,0,0,0,0,1,63,43 kW,400,1,125,50 kW,500
SRP-00007,unassigned_point,node/13997506885,no,37.9380851,-7.6032421,True Kare,yes,24/7,Mobi.E,,,,,,https://www.mobie.pt/,0,0,0,0,0,0,0,0,0,0,0,0,2,32,22 kW,400,0,0,0,0,0,0,0,0
SRP-90001,unassigned_point,node/8387684260,no,37.940637,-7.6038775,Powerdot,yes,24/7,Mobi.E,,,,,+351 800 180 292,https://www.mobie.pt,0,0,0,0,0,0,0,0,0,0,0,0,2,32,22 kW,400,0,0,0,0,0,0,0,0
SRQ-00002,unassigned_point,node/8270449024,no,38.5253187,-28.3190337,SEGMA,yes,24/7,Mobi.E,,,,PT,+351 296 20 22 09,https://www.mobie.pt,0,0,0,0,0,0,0,0,0,0,0,0,2,32,22 kW,400,0,0,0,0,0,0,0,0
SRT-00002,unassigned_point,node/8902326544,no,39.8157861,-8.1877696,Powerdot,yes,24/7,Mobi.E,,,,,+351 800 180 292,https://www.mobie.pt,0,0,0,0,0,0,0,0,0,0,0,0,2,32,22 kW,400,0,0,0,0,0,0,0,0
SRT-00006,unassigned_point,node/11421521127,no,39.7989668,-8.0955711,Atlante,yes,24/7,Mobi.E,,,,,+351 800 296 929;+351 234 246 050,https://www.mobie.pt/,1,125,50 kW,500,0,0,0,0,0,0,0,0,0,0,0,0,1,32,22 kW,400,1,150,50 kW,1000
SRT-00008,unassigned_point,node/13978935863,no,39.798668,-8.093906,Galp Power,yes,24/7,Mobi.E,,,,,+351 800 249 249,https://www.galp.com/,1,125,50 kW,500,0,0,0,0,0,0,0,0,0,0,0,0,1,32,22 kW,400,1,125,50 kW,500
SRT-90001,unassigned_point,node/8109604271,no,39.8017445,-8.0983722,Galp Power,yes,24/7,Mobi.E,,,,,+351 800 249 249,https://www.mobie.pt,0,0,0,0,0,0,0,0,0,0,0,0,2,32,22 kW,400,0,0,0,0,0,0,0,0
SSB-00008,unassigned_point,node/9572688518,no,38.43808,-9.11596,EV Power,yes,24/7,Mobi.E,,,,,+351 800 254 565,https://www.mobie.pt,1,125,50 kW,500,0,0,0,0,0,0,0,0,0,0,0,0,1,32,22 kW,400,1,125,60 kW,500
SSB-00009,unassigned_point,node/10246580772,no,38.471913,-9.0872384,Galp Power,yes,24/7,Mobi.E,,,,,+351 800 249 249,https://www.mobie.pt/,1,120,50 kW,500,0,0,0,0,0,0,0,0,0,0,0,0,1,32,22 kW,400,1,125,50 kW,500
SSB-00010,unassigned_point,node/10157924956,no,38.5544031,-9.0885626,Prio.E,yes,24/7,Mobi.E,,,,,+351 800 100 303,https://www.mobie.pt/,1,120,50 kW,500,0,0,0,0,0,0,0,0,0,0,0,0,0,0,0,0,1,125,50 kW,500
SSB-00020,unassigned_point,node/8733708461,no,38.5657059,-9.0374059,Galp Power,yes,24/7,Mobi.E,Avenida Norton de Matos,Quinta do Conde,,,+351 800 249 249,https://www.mobie.pt,1,120,50 kW,500,0,0,0,0,0,0,0,0,0,0,0,0,1,32,22 kW,400,1,125,50 kW,500
SSB-00021,unassigned_point,node/10675888132,no,38.4853062,-9.1047221,Galp Power,yes,24/7,Mobi.E,,,,,+351 800 249 249,https://www.mobie.pt/,1,120,50 kW,500,0,0,0,0,0,0,0,0,0,0,0,0,1,32,22 kW,400,1,125,50 kW,500
SSB-90001,unassigned_point,node/8289287208,no,38.4481409,-9.0999386,EDP,yes,24/7,Mobi.E,,,,,+351 800 222 222,https://www.mobie.pt,0,0,0,0,0,0,0,0,0,0,0,0,2,32,22 kW,400,0,0,0,0,0,0,0,0
SSL-00002,unassigned_point,node/11862012877,no,38.9530266,-7.6743973,True Kare,yes,24/7,Mobi.E,,,,,,https://www.mobie.pt/,0,0,0,0,0,0,0,0,0,0,0,0,2,32,22 kW,400,0,0,0,0,0,0,0,0
SSL-00003,unassigned_point,node/13946047827,no,38.96142,-7.7622743,True Kare,yes,24/7,Mobi.E,,,,,,https://www.mobie.pt/,0,0,0,0,0,0,0,0,0,0,0,0,2,32,22 kW,400,0,0,0,0,0,0,0,0
SSL-00004,unassigned_point,node/14120887543,no,38.9481548,-7.8081904,True Kare,yes,24/7,Mobi.E,,,,,,https://www.mobie.pt/,0,0,0,0,0,0,0,0,0,0,0,0,2,32,22 kW,400,0,0,0,0,0,0,0,0
SSL-90001,unassigned_point,node/7771044434,no,38.9568684,-7.6720552,Powerdot,yes,24/7,Mobi.E,,,,PT,+351 800 180 292,https://www.mobie.pt,0,0,0,0,0,0,0,0,0,0,0,0,2,32,22 kW,400,0,0,0,0,0,0,0,0
STB-00001,unassigned_point,node/4680749892,no,38.5211704,-9.0168784,Atlante,yes,24/7,Mobi.E,,,,,+351 800 296 929;+351 234 246 050,https://www.mobie.pt,0,0,0,0,0,0,0,0,0,0,0,0,2,16,3.7 kW,230,0,0,0,0,0,0,0,0
STB-00002,unassigned_point,node/8119316658,no,38.5303127,-8.9916793,EDP,yes,24/7,Mobi.E,,,,,+351 800 222 222,https://www.mobie.pt,0,0,0,0,0,0,0,0,0,0,0,0,2,16,3.7 kW,230,0,0,0,0,0,0,0,0
STB-00004,unassigned_point,node/8119316668,no,38.5219833,-8.8166651,Powerdot,yes,24/7,Mobi.E,,,,,+351 800 180 292,https://www.mobie.pt,0,0,0,0,0,0,0,0,0,0,0,0,2,16,3.7 kW,230,0,0,0,0,0,0,0,0
STB-00010,unassigned_point,node/8119316665,no,38.529475,-8.8821016,Powerdot,yes,24/7,Mobi.E,,,,,+351 800 180 292,https://www.mobie.pt,0,0,0,0,0,0,0,0,0,0,0,0,2,16,3.7 kW,230,0,0,0,0,0,0,0,0
STB-00011,unassigned_point,node/8119316659,no,38.5406175,-8.8952699,EDP,yes,24/7,Mobi.E,,,,,+351 800 222 222,https://www.mobie.pt,0,0,0,0,0,0,0,0,0,0,0,0,2,16,3.7 kW,230,0,0,0,0,0,0,0,0
STB-00014,unassigned_point,node/8289328778,no,38.5390977,-8.8751615,Helexia II,yes,24/7,Mobi.E,,,,,+351 210 181 157,https://www.mobie.pt,0,0,0,0,0,0,0,0,0,0,0,0,2,32,22 kW,400,0,0,0,0,0,0,0,0
STB-00015,unassigned_point,node/8289331299,no,38.5226149,-8.9454085,Powerdot,yes,24/7,Mobi.E,,,,,+351 800 180 292,https://www.mobie.pt,0,0,0,0,0,0,0,0,0,0,0,0,2,32,22 kW,400,0,0,0,0,0,0,0,0
STB-00016,unassigned_point,node/8207252507,no,38.5628773,-9.074994,Mobiletric,yes,24/7,Mobi.E,Avenida 10 de Junho,Fernão Ferro,,,+351 800 249 249,https://www.mobie.pt,1,120,50 kW,500,0,0,0,0,0,0,0,0,0,0,0,0,1,63,43 kW,400,1,125,50 kW,500
STB-00017,unassigned_point,node/8644953935,no,38.5341715,-8.8679653,Repsol,yes,24/7,Mobi.E,,Setúbal,,,+351 800 226 624,https://www.mobie.pt,1,120,45 kW,500,0,0,0,0,0,0,0,0,0,0,0,0,1,32,22 kW,400,1,125,45 kW,500
STB-00019,unassigned_point,node/8989449930,no,38.544806,-9.030972,Plug,yes,24/7,Mobi.E,,,,,+351 211 648 577,https://www.mobie.pt,0,0,0,0,0,0,0,0,0,0,0,0,2,32,22 kW,400,0,0,0,0,0,0,0,0
STB-00024,unassigned_point,node/9847687369,no,38.539399,-8.8677515,Iberdrola,yes,09:00-21:30,Mobi.E,,,,,+351 800 607 717,https://www.mobie.pt/,0,0,0,0,0,0,0,0,0,0,0,0,2,32,22 kW,400,0,0,0,0,0,0,0,0
STB-00049,unassigned_point,node/10722186298,no,38.5217468,-8.8893539,EDP,yes,24/7,Mobi.E,,,,,+351 800 222 222,https://www.mobie.pt/,0,0,0,0,0,0,0,0,0,0,0,0,2,16,11 kW,400,0,0,0,0,0,0,0,0
STB-00056,unassigned_point,node/11070119291,no,38.5402472,-8.8694453,Powerdot,yes,24/7,Mobi.E,,,,,+351 800 180 292,https://www.mobie.pt/,1,125,50 kW,500,0,0,0,0,0,0,0,0,1,32,22 kW,400,0,0,0,0,1,250,100 kW,1000
STB-00062,unassigned_point,node/11435879608,no,38.5255352,-8.8804833,Atlante,yes,09:00-21:00,Mobi.E,,,,,+351 800 296 929;+351 234 246 050,https://www.mobie.pt/,1,125,50 kW,500,0,0,0,0,0,0,0,0,0,0,0,0,1,32,22 kW,400,1,150,60 kW,500
STB-00064,unassigned_point,node/10998269606,no,38.5421574,-9.0272358,Powerdot,yes,24/7,Mobi.E,,,,,+351 800 180 292,https://www.mobie.pt,1,125,50 kW,500,0,0,0,0,0,0,0,0,1,32,22 kW,400,0,0,0,0,2,400,100 kW,1000
STB-00066,unassigned_point,node/11599714899,no,38.5488827,-8.8846496,EDP,yes,06:30-23:00,Mobi.E,,,,,+351 800 222 222,https://www.mobie.pt/,0,0,0,0,0,0,0,0,0,0,0,0,2,32,22 kW,400,0,0,0,0,0,0,0,0
STB-00067,unassigned_point,node/10903488065,no,38.5353504,-8.8684545,Atlante,yes,07:30-21:30,Mobi.E,,,,,+351 800 296 929;+351 234 246 050,https://www.mobie.pt/,1,125,50 kW,500,0,0,0,0,0,0,0,0,0,0,0,0,1,32,22 kW,400,1,150,60 kW,500
STB-00076,unassigned_point,node/11577769935,no,38.5377148,-8.8765102,Helexia II,yes,08:00-24:00,Mobi.E,,,,,+351 210 181 157,https://www.mobie.pt/,0,0,0,0,0,0,0,0,0,0,0,0,0,0,0,0,0,0,0,0,2,200,120 kW,1000
STB-00077,unassigned_point,node/11580130785,no,38.5374642,-8.8760028,Helexia II,yes,08:00-24:00,Mobi.E,,,,,+351 210 181 157,https://www.mobie.pt/,0,0,0,0,0,0,0,0,0,0,0,0,2,32,22 kW,400,0,0,0,0,0,0,0,0
STB-00078,unassigned_point,node/11580130784,no,38.53753,-8.876342,Helexia II,yes,08:00-24:00,Mobi.E,,,,,+351 210 181 157,https://www.mobie.pt/,0,0,0,0,0,0,0,0,0,0,0,0,2,32,7.4 kW,230,0,0,0,0,0,0,0,0
STB-00082,unassigned_point,node/11813592525,no,38.5325929,-8.8842969,Charging Together,yes,24/7,Mobi.E,,,,,+351 800 917 576,https://www.mobie.pt,1,200,80 kW,500,0,0,0,0,0,0,0,0,0,0,0,0,0,0,0,0,2,500,150 kW,1000
STB-00085,unassigned_point,node/11923588737,no,38.5404944,-8.8706136,Powerdot,yes,24/7,Mobi.E,,,,,+351 800 180 292,https://www.mobie.pt,1,125,50 kW,500,0,0,0,0,0,0,0,0,1,32,22 kW,400,0,0,0,0,2,400,100 kW,1000
STB-00086,unassigned_point,node/11963115975,no,38.5415737,-8.8757879,EDP,yes,24/7,Mobi.E,,,,,+351 800 222 222,https://www.mobie.pt/,0,0,0,0,0,0,0,0,0,0,0,0,2,32,22 kW,400,0,0,0,0,0,0,0,0
STB-00090,unassigned_point,node/12033959116,no,38.5386229,-8.8658522,EDP,yes,24/7,Mobi.E,,,,,+351 800 222 222,https://www.mobie.pt/,0,0,0,0,0,0,0,0,0,0,0,0,1,32,22 kW,400,0,0,0,0,2,200,120 kW,1000
STB-00092,unassigned_point,node/12239227825,no,38.5395364,-8.8699764,EDP,yes,09:00-20:00,Mobi.E,,,,,+351 800 222 222,https://www.mobie.pt/,0,0,0,0,0,0,0,0,0,0,0,0,2,32,22 kW,400,0,0,0,0,0,0,0,0
STB-00093,unassigned_point,node/12362742434,no,38.539338,-8.8753882,Helexia II,yes,24/7,Mobi.E,,,,,+351 210 181 157,https://www.mobie.pt/,0,0,0,0,0,0,0,0,0,0,0,0,0,0,0,0,0,0,0,0,2,250,100 kW,1000
STB-00096,unassigned_point,node/12706030967,no,38.5290851,-8.875668,Galp Power,yes,24/7,Mobi.E,,,,,+351 800 249 249,https://www.mobie.pt/,0,0,0,0,0,0,0,0,0,0,0,0,0,0,0,0,0,0,0,0,2,250,120 kW,1000
STB-00098,unassigned_point,node/8733708462,no,38.5392429,-8.8906005,Galp Power,yes,24/7,Mobi.E,Avenida de Moçambique,Setúbal,,,+351 800 249 249,https://www.mobie.pt,1,120,50 kW,500,0,0,0,0,0,0,0,0,0,0,0,0,1,32,22 kW,400,1,125,50 kW,500
STB-00099,unassigned_point,node/9848264271,no,38.5394173,-8.8661875,Galp Power,yes,24/7,Mobi.E,,,,,+351 800 249 249,https://www.mobie.pt/,1,120,50 kW,500,0,0,0,0,0,0,0,0,0,0,0,0,1,32,22 kW,400,1,125,50 kW,500
STB-00100,unassigned_point,node/9848264274,no,38.5228569,-9.0173876,Galp Power,yes,24/7,Mobi.E,,,,,+351 800 249 249,https://www.mobie.pt/,1,120,50 kW,500,0,0,0,0,0,0,0,0,0,0,0,0,1,32,22 kW,400,1,125,50 kW,500
STB-00101,unassigned_point,node/12074159874,no,38.5214206,-8.8721166,Galp Power,yes,24/7,Mobi.E,,,,,+351 800 249 249,https://www.mobie.pt/,1,120,50 kW,500,0,0,0,0,0,0,0,0,0,0,0,0,1,32,22 kW,400,1,125,50 kW,500
STB-00102,unassigned_point,node/8001323364,no,38.5751957,-9.0275967,Prio.E,yes,24/7,Mobi.E,Avenida António Xavier de Lima,Setúbal,,,+351 800 100 303,https://www.mobie.pt,0,0,0,0,0,0,0,0,0,0,0,0,0,0,0,0,0,0,0,0,2,150,60 kW,1000
STB-00115,unassigned_point,node/11831817460,no,38.5501414,-8.8113281,Galp Power,yes,24/7,Mobi.E,,,,,+351 800 249 249,https://www.mobie.pt/,0,0,0,0,0,0,0,0,0,0,0,0,0,0,0,0,0,0,0,0,2,300,180 kW,1000
STB-00116,unassigned_point,node/11831817459,no,38.5494492,-8.8114214,Galp Power,yes,24/7,Mobi.E,,,,,+351 800 249 249,https://www.mobie.pt/,0,0,0,0,0,0,0,0,0,0,0,0,0,0,0,0,0,0,0,0,2,300,180 kW,1000
STB-00117,unassigned_point,node/13178964637,no,38.5402047,-8.8682084,Powerdot,yes,24/7,Mobi.E,,,,,+351 800 180 292,https://www.mobie.pt/,0,0,0,0,0,0,0,0,0,0,0,0,2,32,22 kW,400,0,0,0,0,0,0,0,0
STB-00118,unassigned_point,node/13422165490,no,38.5474748,-8.8599517,Powerdot,yes,09:30-21:00,Mobi.E,,,,,+351 800 180 292,https://www.mobie.pt/,0,0,0,0,0,0,0,0,0,0,0,0,1,32,22 kW,400,0,0,0,0,2,400,100 kW,1000
STB-00122,unassigned_point,node/11333727917,no,38.5332571,-8.8845481,Atlante,yes,24/7,Mobi.E,,,,,+351 800 296 929;+351 234 246 050,https://www.mobie.pt/,0,0,0,0,0,0,0,0,0,0,0,0,0,0,0,0,0,0,0,0,2,300,60 kW,1000
STB-00123,unassigned_point,node/13922021983,no,38.5317136,-8.8860677,Galp Power,yes,24/7,Mobi.E,,,,,+351 800 249 249,https://www.galp.com/,0,0,0,0,0,0,0,0,0,0,0,0,2,32,22 kW,400,0,0,0,0,0,0,0,0
STB-80003,unassigned_point,node/8119316667,no,38.5446623,-8.8201649,Atlante,yes,24/7,Mobi.E,,,,,+351 800 296 929;+351 234 246 050,https://www.mobie.pt,0,0,0,0,0,0,0,0,0,0,0,0,2,16,3.7 kW,230,0,0,0,0,0,0,0,0
STB-80007,unassigned_point,node/8119316663,no,38.5229073,-8.8904518,EDP,yes,24/7,Mobi.E,,,,,+351 800 222 222,https://www.mobie.pt,0,0,0,0,0,0,0,0,0,0,0,0,2,16,3.7 kW,230,0,0,0,0,0,0,0,0
STB-90005,unassigned_point,node/8119316661,no,38.5209636,-8.9012446,Galp Power,yes,24/7,Mobi.E,,,,,+351 800 249 249,https://www.mobie.pt,0,0,0,0,0,0,0,0,0,0,0,0,2,32,7.4 kW,230,0,0,0,0,0,0,0,0
STB-90008,unassigned_point,node/8119316660,no,38.5285145,-8.8926782,Galp Power,yes,24/7,Mobi.E,,,,,+351 800 249 249,https://www.mobie.pt,0,0,0,0,0,0,0,0,0,0,0,0,2,16,3.7 kW,230,0,0,0,0,0,0,0,0
STB-90012,unassigned_point,node/8119316666,no,38.5399885,-8.8687369,Galp Power,yes,24/7,Mobi.E,,,,,+351 800 249 249,https://www.mobie.pt,0,0,0,0,0,0,0,0,0,0,0,0,2,16,3.7 kW,230,0,0,0,0,0,0,0,0
STC-00001,unassigned_point,node/8273724588,no,38.0111796,-8.6931941,Atlante,yes,24/7,Mobi.E,,,,,+351 800 296 929;+351 234 246 050,https://www.mobie.pt,0,0,0,0,0,0,0,0,0,0,0,0,2,32,22 kW,400,0,0,0,0,0,0,0,0
STC-00004,unassigned_point,node/8416618399,no,38.0115585,-8.7079887,Powerdot,yes,Mo-Sa 09:00-20:00,Mobi.E,,,,,+351 800 180 292,https://www.mobie.pt,0,0,0,0,0,0,0,0,0,0,0,0,2,32,22 kW,400,0,0,0,0,0,0,0,0
STC-00012,unassigned_point,node/12456825609,no,38.0392037,-8.7325209,True Kare,yes,24/7,Mobi.E,,,,,,https://www.mobie.pt/,0,0,0,0,0,0,0,0,0,0,0,0,0,0,0,0,0,0,0,0,2,230,150 kW,500
STC-00015,unassigned_point,node/11910670621,no,38.0644766,-8.7805188,EDP,yes,24/7,Mobi.E,,,,,+351 800 222 222,https://www.mobie.pt/,0,0,0,0,0,0,0,0,0,0,0,0,2,32,22 kW,400,0,0,0,0,0,0,0,0
STC-00016,unassigned_point,node/12063761611,no,38.066046,-8.776388,Prio.E,yes,24/7,Mobi.E,,,,,+351 800 100 303,https://www.mobie.pt/,1,125,50 kW,500,0,0,0,0,0,0,0,0,0,0,0,0,0,0,0,0,1,250,90 kW,1000
STC-00017,unassigned_point,node/12964893303,no,37.7991825,-8.6641628,Charging Together,yes,24/7,Mobi.E,,,,,+351 800 917 576,https://www.mobie.pt,1,200,80 kW,500,0,0,0,0,0,0,0,0,0,0,0,0,0,0,0,0,2,500,150 kW,1000
STC-00018,unassigned_point,node/12887408963,no,38.0587163,-8.7875626,Atlante,yes,24/7,Mobi.E,,,,,+351 800 296 929;+351 234 246 050,https://www.mobie.pt/,0,0,0,0,0,0,0,0,0,0,0,0,0,0,0,0,0,0,0,0,2,400,120 kW,1000
STC-00019,unassigned_point,node/8416683217,no,38.0577581,-8.787484,Galp Power,yes,24/7,Mobi.E,Rua do Mercado,Vila Nova de Santo André,,,+351 800 249 249,https://www.mobie.pt,1,120,50 kW,500,0,0,0,0,0,0,0,0,0,0,0,0,1,63,43 kW,400,1,125,50 kW,500
STN-00002,unassigned_point,node/8116375611,no,32.823145,-16.8853185,Factor Energia,yes,24/7,Mobi.E,,,,,+351 800 100 013,https://www.mobie.pt,0,0,0,0,0,0,0,0,0,0,0,0,2,32,22 kW,400,0,0,0,0,0,0,0,0
STN-00003,unassigned_point,node/5645722923,no,32.8032186,-16.8810984,Emacom,yes,24/7,Mobi.E,,,,,+351 800 221 187,https://www.mobie.pt,0,0,0,0,0,0,0,0,0,0,0,0,2,32,22 kW,400,0,0,0,0,0,0,0,0
STN-00005,unassigned_point,node/12525986737,no,32.8108511,-16.8849213,Charging Together,yes,24/7,Mobi.E,,,,,+351 800 917 576,https://www.mobie.pt,1,200,80 kW,500,0,0,0,0,0,0,0,0,0,0,0,0,0,0,0,0,2,500,150 kW,1000
STR-00001,unassigned_point,node/966120933,no,39.2389296,-8.6866981,Atlante,yes,24/7,Mobi.E,Praça do Município,Santarém,2005-245,,+351 800 296 929;+351 234 246 050,https://www.mobie.pt,0,0,0,0,0,0,0,0,0,0,0,0,2,16,11 kW,400,0,0,0,0,0,0,0,0
STR-00004,unassigned_point,node/8132380565,no,39.2279681,-8.6872005,Atlante,yes,24/7,Mobi.E,,,,,+351 800 296 929;+351 234 246 050,https://www.mobie.pt,0,0,0,0,0,0,0,0,0,0,0,0,2,16,3.7 kW,230,0,0,0,0,0,0,0,0
STR-00005,unassigned_point,node/8132380566,no,39.223968,-8.6900244,Powerdot,yes,24/7,Mobi.E,,,,,+351 800 180 292,https://www.mobie.pt,0,0,0,0,0,0,0,0,0,0,0,0,2,16,3.7 kW,230,0,0,0,0,0,0,0,0
STR-00006,unassigned_point,node/8132380562,no,39.2372776,-8.7001928,Powerdot,yes,24/7,Mobi.E,,,,,+351 800 180 292,https://www.mobie.pt,0,0,0,0,0,0,0,0,0,0,0,0,2,16,3.7 kW,230,0,0,0,0,0,0,0,0
STR-00017,unassigned_point,node/8441011622,no,39.215824,-8.692129,Powerdot,yes,24/7,Mobi.E,,Santarém,,,+351 800 180 292,https://www.mobie.pt,1,120,50 kW,500,0,0,0,0,0,0,0,0,0,0,0,0,1,63,43 kW,400,1,125,50 kW,500
STR-00025,unassigned_point,node/9759272777,no,39.243131,-8.6966385,Repsol,yes,24/7,Mobi.E,,,,,+351 800 226 624,https://www.mobie.pt/,1,125,50 kW,500,0,0,0,0,0,0,0,0,0,0,0,0,1,63,43 kW,400,1,150,60 kW,500
STR-00026,unassigned_point,node/9847687371,no,39.2610969,-8.6817715,NRG,yes,24/7,Mobi.E,,Santarém,,,,https://www.mobie.pt/,0,0,0,0,0,0,0,0,0,0,0,0,0,0,0,0,0,0,0,0,2,200,180 kW,1000
STR-00034,unassigned_point,node/11116482814,no,39.2339614,-8.6766767,Galp Power,yes,,Mobi.E,,,,,+351 800 249 249,,0,0,0,0,0,0,0,0,0,0,0,0,1,32,22 kW,400,0,0,0,0,0,0,0,0
STR-00035,unassigned_point,node/10809071452,no,39.2475888,-8.6923504,Atlante,yes,24/7,Mobi.E,,,,,+351 800 296 929;+351 234 246 050,https://www.mobie.pt/,1,125,50 kW,500,0,0,0,0,0,0,0,0,0,0,0,0,1,32,22 kW,400,1,150,60 kW,500
STR-00037,unassigned_point,node/11380474041,no,39.244214,-8.703999,Galp Power,yes,24/7,Mobi.E,,,,,+351 800 249 249,https://www.mobie.pt/,0,0,0,0,0,0,0,0,0,0,0,0,2,32,22 kW,400,0,0,0,0,0,0,0,0
STR-00040,unassigned_point,node/12195761293,no,39.2441186,-8.6917701,EDP,yes,24/7,Mobi.E,,,,,+351 800 222 222,https://www.mobie.pt/,1,125,50 kW,500,0,0,0,0,0,0,0,0,0,0,0,0,0,0,0,0,1,200,120 kW,1000
STR-00046,unassigned_point,node/12070592535,no,39.2569063,-8.7137787,Helexia II,yes,24/7,Mobi.E,,,,,+351 210 181 157,https://www.mobie.pt/,0,0,0,0,0,0,0,0,0,0,0,0,0,0,0,0,0,0,0,0,1,60,11 kW,1000
STR-00056,unassigned_point,node/12219380407,no,39.2410096,-8.7014365,EDP,yes,09:00-20:00,Mobi.E,,,,,+351 800 222 222,https://www.mobie.pt/,0,0,0,0,0,0,0,0,0,0,0,0,2,16,11 kW,400,0,0,0,0,0,0,0,0
STR-00065,unassigned_point,node/8017364780,no,39.2394309,-8.6966148,Galp Power,yes,24/7,Mobi.E,Avenida Bernardo Santareno,Santarém,,,+351 800 249 249,https://www.mobie.pt,1,120,50 kW,500,0,0,0,0,0,0,0,0,0,0,0,0,1,63,43 kW,400,1,125,50 kW,500
STR-00071,unassigned_point,node/13389558981,no,39.2487073,-8.6943891,Galp Power,yes,24/7,Mobi.E,,,,,+351 800 249 249,https://www.mobie.pt/,1,125,50 kW,500,0,0,0,0,0,0,0,0,0,0,0,0,1,32,22 kW,400,1,125,50 kW,500
STR-00073,unassigned_point,node/13599515652,no,39.2354,-8.681271,EDP,yes,24/7,Mobi.E,,,,,+351 800 222 222,https://www.mobie.pt/,0,0,0,0,0,0,0,0,0,0,0,0,2,16,11 kW,400,0,0,0,0,0,0,0,0
STR-90003,unassigned_point,node/8116478218,no,39.2334639,-8.6848129,EDP,yes,24/7,Mobi.E,,,,,+351 800 222 222,https://www.mobie.pt,0,0,0,0,0,0,0,0,0,0,0,0,2,32,22 kW,400,0,0,0,0,0,0,0,0
STR-90007,unassigned_point,node/8132380563,no,39.241268,-8.693994,EDP,yes,24/7,Mobi.E,,,,,+351 800 222 222,https://www.mobie.pt,0,0,0,0,0,0,0,0,0,0,0,0,2,16,3.7 kW,230,0,0,0,0,0,0,0,0
STR-90008,unassigned_point,node/8132374184,no,39.3841524,-8.6604125,Galp Power,yes,24/7,Mobi.E,,,,,+351 800 249 249,https://www.mobie.pt,0,0,0,0,0,0,0,0,0,0,0,0,2,16,3.7 kW,230,0,0,0,0,0,0,0,0
STR-90009,unassigned_point,node/8132374183,no,39.444566,-8.7364579,Galp Power,yes,24/7,Mobi.E,,,,,+351 800 249 249,https://www.mobie.pt,0,0,0,0,0,0,0,0,0,0,0,0,2,16,3.7 kW,230,0,0,0,0,0,0,0,0
STS-00001,unassigned_point,node/8113069557,no,41.3378798,-8.4771607,Powerdot,yes,24/7,Mobi.E,,,,,+351 800 180 292,https://www.mobie.pt,0,0,0,0,0,0,0,0,0,0,0,0,2,32,22 kW,400,0,0,0,0,0,0,0,0
STS-00003,unassigned_point,node/8079153639,no,41.3420666,-8.4727483,Mobiletric,yes,24/7,Mobi.E,Praça 25 de Abril,Santo Tirso,,,+351 800 249 249,https://www.mobie.pt,1,120,50 kW,500,0,0,0,0,0,0,0,0,0,0,0,0,0,0,0,0,1,125,50 kW,500
STS-00010,unassigned_point,node/9847807940,no,41.3552968,-8.4065263,Repsol,yes,24/7,Mobi.E,,,,,+351 800 226 624,https://www.mobie.pt,1,80,30 kW,500,0,0,0,0,0,0,0,0,0,0,0,0,1,32,22 kW,400,1,80,30 kW,1000
STS-00011,unassigned_point,node/9604000865,no,41.3392989,-8.4807691,EDP,yes,24/7,Mobi.E,,,,,+351 800 222 222,https://www.mobie.pt,1,125,50 kW,500,0,0,0,0,0,0,0,0,1,32,22 kW,400,0,0,0,0,1,200,90 kW,1000
STS-00012,unassigned_point,node/9731247062,no,41.3426377,-8.4937212,Powerdot,yes,24/7,Mobi.E,,,,,+351 800 180 292,https://www.mobie.pt/,1,120,50 kW,500,0,0,0,0,0,0,0,0,0,0,0,0,0,0,0,0,1,250,100 kW,1000
STS-00018,unassigned_point,node/11577769933,no,41.362102,-8.3946605,EDP,yes,24/7,Mobi.E,,,,,+351 800 222 222,https://www.mobie.pt/,0,0,0,0,0,0,0,0,0,0,0,0,2,32,22 kW,400,0,0,0,0,0,0,0,0
STS-00021,unassigned_point,node/12090293625,no,41.3370498,-8.4781101,EDP,yes,24/7,Mobi.E,,,,,+351 800 222 222,https://www.mobie.pt/,1,125,50 kW,500,0,0,0,0,0,0,0,0,0,0,0,0,0,0,0,0,1,200,120 kW,1000
STS-00022,unassigned_point,node/8477416496,no,41.3392064,-8.4949187,Atlante,yes,24/7,Mobi.E,,Santo Tirso,,,+351 800 296 929;+351 234 246 050,https://www.mobie.pt,1,120,50 kW,500,0,0,0,0,0,0,0,0,0,0,0,0,1,32,22 kW,400,1,150,60 kW,500
STS-00023,unassigned_point,node/10681530967,no,41.366239,-8.405796,Atlante,yes,24/7,Mobi.E,,,,,+351 800 296 929;+351 234 246 050,https://www.mobie.pt/,1,125,50 kW,500,0,0,0,0,0,0,0,0,0,0,0,0,1,32,22 kW,400,1,125,50 kW,500
STS-00026,unassigned_point,node/11413377050,no,41.3406192,-8.4930074,Charging Together,yes,24/7,Mobi.E,,,,,+351 800 917 576,https://www.mobie.pt,1,200,80 kW,500,0,0,0,0,0,0,0,0,0,0,0,0,0,0,0,0,2,500,150 kW,1000
STS-00034,unassigned_point,node/12619131218,no,41.3425719,-8.487658,True Kare,yes,24/7,Mobi.E,,,,,,https://www.mobie.pt/,0,0,0,0,0,0,0,0,0,0,0,0,2,32,22 kW,400,0,0,0,0,0,0,0,0
STS-00035,unassigned_point,node/12619121826,no,41.3444319,-8.4801412,True Kare,yes,24/7,Mobi.E,,,,,,https://www.mobie.pt/,0,0,0,0,0,0,0,0,0,0,0,0,2,32,22 kW,400,0,0,0,0,0,0,0,0
STS-00036,unassigned_point,node/12619131797,no,41.330963,-8.495115,True Kare,yes,24/7,Mobi.E,,,,,,https://www.mobie.pt/,0,0,0,0,0,0,0,0,0,0,0,0,2,32,22 kW,400,0,0,0,0,0,0,0,0
STS-00037,unassigned_point,node/12619121830,no,41.3388706,-8.4893071,True Kare,yes,24/7,Mobi.E,,,,,,https://www.mobie.pt/,0,0,0,0,0,0,0,0,0,0,0,0,2,32,22 kW,400,0,0,0,0,0,0,0,0
STS-00038,unassigned_point,node/12619159933,no,41.3481983,-8.4778365,True Kare,yes,24/7,Mobi.E,,,,,,https://www.mobie.pt/,0,0,0,0,0,0,0,0,0,0,0,0,2,32,22 kW,400,0,0,0,0,0,0,0,0
STS-00039,unassigned_point,node/12619150541,no,41.358,-8.365723,True Kare,yes,24/7,Mobi.E,,,,,,https://www.mobie.pt/,0,0,0,0,0,0,0,0,0,0,0,0,2,32,22 kW,400,0,0,0,0,0,0,0,0
STS-00040,unassigned_point,node/13274182806,no,41.359031,-8.4058459,True Kare,yes,24/7,Mobi.E,,,,,,https://www.mobie.pt/,0,0,0,0,0,0,0,0,0,0,0,0,2,32,22 kW,400,0,0,0,0,0,0,0,0
STS-00041,unassigned_point,node/12619177530,no,41.366915,-8.3995961,True Kare,yes,24/7,Mobi.E,,,,,,https://www.mobie.pt/,0,0,0,0,0,0,0,0,0,0,0,0,2,32,22 kW,400,0,0,0,0,0,0,0,0
STS-00042,unassigned_point,node/12619177532,no,41.3637679,-8.4741586,True Kare,yes,24/7,Mobi.E,,,,,,https://www.mobie.pt/,0,0,0,0,0,0,0,0,0,0,0,0,2,32,22 kW,400,0,0,0,0,0,0,0,0
STS-00043,unassigned_point,node/12666663714,no,41.3363077,-8.4746496,True Kare,yes,24/7,Mobi.E,,,,,,https://www.mobie.pt/,0,0,0,0,0,0,0,0,0,0,0,0,2,32,22 kW,400,0,0,0,0,0,0,0,0
STS-00044,unassigned_point,node/12666663713,no,41.25896,-8.484445,True Kare,yes,24/7,Mobi.E,,,,,,https://www.mobie.pt/,0,0,0,0,0,0,0,0,0,0,0,0,2,32,22 kW,400,0,0,0,0,0,0,0,0
STS-00053,unassigned_point,node/9848120760,no,41.3632308,-8.3963296,Galp Power,yes,24/7,Mobi.E,,,,,+351 800 249 249,https://www.mobie.pt/,1,120,50 kW,500,0,0,0,0,0,0,0,0,0,0,0,0,1,32,22 kW,400,1,125,50 kW,500
STS-00054,unassigned_point,node/12132193637,no,41.3464821,-8.4823462,Galp Power,yes,24/7,Mobi.E,,,,,+351 800 249 249,https://www.mobie.pt/,1,120,50 kW,500,0,0,0,0,0,0,0,0,0,0,0,0,1,32,22 kW,400,1,125,50 kW,500
STS-00055,unassigned_point,node/13866198938,no,41.363269,-8.4068376,True Kare,yes,24/7,Mobi.E,,,,,,https://www.mobie.pt/,0,0,0,0,0,0,0,0,0,0,0,0,2,32,22 kW,400,0,0,0,0,0,0,0,0
STS-00062,unassigned_point,node/13951697017,no,41.3398582,-8.482298,Repsol,yes,24/7,Mobi.E,,,,,+351 800 226 624,https://www.repsol.pt/,0,0,0,0,0,0,0,0,0,0,0,0,0,0,0,0,0,0,0,0,2,250,120 kW,1000
SVC-00001,unassigned_point,node/8116375610,no,32.8037028,-17.0463067,Emacom,yes,24/7,Mobi.E,,,,,+351 800 221 187,https://www.mobie.pt,0,0,0,0,0,0,0,0,0,0,0,0,2,32,22 kW,400,0,0,0,0,0,0,0,0
SVC-00002,unassigned_point,node/8082201013,no,32.8077354,-17.0476478,Emacom,yes,24/7,Mobi.E,,São Vicente,,,+351 800 221 187,https://www.mobie.pt,1,120,50 kW,500,0,0,0,0,0,0,0,0,1,32,22 kW,400,0,0,0,0,1,125,50 kW,500
SVC-00003,unassigned_point,node/10571501496,no,32.8200632,-16.9730865,Factor Energia,yes,24/7,Mobi.E,,,,,+351 800 100 013,https://www.mobie.pt/,0,0,0,0,0,0,0,0,0,0,0,0,2,32,22 kW,400,0,0,0,0,0,0,0,0
SVC-00004,unassigned_point,node/10571501495,no,32.8230804,-16.9901744,Factor Energia,yes,24/7,Mobi.E,,,,,+351 800 100 013,https://www.mobie.pt/,0,0,0,0,0,0,0,0,0,0,0,0,2,32,22 kW,400,0,0,0,0,0,0,0,0
SVC-00005,unassigned_point,node/12175784994,no,32.8089166,-17.0555805,Factor Energia,yes,24/7,Mobi.E,,,,,+351 800 100 013,https://www.mobie.pt/,0,0,0,0,0,0,0,0,0,0,0,0,2,32,22 kW,400,0,0,0,0,0,0,0,0
SVV-00003,unassigned_point,node/11359196943,no,40.7249368,-8.3633478,Atlante,yes,09:00-21:00,Mobi.E,,,,,+351 800 296 929;+351 234 246 050,https://www.mobie.pt/,1,125,50 kW,500,0,0,0,0,0,0,0,0,0,0,0,0,1,32,22 kW,400,1,150,60 kW,500
SVV-00005,unassigned_point,node/12132525747,no,40.7215481,-8.3617019,Galp Power,yes,24/7,Mobi.E,,,,PT,+351 800 249 249,https://www.mobie.pt/,1,120,50 kW,500,0,0,0,0,0,0,0,0,0,0,0,0,1,32,22 kW,400,1,125,50 kW,500
SVV-00006,unassigned_point,node/13663674295,no,40.6691907,-8.331415,Prio.E,yes,24/7,Mobi.E,,,,,+351 800 100 303,https://www.mobie.pt/,0,0,0,0,0,0,0,0,0,0,0,0,0,0,0,0,0,0,0,0,2,300,150 kW,1000
SVV-90001,unassigned_point,node/8309384162,no,40.7344557,-8.3699308,EDP,yes,24/7,Mobi.E,,,,PT,+351 800 222 222,https://www.mobie.pt,0,0,0,0,0,0,0,0,0,0,0,0,2,32,22 kW,400,0,0,0,0,0,0,0,0
SXL-00003,unassigned_point,node/8207177857,no,38.6313095,-9.1185524,Prio.E,yes,24/7,Mobi.E,,Amora,,,+351 800 100 303,https://www.mobie.pt,1,120,50 kW,500,0,0,0,0,0,0,0,0,0,0,0,0,0,0,0,0,1,125,50 kW,500
SXL-00006,unassigned_point,node/8001354645,no,38.6135518,-9.1083325,Galp Geste,yes,24/7,Mobi.E,Av. 1º de Maio,Fogueteiro,,,+351 800 249 249,https://www.mobie.pt,1,120,50 kW,500,0,0,0,0,0,0,0,0,0,0,0,0,1,63,43 kW,400,1,125,50 kW,500
SXL-00007,unassigned_point,node/8279666927,no,38.6394882,-9.1053598,Mobiletric,yes,24/7,Mobi.E,,,,,+351 800 249 249,https://www.mobie.pt,0,0,0,0,0,0,0,0,0,0,0,0,2,32,22 kW,400,0,0,0,0,0,0,0,0
SXL-00008,unassigned_point,node/8085788171,no,38.6284132,-9.1123901,Mobiletric,yes,24/7,Mobi.E,,,,,+351 800 249 249,https://www.mobie.pt,0,0,0,0,0,0,0,0,0,0,0,0,2,32,22 kW,400,0,0,0,0,0,0,0,0
SXL-00018,unassigned_point,node/9458380036,no,38.6091026,-9.0799908,Prio.E,yes,24/7,Mobi.E,,,,,+351 800 100 303,https://www.mobie.pt/,0,0,0,0,0,0,0,0,0,0,0,0,0,0,0,0,0,0,0,0,2,125,60 kW,500
SXL-00020,unassigned_point,node/9440272700,no,38.6229583,-9.130816,Powerdot,yes,24/7,Mobi.E,,,,,+351 800 180 292,https://www.mobie.pt/,1,120,50 kW,500,0,0,0,0,0,0,0,0,0,0,0,0,1,32,22 kW,400,1,125,50 kW,500
SXL-00022,unassigned_point,node/9860072932,no,38.6071317,-9.0928483,Powerdot,yes,24/7,Mobi.E,,,,,+351 800 180 292,https://www.mobie.pt/,1,120,40 kW,500,0,0,0,0,0,0,0,0,0,0,0,0,1,16,11 kW,400,1,125,60 kW,500
SXL-00027,unassigned_point,node/9920038579,no,38.6214026,-9.0953525,Galp Power,yes,24/7,Mobi.E,,,,,+351 800 249 249,https://www.mobie.pt,0,0,0,0,0,0,0,0,0,0,0,0,0,0,0,0,0,0,0,0,2,195,180 kW,1000
SXL-00028,unassigned_point,node/9920140184,no,38.6166398,-9.1020899,Galp Power,yes,24/7,Mobi.E,,,,,+351 800 249 249,https://www.mobie.pt,0,0,0,0,0,0,0,0,0,0,0,0,0,0,0,0,0,0,0,0,2,195,180 kW,1000
SXL-00030,unassigned_point,node/9920038581,no,38.6204489,-9.1151312,Galp Power,yes,24/7,Mobi.E,,,,,+351 800 249 249,https://www.mobie.pt,0,0,0,0,0,0,0,0,0,0,0,0,0,0,0,0,0,0,0,0,2,125,90 kW,1000
SXL-00037,unassigned_point,node/9919933660,no,38.6386825,-9.1506431,EDP,yes,24/7,Mobi.E,,,,,+351 800 222 222,https://www.mobie.pt,1,125,50 kW,500,0,0,0,0,0,0,0,0,1,32,22 kW,400,0,0,0,0,1,200,90 kW,1000
SXL-00040,unassigned_point,node/9554967235,no,38.6364371,-9.1536758,Powerdot,yes,24/7,Mobi.E,,,,,+351 800 180 292,https://www.mobie.pt/,1,120,40 kW,500,0,0,0,0,0,0,0,0,0,0,0,0,1,32,22 kW,400,1,125,40 kW,500
SXL-00043,unassigned_point,node/11196066687,no,38.5988756,-9.1400848,Powerdot,yes,24/7,Mobi.E,,,,,+351 800 180 292,https://www.mobie.pt/,1,125,50 kW,500,0,0,0,0,0,0,0,0,1,32,22 kW,400,0,0,0,0,1,250,100 kW,1000
SXL-00050,unassigned_point,node/10760048722,no,38.6271393,-9.1518295,Atlante,yes,08:00-22:00,Mobi.E,,,,,+351 800 296 929;+351 234 246 050,https://www.mobie.pt/,1,125,50 kW,500,0,0,0,0,0,0,0,0,0,0,0,0,1,32,22 kW,400,1,150,60 kW,500
SXL-00051,unassigned_point,node/10809071453,no,38.6327599,-9.1425804,Atlante,yes,24/7,Mobi.E,,,,,+351 800 296 929;+351 234 246 050,https://www.mobie.pt/,0,0,0,0,0,0,0,0,0,0,0,0,0,0,0,0,1,32,22 kW,400,1,150,60 kW,500
SXL-00063,unassigned_point,node/12324422963,no,38.5824351,-9.1006231,Iberdrola,yes,09:00-21:00,Mobi.E,,,,,+351 800 607 717,https://www.mobie.pt/,0,0,0,0,0,0,0,0,0,0,0,0,2,32,22 kW,400,0,0,0,0,0,0,0,0
SXL-00068,unassigned_point,node/8001361292,no,38.6157105,-9.1082253,Galp Power,yes,24/7,Mobi.E,,Fogueteiro,,,+351 800 249 249,https://www.mobie.pt,1,120,50 kW,500,0,0,0,0,0,0,0,0,0,0,0,0,1,63,43 kW,400,1,125,50 kW,500
SXL-00069,unassigned_point,node/10712095229,no,38.6331995,-9.1501792,Galp Power,yes,24/7,Mobi.E,,,,,+351 800 249 249,https://www.mobie.pt/,1,120,50 kW,500,0,0,0,0,0,0,0,0,0,0,0,0,1,32,22 kW,400,1,125,50 kW,500
SXL-00070,unassigned_point,node/9848264275,no,38.6403952,-9.1001996,Galp Power,yes,24/7,Mobi.E,,,,,+351 800 249 249,https://www.mobie.pt/,1,120,50 kW,500,0,0,0,0,0,0,0,0,0,0,0,0,1,32,22 kW,400,1,125,50 kW,500
SXL-00071,unassigned_point,node/8733712596,no,38.5976708,-9.1409888,Galp Power,yes,24/7,Mobi.E,Avenida do Mar,Belverde,,,+351 800 249 249,https://www.mobie.pt,1,120,50 kW,500,0,0,0,0,0,0,0,0,0,0,0,0,1,32,22 kW,400,1,125,50 kW,500
SXL-00072,unassigned_point,node/10675888133,no,38.6302927,-9.1181456,Galp Power,yes,24/7,Mobi.E,,,,,+351 800 249 249,https://www.mobie.pt/,1,120,50 kW,500,0,0,0,0,0,0,0,0,0,0,0,0,1,32,22 kW,400,1,125,50 kW,500
SXL-00073,unassigned_point,node/8418664860,no,38.5553948,-9.0875079,Galp Power,yes,24/7,Mobi.E,Avenida 10 de Junho,Fernão Ferro,,PT,+351 800 249 249,https://www.mobie.pt,1,120,50 kW,500,0,0,0,0,0,0,0,0,0,0,0,0,1,63,43 kW,400,1,125,50 kW,500
SXL-90001,unassigned_point,node/8289337323,no,38.6363872,-9.1024156,Powerdot,yes,24/7,Mobi.E,,,,,+351 800 180 292,https://www.mobie.pt,0,0,0,0,0,0,0,0,0,0,0,0,2,32,22 kW,400,0,0,0,0,0,0,0,0
TBC-00004,unassigned_point,node/8112945347,no,41.1165619,-7.5695653,KLC Serviços,yes,24/7,Mobi.E,,,,,+351 800 202 060,https://www.mobie.pt,0,0,0,0,0,0,0,0,0,0,0,0,2,32,22 kW,400,0,0,0,0,0,0,0,0
TBC-80002,unassigned_point,node/8112945346,no,41.1228025,-7.601442,Atlante,yes,24/7,Mobi.E,,,,,+351 800 296 929;+351 234 246 050,https://www.mobie.pt,0,0,0,0,0,0,0,0,0,0,0,0,2,32,22 kW,400,0,0,0,0,0,0,0,0
TBR-00005,unassigned_point,node/11554812778,no,41.707782,-8.1683684,EDP,yes,24/7,Mobi.E,,,,,+351 800 222 222,https://www.mobie.pt/,0,0,0,0,0,0,0,0,0,0,0,0,2,32,22 kW,400,0,0,0,0,0,0,0,0
TBR-00009,unassigned_point,node/13108537590,no,41.719213,-8.3087468,Galp Power,yes,24/7,Mobi.E,,,,,+351 800 249 249,https://www.mobie.pt/,0,0,0,0,0,0,0,0,0,0,0,0,2,32,22 kW,400,0,0,0,0,0,0,0,0
TBR-00010,unassigned_point,node/12949715835,no,41.727135,-8.162564,Galp Power,yes,24/7,Mobi.E,,,,,+351 800 249 249,https://www.mobie.pt/,0,0,0,0,0,0,0,0,0,0,0,0,2,32,22 kW,400,0,0,0,0,0,0,0,0
TBR-00011,unassigned_point,node/13822379271,no,41.6767694,-8.1817085,Galp Power,yes,24/7,Mobi.E,,,,,,https://www.mobie.pt/,0,0,0,0,0,0,0,0,0,0,0,0,2,32,22 kW,400,0,0,0,0,0,0,0,0
TBR-00012,unassigned_point,node/12837448381,no,41.750389,-8.1981608,Galp Power,yes,24/7,Mobi.E,,,,,+351 800 249 249,https://www.mobie.pt/,0,0,0,0,0,0,0,0,0,0,0,0,2,32,22 kW,400,0,0,0,0,0,0,0,0
TBR-90001,unassigned_point,node/8313025177,no,41.6748436,-8.1849452,Galp Power,yes,24/7,Mobi.E,,,,,+351 800 249 249,https://www.mobie.pt,0,0,0,0,0,0,0,0,0,0,0,0,2,32,22 kW,400,0,0,0,0,0,0,0,0
TBU-00006,unassigned_point,node/11624943334,no,40.3620967,-8.0329944,EDP,yes,24/7,Mobi.E,,,,,+351 800 222 222,https://www.mobie.pt/,0,0,0,0,0,0,0,0,0,0,0,0,2,32,7.4 kW,230,0,0,0,0,0,0,0,0
TBU-00007,unassigned_point,node/11624943333,no,40.3564941,-8.0259114,EDP,yes,24/7,Mobi.E,,,,,+351 800 222 222,https://www.mobie.pt/,0,0,0,0,0,0,0,0,0,0,0,0,2,32,22 kW,400,0,0,0,0,0,0,0,0
TBU-00009,unassigned_point,node/9799679404,no,40.3641173,-8.0249011,Galp Power,yes,24/7,Mobi.E,,Tábua,,,+351 800 249 249,https://www.mobie.pt/,1,120,50 kW,500,0,0,0,0,0,0,0,0,0,0,0,0,1,32,22 kW,400,1,125,50 kW,500
TBU-00010,unassigned_point,node/12969447102,no,40.36347,-8.022889,EDP,yes,24/7,Mobi.E,,,,,+351 800 222 222,https://www.mobie.pt/,0,0,0,0,0,0,0,0,0,0,0,0,2,32,22 kW,400,0,0,0,0,0,0,0,0
TBU-90002,unassigned_point,node/8109687609,no,40.3640262,-8.0180307,EDP,yes,24/7,Mobi.E,,,,,+351 800 222 222,https://www.mobie.pt,0,0,0,0,0,0,0,0,0,0,0,0,2,32,22 kW,400,0,0,0,0,0,0,0,0
TCS-00003,unassigned_point,node/12935540611,no,40.7645718,-7.3555492,Atlante,yes,24/7,Mobi.E,,,,,+351 800 296 929;+351 234 246 050,https://www.mobie.pt/,0,0,0,0,0,0,0,0,0,0,0,0,0,0,0,0,0,0,0,0,2,300,120 kW,500
TCS-90001,unassigned_point,node/8112766308,no,40.7745761,-7.3495933,EDP,yes,24/7,Mobi.E,,,,,+351 800 222 222,https://www.mobie.pt,0,0,0,0,0,0,0,0,0,0,0,0,2,32,22 kW,400,0,0,0,0,0,0,0,0
TMC-00003,unassigned_point,node/12068698214,no,41.177943,-7.0415814,Galp Power,yes,24/7,Mobi.E,,,,,+351 800 249 249,https://www.mobie.pt/,0,0,0,0,0,0,0,0,0,0,0,0,0,0,0,0,0,0,0,0,2,250,120 kW,1000
TMC-00004,unassigned_point,node/13687369179,no,41.1747768,-7.0527704,DTE,yes,24/7,Mobi.E,,,,,+351 912 872 459,https://www.mobie.pt/,0,0,0,0,0,0,0,0,0,0,0,0,0,0,0,0,0,0,0,0,2,150,60 kW,1000
TMC-00005,unassigned_point,node/13289895632,no,41.175864,-7.0527716,DTE,yes,24/7,Mobi.E,,,,,+351 912 872 459,https://www.mobie.pt/,0,0,0,0,0,0,0,0,0,0,0,0,2,32,22 kW,400,0,0,0,0,0,0,0,0
TMC-00006,unassigned_point,node/13357476506,no,41.173946,-7.050329,DTE,yes,24/7,Mobi.E,,,,,+351 912 872 459,https://www.mobie.pt/,0,0,0,0,0,0,0,0,0,0,0,0,2,32,22 kW,400,0,0,0,0,0,0,0,0
TMC-90001,unassigned_point,node/9018342467,no,41.1739477,-7.0499568,Powerdot,yes,24/7,Mobi.E,,,,,+351 800 180 292,https://www.mobie.pt,0,0,0,0,0,0,0,0,0,0,0,0,2,32,22 kW,400,0,0,0,0,0,0,0,0
TMR-00001,unassigned_point,node/8283841555,no,39.6048037,-8.4070122,Powerdot,yes,24/7,Mobi.E,,,,PT,+351 800 180 292,https://www.mobie.pt,0,0,0,0,0,0,0,0,0,0,0,0,2,32,22 kW,400,0,0,0,0,0,0,0,0
TMR-00003,unassigned_point,node/8290011833,no,39.60326,-8.415738,True Kare,yes,24/7,Mobi.E,,,,,+351 800 210 201,https://www.mobie.pt,0,0,0,0,0,0,0,0,0,0,0,0,2,32,7.4 kW,230,0,0,0,0,0,0,0,0
TMR-00004,unassigned_point,node/8289993941,no,39.6058824,-8.4101106,True Kare,yes,24/7,Mobi.E,,,,,+351 800 210 201,https://www.mobie.pt,0,0,0,0,0,0,0,0,0,0,0,0,2,32,7.4 kW,230,0,0,0,0,0,0,0,0
TMR-00010,unassigned_point,node/9788601726,no,39.6029196,-8.398564,EDP,yes,24/7,Mobi.E,,,,,+351 800 222 222,https://www.mobie.pt,1,125,50 kW,500,0,0,0,0,0,0,0,0,1,32,22 kW,400,0,0,0,0,1,200,90 kW,1000
TMR-00011,unassigned_point,node/10635011298,no,39.6076917,-8.4050788,True Kare,yes,24/7,Mobi.E,,,,,,https://www.mobie.pt/,0,0,0,0,0,0,0,0,0,0,0,0,2,32,22 kW,400,0,0,0,0,0,0,0,0
TMR-00012,unassigned_point,node/10635011297,no,39.605349,-8.4078495,True Kare,yes,24/7,Mobi.E,,,,,,https://www.mobie.pt/,0,0,0,0,0,0,0,0,0,0,0,0,2,32,22 kW,400,0,0,0,0,0,0,0,0
TMR-00013,unassigned_point,node/10635011300,no,39.602963,-8.4091283,True Kare,yes,24/7,Mobi.E,,,,,,https://www.mobie.pt/,0,0,0,0,0,0,0,0,0,0,0,0,2,32,22 kW,400,0,0,0,0,0,0,0,0
TMR-00014,unassigned_point,node/10702550363,no,39.60013,-8.40599,True Kare,yes,24/7,Mobi.E,,,,,,https://www.mobie.pt/,0,0,0,0,0,0,0,0,0,0,0,0,2,32,22 kW,400,0,0,0,0,0,0,0,0
TMR-00015,unassigned_point,node/10736008754,no,39.61568,-8.4004214,True Kare,yes,24/7,Mobi.E,,,,,,https://www.mobie.pt/,0,0,0,0,0,0,0,0,0,0,0,0,2,32,22 kW,400,0,0,0,0,0,0,0,0
TMR-00021,unassigned_point,node/10830146141,no,39.6044991,-8.4044529,True Kare,yes,24/7,Mobi.E,,,,,,https://www.mobie.pt/,0,0,0,0,0,0,0,0,0,0,0,0,2,32,22 kW,400,0,0,0,0,0,0,0,0
TMR-00022,unassigned_point,node/10830146140,no,39.6049001,-8.40202,True Kare,yes,24/7,Mobi.E,,,,,,https://www.mobie.pt/,0,0,0,0,0,0,0,0,0,0,0,0,2,32,22 kW,400,0,0,0,0,0,0,0,0
TMR-00024,unassigned_point,node/10830146138,no,39.6021559,-8.411987,True Kare,yes,24/7,Mobi.E,,,,,,https://www.mobie.pt/,0,0,0,0,0,0,0,0,0,0,0,0,2,32,22 kW,400,0,0,0,0,0,0,0,0
TMR-00025,unassigned_point,node/10830146137,no,39.5994665,-8.4118534,True Kare,yes,24/7,Mobi.E,,,,,,https://www.mobie.pt/,0,0,0,0,0,0,0,0,0,0,0,0,2,32,22 kW,400,0,0,0,0,0,0,0,0
TMR-00026,unassigned_point,node/10913012845,no,39.5997396,-8.301307,SR Energy,yes,24/7,Mobi.E,,,,PT,,https://www.mobie.pt/,0,0,0,0,0,0,0,0,0,0,0,0,2,32,22 kW,400,0,0,0,0,0,0,0,0
TMR-00027,unassigned_point,node/11264634432,no,39.6046237,-8.4088145,True Kare,yes,24/7,Mobi.E,,,,,,https://www.mobie.pt/,0,0,0,0,0,0,0,0,0,0,0,0,2,32,22 kW,400,0,0,0,0,0,0,0,0
TMR-00028,unassigned_point,node/11264634431,no,39.6027178,-8.4105246,True Kare,yes,24/7,Mobi.E,,,,,,https://www.mobie.pt/,0,0,0,0,0,0,0,0,0,0,0,0,2,32,22 kW,400,0,0,0,0,0,0,0,0
TMR-00029,unassigned_point,node/11421521128,no,39.6075619,-8.4044647,True Kare,yes,24/7,Mobi.E,,,,,,https://www.mobie.pt/,0,0,0,0,0,0,0,0,0,0,0,0,2,32,22 kW,400,0,0,0,0,0,0,0,0
TMR-00030,unassigned_point,node/11264634433,no,39.603565,-8.407537,True Kare,yes,24/7,Mobi.E,,,,,,https://www.mobie.pt/,0,0,0,0,0,0,0,0,0,0,0,0,2,32,22 kW,400,0,0,0,0,0,0,0,0
TMR-00031,unassigned_point,node/11548088245,no,39.6003796,-8.4104622,True Kare,yes,24/7,Mobi.E,,,,,,https://www.mobie.pt/,0,0,0,0,0,0,0,0,0,0,0,0,2,32,22 kW,400,0,0,0,0,0,0,0,0
TMR-00036,unassigned_point,node/11421521130,no,39.599744,-8.401947,True Kare,yes,24/7,Mobi.E,,,,,,https://www.mobie.pt/,0,0,0,0,0,0,0,0,0,0,0,0,2,32,22 kW,400,0,0,0,0,0,0,0,0
TMR-00038,unassigned_point,node/11947706715,no,39.6028171,-8.3976601,EDP,yes,24/7,Mobi.E,,,,,+351 800 222 222,https://www.mobie.pt/,1,125,50 kW,500,0,0,0,0,0,0,0,0,0,0,0,0,0,0,0,0,1,300,120 kW,1000
TMR-00048,unassigned_point,node/8733832871,no,39.6096623,-8.4020701,Galp Power,yes,24/7,Mobi.E,,Tomar,,PT,+351 800 249 249,https://www.mobie.pt,1,120,50 kW,500,0,0,0,0,0,0,0,0,0,0,0,0,1,32,22 kW,400,1,125,50 kW,500
TND-00004,unassigned_point,node/8109646970,no,40.5192292,-8.079181,Powerdot,yes,24/7,Mobi.E,,,,,+351 800 180 292,https://www.mobie.pt,0,0,0,0,0,0,0,0,0,0,0,0,2,32,22 kW,400,0,0,0,0,0,0,0,0
TND-00005,unassigned_point,node/8379232286,no,40.5260329,-8.0835289,Mobiletric,yes,24/7,Mobi.E,,Tondela,,,+351 800 249 249,https://www.mobie.pt,1,120,50 kW,500,0,0,0,0,0,0,0,0,0,0,0,0,0,0,0,0,1,125,50 kW,500
TND-00007,unassigned_point,node/10874108519,no,40.5818202,-8.0810278,Prio.E,yes,24/7,Mobi.E,,,,,+351 800 100 303,https://www.mobie.pt/,1,125,50 kW,500,0,0,0,0,0,0,0,0,0,0,0,0,0,0,0,0,1,150,60 kW,1000
TND-00008,unassigned_point,node/10981449252,no,40.5116059,-8.0810804,Powerdot,yes,24/7,Mobi.E,,,,,+351 800 180 292,https://www.mobie.pt/,0,0,0,0,0,0,0,0,0,0,0,0,0,0,0,0,1,32,22 kW,400,2,250,120 kW,1000
TND-00009,unassigned_point,node/8833480189,no,40.5292587,-8.0881791,Atlante,yes,24/7,Mobi.E,,Tondela,,,+351 800 296 929;+351 234 246 050,https://www.mobie.pt,1,120,50 kW,500,0,0,0,0,0,0,0,0,0,0,0,0,1,32,22 kW,400,1,150,60 kW,500
TND-00013,unassigned_point,node/12090525387,no,40.5058238,-8.0805029,Galp Power,yes,24/7,Mobi.E,,,,,+351 800 249 249,https://www.mobie.pt/,1,120,50 kW,500,0,0,0,0,0,0,0,0,0,0,0,0,1,32,22 kW,400,1,125,50 kW,500
TND-00020,unassigned_point,node/13016371314,no,40.5305702,-8.0871409,EDP,yes,24/7,Mobi.E,,,,,+351 800 222 222,https://www.mobie.pt/,0,0,0,0,0,0,0,0,0,0,0,0,1,32,22 kW,400,0,0,0,0,2,300,120 kW,1000
TND-00023,unassigned_point,node/13839354977,no,40.5311557,-8.0555062,Helexia II,yes,Mo-Sa 09:00-19:00,Mobi.E,,,,,+351 210 181 157,https://www.mobie.pt/,0,0,0,0,0,0,0,0,0,0,0,0,0,0,0,0,0,0,0,0,2,350,100 kW,1000
TNV-00002,unassigned_point,node/8109599760,no,39.4820391,-8.5381556,Atlante,yes,24/7,Mobi.E,,,,,+351 800 296 929;+351 234 246 050,https://www.mobie.pt,0,0,0,0,0,0,0,0,0,0,0,0,2,32,22 kW,400,0,0,0,0,0,0,0,0
TNV-00004,unassigned_point,node/8109599761,no,39.4630784,-8.5323415,Galp Power,yes,10:00-22:00,Mobi.E,,,,,+351 800 249 249,https://www.mobie.pt,0,0,0,0,0,0,0,0,0,0,0,0,2,32,22 kW,400,0,0,0,0,0,0,0,0
TNV-00006,unassigned_point,node/9281311308,no,39.4716309,-8.5399923,EDP,yes,24/7,Mobi.E,,,,,+351 800 222 222,https://www.mobie.pt/,1,125,50 kW,500,0,0,0,0,0,0,0,0,1,32,22 kW,400,0,0,0,0,1,200,90 kW,1000
TNV-00011,unassigned_point,node/10553244019,no,39.4702742,-8.5397259,EDP,yes,24/7,Mobi.E,,,,,+351 800 222 222,https://www.mobie.pt/,1,120,50 kW,500,0,0,0,0,0,0,0,0,0,0,0,0,0,0,0,0,1,200,120 kW,1000
TNV-00013,unassigned_point,node/11404287210,no,39.4680155,-8.5246472,EDP,yes,Mo-Sa 08:30-20:00; Su 09:00-13:00,Mobi.E,,,,,+351 800 222 222,https://www.mobie.pt/,1,125,50 kW,500,0,0,0,0,0,0,0,0,1,32,22 kW,400,0,0,0,0,1,200,90 kW,1000
TNV-00016,unassigned_point,node/8833398842,no,39.4631876,-8.5208306,Atlante,yes,24/7,Mobi.E,,Torres Novas,,,+351 800 296 929;+351 234 246 050,https://www.mobie.pt,1,120,50 kW,500,0,0,0,0,0,0,0,0,0,0,0,0,1,32,22 kW,400,1,125,50 kW,500
TNV-00017,unassigned_point,node/10282402311,no,39.4650147,-8.5238478,Atlante,yes,10:00-23:00,Mobi.E,,,,,+351 800 296 929;+351 234 246 050,https://www.mobie.pt/,1,125,50 kW,500,0,0,0,0,0,0,0,0,0,0,0,0,1,32,22 kW,400,1,150,60 kW,500
TNV-00020,unassigned_point,node/11554812783,no,39.4706949,-8.5414516,EDP,yes,24/7,Mobi.E,,,,,+351 800 222 222,https://www.mobie.pt/,1,125,50 kW,500,0,0,0,0,0,0,0,0,0,0,0,0,0,0,0,0,1,300,120 kW,1000
TNV-00022,unassigned_point,node/12188496409,no,39.476301,-8.5658391,Prio.E,yes,24/7,Mobi.E,,,,,+351 800 100 303,https://www.mobie.pt/,1,125,50 kW,500,0,0,0,0,0,0,0,0,0,0,0,0,0,0,0,0,1,250,120 kW,1000
TNV-00025,unassigned_point,node/9848183331,no,39.4712984,-8.5336862,Galp Power,yes,24/7,Mobi.E,,,,,+351 800 249 249,https://www.mobie.pt/,1,120,50 kW,500,0,0,0,0,0,0,0,0,0,0,0,0,1,32,22 kW,400,1,125,50 kW,500
TNV-00035,unassigned_point,node/13974772548,no,39.4709474,-8.5396409,Atlante,yes,24/7,Mobi.E,,,,,+351 800 296 929;+351 234 246 050,https://www.mobie.pt/,0,0,0,0,0,0,0,0,0,0,0,0,0,0,0,0,0,0,0,0,2,400,100 kW,1000
TRC-00002,unassigned_point,node/13050861880,no,41.0299116,-7.771374,Atlante,yes,24/7,Mobi.E,,,,,,https://www.mobie.pt/,0,0,0,0,0,0,0,0,0,0,0,0,0,0,0,0,0,0,0,0,2,350,120 kW,1000
TRC-80001,unassigned_point,node/8112888363,no,41.0182816,-7.7769859,Galp Power,yes,24/7,Mobi.E,,,,PT,+351 800 249 249,https://www.mobie.pt,0,0,0,0,0,0,0,0,0,0,0,0,2,32,22 kW,400,0,0,0,0,0,0,0,0
TRF-00001,unassigned_point,node/8113069558,no,41.3365004,-8.5574712,Atlante,yes,24/7,Mobi.E,,,,,+351 800 296 929;+351 234 246 050,https://www.mobie.pt,0,0,0,0,0,0,0,0,0,0,0,0,2,32,22 kW,400,0,0,0,0,0,0,0,0
TRF-00010,unassigned_point,node/8958089019,no,41.3411672,-8.5581797,Powerdot,yes,24/7,Mobi.E,,,,,+351 800 180 292,https://www.mobie.pt,1,120,50 kW,500,0,0,0,0,0,0,0,0,0,0,0,0,1,63,43 kW,400,1,125,50 kW,500
TRF-00011,unassigned_point,node/9731247064,no,41.3263055,-8.5691854,EDP,yes,24/7,Mobi.E,,,,,+351 800 222 222,https://www.mobie.pt/,1,125,50 kW,500,0,0,0,0,0,0,0,0,1,32,22 kW,400,0,0,0,0,1,200,90 kW,1000
TRF-00012,unassigned_point,node/8408172093,no,41.343476,-8.556953,Galp Geste,yes,24/7,Mobi.E,Rua Dom Pedro V,Trofa,,,+351 800 249 249,https://www.mobie.pt,1,120,50 kW,500,0,0,0,0,0,0,0,0,0,0,0,0,1,63,43 kW,400,1,125,50 kW,500
TRF-00013,unassigned_point,node/12473691362,no,41.3366242,-8.5703469,Powerdot,yes,24/7,Mobi.E,,,,,+351 800 180 292,https://www.mobie.pt/,1,120,50 kW,500,0,0,0,0,0,0,0,0,0,0,0,0,1,32,22 kW,400,1,125,50 kW,500
TRF-00014,unassigned_point,node/11404287212,no,41.3265411,-8.5675439,EDP,yes,24/7,Mobi.E,,,,,+351 800 222 222,https://www.mobie.pt/,1,125,50 kW,500,0,0,0,0,0,0,0,0,0,0,0,0,0,0,0,0,1,200,120 kW,1000
TRF-00015,unassigned_point,node/8477424831,no,41.3269026,-8.5682916,Atlante,yes,24/7,Mobi.E,,Trofa,,PT,+351 800 296 929;+351 234 246 050,https://www.mobie.pt,1,120,50 kW,500,0,0,0,0,0,0,0,0,0,0,0,0,1,32,22 kW,400,1,125,50 kW,500
TRF-00016,unassigned_point,node/11466710916,no,41.2821647,-8.5628214,Atlante,yes,24/7,Mobi.E,,,,,+351 800 296 929;+351 234 246 050,https://www.mobie.pt/,1,125,50 kW,500,0,0,0,0,0,0,0,0,0,0,0,0,0,0,0,0,1,200,120 kW,1000
TRF-00017,unassigned_point,node/12132193636,no,41.338526,-8.552054,Prio.E,yes,24/7,Mobi.E,,,,,+351 800 100 303,https://www.mobie.pt/,0,0,0,0,0,0,0,0,0,0,0,0,0,0,0,0,0,0,0,0,2,200,90 kW,500
TRF-00019,unassigned_point,node/12487146686,no,41.3313476,-8.5627191,Galp Power,yes,24/7,Mobi.E,,,,,+351 800 249 249,https://www.mobie.pt/,1,120,50 kW,500,0,0,0,0,0,0,0,0,0,0,0,0,1,32,22 kW,400,1,125,50 kW,500
TVD-00002,unassigned_point,node/4285884093,no,39.0874317,-9.2555939,Atlante,yes,24/7,Mobi.E,Praceta Calouste Gulbenkian,Torres Vedras,2560-272,,+351 800 296 929;+351 234 246 050,https://www.mobie.pt,0,0,0,0,0,0,0,0,0,0,0,0,2,16,3.7 kW,230,0,0,0,0,0,0,0,0
TVD-00004,unassigned_point,node/4285884095,no,39.0879529,-9.262714,EDP,yes,24/7,Mobi.E,Rua Villenave d'Ornon,Torres Vedras,2560,,+351 800 222 222,https://www.mobie.pt,0,0,0,0,0,0,0,0,0,0,0,0,2,16,3.7 kW,230,0,0,0,0,0,0,0,0
TVD-00009,unassigned_point,node/8086089309,no,39.0979996,-9.2609188,Mobiletric,yes,24/7,Mobi.E,,,,,+351 800 249 249,https://www.mobie.pt,0,0,0,0,0,0,0,0,0,0,0,0,2,32,22 kW,400,0,0,0,0,0,0,0,0
TVD-00012,unassigned_point,node/8086098310,no,39.1513107,-9.306246,EDP,yes,24/7,Mobi.E,,,,,+351 800 222 222,https://www.mobie.pt,0,0,0,0,0,0,0,0,0,0,0,0,2,32,22 kW,400,0,0,0,0,0,0,0,0
TVD-00013,unassigned_point,node/8086140721,no,39.1069104,-9.3659218,EDP,yes,24/7,Mobi.E,,,,,+351 800 222 222,https://www.mobie.pt,0,0,0,0,0,0,0,0,0,0,0,0,2,32,22 kW,400,0,0,0,0,0,0,0,0
TVD-00014,unassigned_point,node/8017317140,no,39.0963748,-9.2551587,Powerdot,yes,24/7,Mobi.E,Rua Fernando Vicente,Torres Vedras,,,+351 800 180 292,https://www.mobie.pt,1,120,50 kW,500,0,0,0,0,0,0,0,0,0,0,0,0,1,63,43 kW,400,1,125,50 kW,500
TVD-00019,unassigned_point,node/8757641255,no,39.082192,-9.2605789,Repsol,yes,24/7,Mobi.E,,Torres Vedras,,,+351 800 226 624,https://www.mobie.pt,1,120,50 kW,500,0,0,0,0,0,0,0,0,0,0,0,0,1,32,22 kW,400,1,125,50 kW,500
TVD-00021,unassigned_point,node/9464421020,no,39.0947872,-9.2553855,Powerdot,yes,24/7,Mobi.E,,,,,+351 800 180 292,https://www.mobie.pt/,0,0,0,0,0,0,0,0,0,0,0,0,2,32,22 kW,400,0,0,0,0,0,0,0,0
TVD-00022,unassigned_point,node/9598091359,no,39.0824814,-9.2606077,EDP,yes,24/7,Mobi.E,,,,,+351 800 222 222,https://www.mobie.pt,1,125,50 kW,500,0,0,0,0,0,0,0,0,1,32,22 kW,400,0,0,0,0,1,200,90 kW,1000
TVD-00023,unassigned_point,node/9630154647,no,39.080313,-9.2588945,Galp Power,yes,24/7,Mobi.E,,,,,+351 800 249 249,https://www.mobie.pt/,0,0,0,0,0,0,0,0,0,0,0,0,2,32,22 kW,400,0,0,0,0,0,0,0,0
TVD-00028,unassigned_point,node/10981449249,no,39.0901312,-9.2611867,Galp Power,yes,24/7,Mobi.E,,,,,+351 800 249 249,https://www.mobie.pt/,0,0,0,0,0,0,0,0,0,0,0,0,0,0,0,0,0,0,0,0,2,200,120 kW,1000
TVD-00029,unassigned_point,node/11103231977,no,39.1961299,-9.2381847,Galp Power,yes,24/7,Mobi.E,,,,,+351 800 249 249,https://www.mobie.pt/,0,0,0,0,0,0,0,0,0,0,0,0,0,0,0,0,0,0,0,0,2,200,120 kW,1000
TVD-00030,unassigned_point,node/10926826368,no,39.0803796,-9.2571804,Galp Power,yes,24/7,Mobi.E,,,,,+351 800 249 249,https://www.mobie.pt/,1,120,50 kW,500,0,0,0,0,0,0,0,0,0,0,0,0,0,0,0,0,1,200,120 kW,1000
TVD-00039,unassigned_point,node/11303436719,no,39.0909812,-9.2660617,Iberdrola,yes,09:00-21:30,Mobi.E,,,,,+351 800 607 717,https://www.mobie.pt/,0,0,0,0,0,0,0,0,0,0,0,0,2,32,22 kW,400,0,0,0,0,0,0,0,0
TVD-00040,unassigned_point,node/10297334787,no,39.133354,-9.3799929,Atlante,yes,24/7,Mobi.E,,,,,+351 800 296 929;+351 234 246 050,https://www.mobie.pt/,1,125,50 kW,500,0,0,0,0,0,0,0,0,0,0,0,0,0,0,0,0,1,125,60 kW,500
TVD-00044,unassigned_point,node/12018724377,no,39.1083,-9.36668,Atlante,yes,24/7,Mobi.E,,,,,+351 800 296 929;+351 234 246 050,https://www.mobie.pt,1,125,50 kW,500,0,0,0,0,0,0,0,0,1,32,22 kW,400,0,0,0,0,1,150,60 kW,500
TVD-00047,unassigned_point,node/12319622060,no,39.1000083,-9.25707,EDP,yes,09:00-20:00,Mobi.E,,,,,+351 800 222 222,https://www.mobie.pt/,0,0,0,0,0,0,0,0,0,0,0,0,2,32,22 kW,400,0,0,0,0,0,0,0,0
TVD-00050,unassigned_point,node/12827207989,no,39.1640219,-9.2764073,Prio.E,yes,24/7,Mobi.E,,,,,+351 800 100 303,https://www.mobie.pt/,1,125,50 kW,500,0,0,0,0,0,0,0,0,0,0,0,0,0,0,0,0,1,250,90 kW,1000
TVD-00054,unassigned_point,node/13854123579,no,39.1831681,-9.3263385,Mota Engil II,yes,24/7,Mobi.E,,,,,+351 800 020 940,https://www.mobie.pt/,0,0,0,0,0,0,0,0,0,0,0,0,0,0,0,0,0,0,0,0,2,400,90 kW,1000
TVD-00060,unassigned_point,node/13314976926,no,39.0228408,-9.3198328,Mota Engil II,yes,24/7,Mobi.E,,,,,+351 800 020 940,https://www.mobie.pt/,0,0,0,0,0,0,0,0,0,0,0,0,0,0,0,0,0,0,0,0,2,400,120 kW,1000
TVD-00064,unassigned_point,node/13317805023,no,39.1007486,-9.2862862,Mota Engil II,yes,24/7,Mobi.E,,,,,+351 800 020 940,https://www.mobie.pt/,0,0,0,0,0,0,0,0,0,0,0,0,0,0,0,0,0,0,0,0,2,400,120 kW,1000
TVD-00083,unassigned_point,node/13854019012,no,39.0425977,-9.2658386,Mota Engil II,yes,24/7,Mobi.E,,,,,+351 800 020 940,https://www.mobie.pt/,0,0,0,0,0,0,0,0,0,0,0,0,0,0,0,0,0,0,0,0,2,400,120 kW,1000
TVD-00085,unassigned_point,node/12074159873,no,39.1138984,-9.3676081,Galp Power,yes,24/7,Mobi.E,,,,,+351 800 249 249,https://www.mobie.pt/,1,120,50 kW,500,0,0,0,0,0,0,0,0,0,0,0,0,1,32,22 kW,400,1,125,50 kW,500
TVD-00086,unassigned_point,node/8733832872,no,39.0824773,-9.2620825,Galp Power,yes,24/7,Mobi.E,,Torres Vedras,,,+351 800 249 249,https://www.mobie.pt,1,120,50 kW,500,0,0,0,0,0,0,0,0,0,0,0,0,1,32,22 kW,400,1,125,50 kW,500
TVD-00089,unassigned_point,node/12956616370,no,39.1371348,-9.3601293,Helexia II,yes,24/7,Mobi.E,,,,,+351 210 181 157,https://www.mobie.pt/,0,0,0,0,0,0,0,0,0,0,0,0,0,0,0,0,0,0,0,0,2,150,60 kW,1000
TVD-00090,unassigned_point,node/8836883440,no,39.1122359,-9.3926993,Galp Power,yes,24/7,Mobi.E,,,,,,https://www.mobie.pt/,0,0,0,0,0,0,0,0,0,0,0,0,0,0,0,0,1,32,22 kW,400,0,0,0,0
TVD-00096,unassigned_point,node/13289914381,no,39.1137755,-9.368007,Cepsa,yes,24/7,Mobi.E,,,,,,https://www.mobie.pt/,0,0,0,0,0,0,0,0,0,0,0,0,0,0,0,0,0,0,0,0,1,375,150 kW,1000
TVD-00099,unassigned_point,node/13994825602,no,39.0702715,-9.2449837,Helexia II,yes,24/7,Mobi.E,,,,,+351 210 181 157,https://helexia.pt/,0,0,0,0,0,0,0,0,0,0,0,0,0,0,0,0,0,0,0,0,2,400,400 kW,1000
TVD-80006,unassigned_point,node/4285884096,no,39.1361909,-9.3802133,Galp Power,yes,24/7,Mobi.E,Avenida do Atlântico,Silveira,2560-042,PT,+351 800 249 249,https://www.mobie.pt,0,0,0,0,0,0,0,0,0,0,0,0,2,32,22 kW,400,0,0,0,0,0,0,0,0
TVD-90001,unassigned_point,node/4285884092,no,39.0912149,-9.2571447,EDP,yes,24/7,Mobi.E,Rua Henriques Nogueira,Torres Vedras,2560-270,,+351 800 222 222,https://www.mobie.pt,0,0,0,0,0,0,0,0,0,0,0,0,2,32,7.4 kW,230,0,0,0,0,0,0,0,0
TVR-00001,unassigned_point,node/7070338776,no,37.1217426,-7.6470396,EDP,yes,24/7,Mobi.E,,,,,+351 800 222 222,https://www.mobie.pt,0,0,0,0,0,0,0,0,0,0,0,0,2,32,22 kW,400,0,0,0,0,0,0,0,0
TVR-00012,unassigned_point,node/8199838578,no,37.1183094,-7.663261,Galp Geste,yes,24/7,Mobi.E,,Tavira,,,+351 800 249 249,https://www.mobie.pt,1,120,50 kW,500,0,0,0,0,0,0,0,0,0,0,0,0,1,63,43 kW,400,1,125,50 kW,500
TVR-00014,unassigned_point,node/9894976371,no,37.1340561,-7.6059023,Luzigás,yes,24/7,Mobi.E,,,,,+351 808 203 825,https://www.mobie.pt/,0,0,0,0,0,0,0,0,0,0,0,0,2,32,22 kW,400,0,0,0,0,0,0,0,0
TVR-00017,unassigned_point,node/10967642827,no,37.1533441,-7.7515635,EDP,yes,24/7,Mobi.E,,,,,+351 800 222 222,https://www.mobie.pt/,0,0,0,0,0,0,0,0,0,0,0,0,2,32,7.4 kW,230,0,0,0,0,0,0,0,0
TVR-00021,unassigned_point,node/10647459827,no,37.1235795,-7.6601869,Atlante,yes,24/7,Mobi.E,,,,,+351 800 296 929;+351 234 246 050,https://www.mobie.pt/,1,125,50 kW,500,0,0,0,0,0,0,0,0,0,0,0,0,1,32,22 kW,400,1,150,60 kW,500
TVR-00022,unassigned_point,node/10722216483,no,37.1267667,-7.644882,Atlante,yes,24/7,Mobi.E,,,,,+351 800 296 929;+351 234 246 050,https://www.mobie.pt/,1,125,50 kW,500,0,0,0,0,0,0,0,0,0,0,0,0,1,32,22 kW,400,1,150,60 kW,500
TVR-00024,unassigned_point,node/12385071085,no,37.1390105,-7.6044793,Green Evolut,yes,24/7,Mobi.E,,,,,,https://www.mobie.pt/,0,0,0,0,0,0,0,0,0,0,0,0,2,32,22 kW,400,0,0,0,0,0,0,0,0
TVR-00027,unassigned_point,node/8701692592,no,37.120504,-7.6554318,Galp Power,yes,24/7,Mobi.E,Largo de Santo Amaro,Tavira,,,+351 800 249 249,https://www.mobie.pt,1,120,50 kW,500,0,0,0,0,0,0,0,0,0,0,0,0,1,63,43 kW,400,1,125,50 kW,500
TVR-90005,unassigned_point,node/8558476086,no,37.1316753,-7.6418055,EDP,yes,24/7,Mobi.E,,,,,+351 800 222 222,https://www.mobie.pt,0,0,0,0,0,0,0,0,0,0,0,0,2,32,22 kW,400,0,0,0,0,0,0,0,0
VBP-00001,unassigned_point,node/7159245417,no,37.0078452,-8.9403032,Powerdot,yes,24/7,Mobi.E,,,,,+351 800 180 292,https://www.mobie.pt,0,0,0,0,0,0,0,0,0,0,0,0,2,32,22 kW,400,0,0,0,0,0,0,0,0
VBP-00019,unassigned_point,node/12042270928,no,37.0796194,-8.9135948,Galp Power,yes,24/7,Mobi.E,,,,,+351 800 249 249,https://www.mobie.pt/,1,120,50 kW,500,0,0,0,0,0,0,0,0,0,0,0,0,1,32,22 kW,400,1,125,50 kW,500
VCD-00005,unassigned_point,node/8116461002,no,41.3696854,-8.7434341,Powerdot,yes,24/7,Mobi.E,,,,,+351 800 180 292,https://www.mobie.pt,0,0,0,0,0,0,0,0,0,0,0,0,2,16,11 kW,400,0,0,0,0,0,0,0,0
VCD-00006,unassigned_point,node/8231207708,no,41.3600056,-8.7448986,Galp Geste,yes,24/7,Mobi.E,Avenida Júlio Saúl Dias,Vila do Conde,,,+351 800 249 249,https://www.mobie.pt,1,120,50 kW,500,0,0,0,0,0,0,0,0,0,0,0,0,1,63,43 kW,400,1,125,50 kW,500
VCD-00008,unassigned_point,node/9065817479,no,41.3681114,-8.7430546,Iberdrola,yes,09:00-21:30,Mobi.E,,,,,+351 800 607 717,https://www.mobie.pt,0,0,0,0,0,0,0,0,0,0,0,0,2,32,22 kW,400,0,0,0,0,0,0,0,0
VCD-00009,unassigned_point,node/9848120761,no,41.3673977,-8.749809,EDP,yes,24/7,Mobi.E,,,,,+351 800 222 222,https://www.mobie.pt/,1,125,50 kW,500,0,0,0,0,0,0,0,0,1,32,22 kW,400,0,0,0,0,1,200,90 kW,1000
VCD-00010,unassigned_point,node/9847958427,no,41.363973,-8.7467965,EDP,yes,24/7,Mobi.E,,,,,+351 800 222 222,https://www.mobie.pt/,1,125,50 kW,500,0,0,0,0,0,0,0,0,0,0,0,0,0,0,0,0,1,200,120 kW,1000
VCD-00016,unassigned_point,node/11061423023,no,41.3196605,-8.7128228,Galp Geste,yes,24/7,Mobi.E,,,,,+351 800 249 249,https://www.mobie.pt,0,0,0,0,0,0,0,0,0,0,0,0,0,0,0,0,0,0,0,0,2,200,90 kW,1000
VCD-00024,unassigned_point,node/11805769224,no,41.3587574,-8.7545577,EDP,yes,24/7,Mobi.E,,,,,+351 800 222 222,https://www.mobie.pt/,0,0,0,0,0,0,0,0,0,0,0,0,2,32,22 kW,400,0,0,0,0,0,0,0,0
VCD-00025,unassigned_point,node/11666242024,no,41.3647985,-8.7562548,EDP,yes,24/7,Mobi.E,,,,,+351 800 222 222,https://www.mobie.pt/,0,0,0,0,0,0,0,0,0,0,0,0,2,32,22 kW,400,0,0,0,0,0,0,0,0
VCD-00026,unassigned_point,node/13955515022,no,41.3495129,-8.753265,EDP,yes,24/7,Mobi.E,,,,,,https://www.mobie.pt/,0,0,0,0,0,0,0,0,0,0,0,0,2,32,22 kW,400,0,0,0,0,0,0,0,0
VCD-00027,unassigned_point,node/11666242023,no,41.352101,-8.747311,EDP,yes,24/7,Mobi.E,,,,,+351 800 222 222,https://www.mobie.pt/,0,0,0,0,0,0,0,0,0,0,0,0,2,32,22 kW,400,0,0,0,0,0,0,0,0
VCD-00028,unassigned_point,node/11666242022,no,41.3545516,-8.7462286,EDP,yes,24/7,Mobi.E,,,,,+351 800 222 222,https://www.mobie.pt/,0,0,0,0,0,0,0,0,0,0,0,0,2,32,22 kW,400,0,0,0,0,0,0,0,0
VCD-00029,unassigned_point,node/11666242021,no,41.3128599,-8.7210526,EDP,yes,24/7,Mobi.E,,,,,+351 800 222 222,https://www.mobie.pt/,0,0,0,0,0,0,0,0,0,0,0,0,2,32,22 kW,400,0,0,0,0,0,0,0,0
VCD-00030,unassigned_point,node/13299285136,no,41.3090971,-8.7206674,EDP,yes,24/7,Mobi.E,,,,,+351 800 222 222,https://www.mobie.pt/,0,0,0,0,0,0,0,0,0,0,0,0,2,32,22 kW,400,0,0,0,0,0,0,0,0
VCD-00031,unassigned_point,node/11666242020,no,41.2956086,-8.6953249,EDP,yes,24/7,Mobi.E,,,,,+351 800 222 222,https://www.mobie.pt/,0,0,0,0,0,0,0,0,0,0,0,0,2,32,22 kW,400,0,0,0,0,0,0,0,0
VCD-00032,unassigned_point,node/11805769222,no,41.295001,-8.6898773,EDP,yes,24/7,Mobi.E,,,,,+351 800 222 222,https://www.mobie.pt/,0,0,0,0,0,0,0,0,0,0,0,0,2,32,22 kW,400,0,0,0,0,0,0,0,0
VCD-00033,unassigned_point,node/11666242019,no,41.274177,-8.727637,EDP,yes,24/7,Mobi.E,,,,,+351 800 222 222,https://www.mobie.pt/,0,0,0,0,0,0,0,0,0,0,0,0,2,32,22 kW,400,0,0,0,0,0,0,0,0
VCD-00040,unassigned_point,node/11695238827,no,41.3601707,-8.7393526,Veimonte,yes,Mo-Fr 09:00-18:30,Mobi.E,,,,,+351 266 896 443,https://www.mobie.pt/,1,63,30 kW,500,0,0,0,0,0,0,0,0,0,0,0,0,0,0,0,0,1,63,30 kW,500
VCD-00041,unassigned_point,node/11695238826,no,41.3634344,-8.6748342,Veimonte,yes,24/7,Mobi.E,,,,,+351 266 896 443,https://www.mobie.pt/,0,0,0,0,0,0,0,0,0,0,0,0,1,32,22 kW,400,0,0,0,0,0,0,0,0
VCD-00052,unassigned_point,node/12282062675,no,41.3699899,-8.7435105,EDP,yes,09:00-20:00,Mobi.E,,,,,+351 800 222 222,https://www.mobie.pt/,0,0,0,0,0,0,0,0,0,0,0,0,2,32,22 kW,400,0,0,0,0,0,0,0,0
VCD-00057,unassigned_point,node/12586210106,no,41.3371689,-8.733425,Galp Power,yes,24/7,Mobi.E,,,,,+351 800 249 249,https://www.mobie.pt/,0,0,0,0,0,0,0,0,0,0,0,0,0,0,0,0,0,0,0,0,2,250,120 kW,1000
VCD-00058,unassigned_point,node/8418677777,no,41.3485395,-8.747094,Galp Power,yes,24/7,Mobi.E,Avenida Júlio Graça,Vila do Conde,,PT,+351 800 249 249,https://www.mobie.pt,1,120,50 kW,500,0,0,0,0,0,0,0,0,0,0,0,0,1,63,43 kW,400,1,125,50 kW,500
VCD-00059,unassigned_point,node/12200052184,no,41.3673739,-8.749543,Galp Power,yes,24/7,Mobi.E,,,,,+351 800 249 249,https://www.mobie.pt/,1,120,50 kW,500,0,0,0,0,0,0,0,0,0,0,0,0,1,32,22 kW,400,1,125,50 kW,500
VCD-00060,unassigned_point,node/12132803543,no,41.3051014,-8.702212,Galp Power,yes,24/7,Mobi.E,,,,,+351 800 249 249,https://www.mobie.pt/,1,120,50 kW,500,0,0,0,0,0,0,0,0,0,0,0,0,1,32,22 kW,400,1,125,50 kW,500
VCD-00062,unassigned_point,node/13178975928,no,41.3795342,-8.6824416,EDP,yes,24/7,Mobi.E,,,,,+351 800 222 222,https://www.mobie.pt/,0,0,0,0,0,0,0,0,0,0,0,0,2,32,22 kW,400,0,0,0,0,0,0,0,0
VCD-00063,unassigned_point,node/12059982438,no,41.341244,-8.73355,Cepsa,yes,24/7,Mobi.E,,,,,,https://www.mobie.pt/,0,0,0,0,0,0,0,0,0,0,0,0,0,0,0,0,0,0,0,0,2,500,300 kW,1000
VCD-00066,unassigned_point,node/13544588136,no,41.2788649,-8.6720072,EDP,yes,24/7,Mobi.E,,,,,+351 800 222 222,https://www.mobie.pt/,0,0,0,0,0,0,0,0,0,0,0,0,2,32,22 kW,400,0,0,0,0,0,0,0,0
VCD-00079,unassigned_point,node/13639687234,no,41.400593,-8.682691,EDP,yes,24/7,Mobi.E,,,,,+351 800 222 222,https://www.mobie.pt/,0,0,0,0,0,0,0,0,0,0,0,0,2,30,22 kW,400,0,0,0,0,0,0,0,0
VCD-00080,unassigned_point,node/13463016860,no,41.345078,-8.736025,EDP,yes,24/7,Mobi.E,,,,,+351 800 222 222,https://www.mobie.pt/,0,0,0,0,0,0,0,0,0,0,0,0,2,30,22 kW,400,0,0,0,0,0,0,0,0
VCD-00081,unassigned_point,node/13463016859,no,41.293365,-8.73409,EDP,yes,24/7,Mobi.E,,,,,+351 800 222 222,https://www.mobie.pt/,0,0,0,0,0,0,0,0,0,0,0,0,2,30,22 kW,400,0,0,0,0,0,0,0,0
VCD-00082,unassigned_point,node/13516752155,no,41.2919371,-8.63788,EDP,yes,24/7,Mobi.E,,,,,+351 800 222 222,https://www.mobie.pt/,0,0,0,0,0,0,0,0,0,0,0,0,2,30,22 kW,400,0,0,0,0,0,0,0,0
VCD-00083,unassigned_point,node/14120684799,no,41.373123,-8.7154554,EDP,yes,24/7,Mobi.E,,,,,+351 800 222 222,https://www.mobie.pt/,0,0,0,0,0,0,0,0,0,0,0,0,2,32,22 kW,400,0,0,0,0,0,0,0,0
VCD-00084,unassigned_point,node/13787387368,no,41.2680364,-8.6667462,EDP,yes,24/7,Mobi.E,,,,,+351 800 222 222,https://www.mobie.pt/,0,0,0,0,0,0,0,0,0,0,0,0,2,30,20.7 kW,400,0,0,0,0,0,0,0,0
VCD-90004,unassigned_point,node/8309572509,no,41.3498906,-8.7476199,EDP,yes,24/7,Mobi.E,,,,,+351 800 222 222,https://www.mobie.pt,0,0,0,0,0,0,0,0,0,0,0,0,2,32,22 kW,400,0,0,0,0,0,0,0,0
VCT-00006,unassigned_point,node/4942633434,no,41.6830083,-8.8325754,Powerdot,yes,24/7,Mobi.E,Avenida do Cabedelo,Viana do Castelo,4935,,+351 800 180 292,https://www.mobie.pt,0,0,0,0,0,0,0,0,0,0,0,0,2,16,3.7 kW,230,0,0,0,0,0,0,0,0
VCT-00017,unassigned_point,node/8419412941,no,41.7066216,-8.825224,Iberdrola,yes,09:00-21:30,Mobi.E,,,,,+351 800 607 717,https://www.mobie.pt,0,0,0,0,0,0,0,0,0,0,0,0,2,32,22 kW,400,0,0,0,0,0,0,0,0
VCT-00021,unassigned_point,node/8894815316,no,41.6794359,-8.7773839,Powerdot,yes,24/7,Mobi.E,,Viana do Castelo,,,+351 800 180 292,https://www.mobie.pt,1,120,50 kW,500,0,0,0,0,0,0,0,0,0,0,0,0,1,63,43 kW,400,1,125,50 kW,500
VCT-00024,unassigned_point,node/9426410188,no,41.7072021,-8.8027628,Galp Geste,yes,24/7,Mobi.E,,,,,+351 800 249 249,https://www.mobie.pt,1,120,50 kW,500,0,0,0,0,0,0,0,0,0,0,0,0,1,63,43 kW,400,1,125,50 kW,500
VCT-00027,unassigned_point,node/9847828034,no,41.700825,-8.823144,Repsol,yes,24/7,Mobi.E,,,,,+351 800 226 624,https://www.mobie.pt,1,80,30 kW,500,0,0,0,0,0,0,0,0,0,0,0,0,1,32,22 kW,400,1,80,30 kW,500
VCT-00028,unassigned_point,node/9731247065,no,41.70217,-8.8190102,EDP,yes,24/7,Mobi.E,,,,,+351 800 222 222,https://www.mobie.pt/,1,125,50 kW,500,0,0,0,0,0,0,0,0,1,32,22 kW,400,0,0,0,0,1,200,90 kW,1000
VCT-00029,unassigned_point,node/9920134223,no,41.69425,-8.8381959,Galp Geste,yes,24/7,Mobi.E,,,,,+351 800 249 249,https://www.mobie.pt/,0,0,0,0,0,0,0,0,0,0,0,0,0,0,0,0,0,0,0,0,2,200,120 kW,1000
VCT-00030,unassigned_point,node/9920092714,no,41.6966108,-8.8432464,Galp Geste,yes,24/7,Mobi.E,,,,,+351 800 249 249,https://www.mobie.pt/,0,0,0,0,0,0,0,0,0,0,0,0,0,0,0,0,0,0,0,0,2,200,120 kW,1000
VCT-00031,unassigned_point,node/9960356558,no,41.6943415,-8.8313851,EDP,yes,24/7,Mobi.E,,,,,+351 800 222 222,https://www.mobie.pt/,0,0,0,0,0,0,0,0,0,0,0,0,2,32,22 kW,400,0,0,0,0,0,0,0,0
VCT-00035,unassigned_point,node/10599918399,no,41.9754729,-8.6837324,EDP,yes,24/7,Mobi.E,,,,,+351 800 222 222,https://www.mobie.pt/,0,0,0,0,0,0,0,0,0,0,0,0,2,32,22 kW,400,0,0,0,0,0,0,0,0
VCT-00039,unassigned_point,node/10777898542,no,41.6949965,-8.84225,EDP,yes,24/7,Mobi.E,,,,,+351 800 222 222,https://www.mobie.pt/,1,120,50 kW,500,0,0,0,0,0,0,0,0,0,0,0,0,0,0,0,0,1,200,120 kW,1000
VCT-00041,unassigned_point,node/11143615507,no,41.640046,-8.769702,NRG,yes,24/7,Mobi.E,,,,,,https://www.mobie.pt/,1,150,75 kW,500,0,0,0,0,0,0,0,0,0,0,0,0,0,0,0,0,1,200,180 kW,1000
VCT-00042,unassigned_point,node/11301244257,no,41.7245494,-8.8593862,Superareosa,yes,24/7,Mobi.E,,,,,,https://www.mobie.pt,1,125,50 kW,500,0,0,0,0,0,0,0,0,1,32,22 kW,400,0,0,0,0,1,125,60 kW,500
VCT-00043,unassigned_point,node/8232128342,no,41.7068178,-8.8020839,KLC Serviços,yes,24/7,Mobi.E,,Viana do Castelo,,,+351 800 202 060,https://www.mobie.pt,1,120,50 kW,500,0,0,0,0,0,0,0,0,0,0,0,0,1,63,43 kW,400,1,125,50 kW,500
VCT-00049,unassigned_point,node/966120896,no,41.6951442,-8.8198436,EDP,yes,24/7,Mobi.E,Edifício da Marina,Viana do Castelo,4900,,+351 800 222 222,https://www.mobie.pt,0,0,0,0,0,0,0,0,0,0,0,0,2,32,7.4 kW,230,0,0,0,0,0,0,0,0
VCT-00050,unassigned_point,node/11793970831,no,41.7072572,-8.8222737,Charging Together,yes,24/7,Mobi.E,,,,,+351 800 917 576,https://www.mobie.pt,1,200,80 kW,500,0,0,0,0,0,0,0,0,0,0,0,0,0,0,0,0,2,500,150 kW,1000
VCT-00053,unassigned_point,node/12244209249,no,41.702772,-8.8157621,Atlante,yes,24/7,Mobi.E,,,,,+351 800 296 929;+351 234 246 050,https://www.mobie.pt,1,125,50 kW,500,0,0,0,0,0,0,0,0,1,32,22 kW,400,0,0,0,0,1,150,60 kW,500
VCT-00055,unassigned_point,node/10981663999,no,41.6952074,-8.8436833,EDP,yes,24/7,Mobi.E,,,,,+351 800 222 222,https://www.mobie.pt/,0,0,0,0,0,0,0,0,0,0,0,0,2,32,22 kW,400,0,0,0,0,0,0,0,0
VCT-00059,unassigned_point,node/13556369456,no,41.652582,-8.717351,Galp Power,yes,24/7,Mobi.E,,,,,+351 800 249 249,https://www.mobie.pt/,0,0,0,0,0,0,0,0,0,0,0,0,0,0,0,0,0,0,0,0,2,250,120 kW,1000
VCT-00061,unassigned_point,node/8232149106,no,41.6834709,-8.8096057,Enable Mobility Solutions,yes,24/7,Mobi.E,Avenida Primeiro de Maio,Viana do Castelo,,,,https://www.mobie.pt,1,120,50 kW,500,0,0,0,0,0,0,0,0,0,0,0,0,1,32,22 kW,400,1,125,50 kW,500
VCT-00062,unassigned_point,node/12787941429,no,41.68093,-8.7780731,Powerdot,yes,24/7,Mobi.E,,,,,+351 800 180 292,https://www.mobie.pt/,0,0,0,0,0,0,0,0,0,0,0,0,2,32,22 kW,400,0,0,0,0,0,0,0,0
VCT-00065,unassigned_point,node/8232080749,no,41.6812592,-8.7747161,Galp Power,yes,24/7,Mobi.E,,Viana do Castelo,,,+351 800 249 249,https://www.mobie.pt,1,120,50 kW,500,0,0,0,0,0,0,0,0,0,0,0,0,1,63,43 kW,400,1,125,50 kW,500
VCT-00066,unassigned_point,node/10681530964,no,41.7059216,-8.8201319,Galp Power,yes,24/7,Mobi.E,,,,,+351 800 249 249,https://www.mobie.pt/,1,120,50 kW,500,0,0,0,0,0,0,0,0,0,0,0,0,1,32,22 kW,400,1,125,50 kW,500
VCT-00069,unassigned_point,node/12944572963,no,41.6603693,-8.7771663,Cepsa,yes,24/7,Mobi.E,,,,,,https://www.mobie.pt/,0,0,0,0,0,0,0,0,0,0,0,0,0,0,0,0,0,0,0,0,2,500,300 kW,1000
VCT-00070,unassigned_point,node/13387607938,no,41.692865,-8.8433208,REMO,yes,24/7,Mobi.E,,,,,+351 800 020 940,https://www.mobie.pt/,0,0,0,0,0,0,0,0,0,0,0,0,0,0,0,0,0,0,0,0,2,500,150 kW,1000
VCT-80003,unassigned_point,node/2084661709,no,41.6932942,-8.8460784,Atlante,yes,24/7,Mobi.E,Avenida do Atlântico,Viana do Castelo,,,+351 800 296 929;+351 234 246 050,https://www.mobie.pt,0,0,0,0,0,0,0,0,0,0,0,0,2,32,7.4 kW,230,0,0,0,0,0,0,0,0
VCT-80007,unassigned_point,node/2731614731,no,41.6431572,-8.7712526,Atlante,yes,24/7,Mobi.E,,,,,+351 800 296 929;+351 234 246 050,https://www.mobie.pt,0,0,0,0,0,0,0,0,0,0,0,0,2,32,7.4 kW,230,0,0,0,0,0,0,0,0
VCT-80009,unassigned_point,node/5050852345,no,41.7031948,-8.7119698,Atlante,yes,24/7,Mobi.E,,Viana do Castelo,,,+351 800 296 929;+351 234 246 050,https://www.mobie.pt,0,0,0,0,0,0,0,0,0,0,0,0,2,16,3.7 kW,230,0,0,0,0,0,0,0,0
VCT-90002,unassigned_point,node/2084642560,no,41.6947381,-8.8311839,Galp Power,yes,24/7,Mobi.E,Avenida dos Combatentes da Grande Guerra,,,,+351 800 249 249,https://www.mobie.pt,0,0,0,0,0,0,0,0,0,0,0,0,2,32,22 kW,400,0,0,0,0,0,0,0,0
VCT-90004,unassigned_point,node/2083900944,no,41.6955552,-8.8398528,Galp Power,yes,24/7,Mobi.E,Largo Cidade da Baía,Viana do Castelo,,,+351 800 249 249,https://www.mobie.pt,0,0,0,0,0,0,0,0,0,0,0,0,2,16,3.7 kW,230,0,0,0,0,0,0,0,0
VCT-90005,unassigned_point,node/2264276482,no,41.7049783,-8.8175321,Galp Power,yes,24/7,Mobi.E,Rua Aquilino Ribeiro,Viana do Castelo,4900,,+351 800 249 249,https://www.mobie.pt,0,0,0,0,0,0,0,0,0,0,0,0,2,16,3.7 kW,230,0,0,0,0,0,0,0,0
VCT-90008,unassigned_point,node/2731614409,no,41.6465085,-8.7015367,EDP,yes,24/7,Mobi.E,Rua Dr. José Garção Gomes,,,,+351 800 222 222,https://www.mobie.pt,0,0,0,0,0,0,0,0,0,0,0,0,2,16,3.7 kW,230,0,0,0,0,0,0,0,0
VCT-90010,unassigned_point,node/5050852346,no,41.7466355,-8.6886828,Galp Power,yes,24/7,Mobi.E,Parque Empresarial de Lanheses,Viana do Castelo,,,+351 800 249 249,https://www.mobie.pt,0,0,0,0,0,0,0,0,0,0,0,0,2,16,3.7 kW,230,0,0,0,0,0,0,0,0
VDG-00001,unassigned_point,node/8289259774,no,38.2116845,-7.8020817,Powerdot,yes,24/7,Mobi.E,,,,PT,+351 800 180 292,https://www.mobie.pt,0,0,0,0,0,0,0,0,0,0,0,0,2,32,22 kW,400,0,0,0,0,0,0,0,0
VDG-00003,unassigned_point,node/12018552303,no,38.2051194,-7.8006423,Galp Power,yes,24/7,Mobi.E,,,,PT,+351 800 249 249,https://www.mobie.pt/,1,120,50 kW,500,0,0,0,0,0,0,0,0,0,0,0,0,1,32,22 kW,400,1,125,50 kW,500
VFC-00001,unassigned_point,node/8426950722,no,37.7163776,-25.4329805,SEGMA,yes,24/7,Mobi.E,,,,,+351 296 20 22 09,https://www.mobie.pt,0,0,0,0,0,0,0,0,0,0,0,0,2,32,22 kW,400,0,0,0,0,0,0,0,0
VFC-00006,unassigned_point,node/11877520416,no,37.7187899,-25.4421059,SEGMA,yes,08:30-21:00,Mobi.E,,,,,+351 296 20 22 09,https://www.mobie.pt/,0,0,0,0,0,0,0,0,0,0,0,0,2,32,22 kW,400,0,0,0,0,0,0,0,0
VFC-00007,unassigned_point,node/12540014459,no,37.7190638,-25.4224147,SEGMA,yes,24/7,Mobi.E,,,,,+351 296 20 22 09,https://www.mobie.pt/,0,0,0,0,0,0,0,0,0,0,0,0,2,32,22 kW,400,0,0,0,0,0,0,0,0
VFC-00008,unassigned_point,node/12660830149,no,37.7199958,-25.4330659,SEGMA,yes,24/7,Mobi.E,,,,,+351 296 20 22 09,https://www.mobie.pt/,0,0,0,0,0,0,0,0,0,0,0,0,2,32,22 kW,400,0,0,0,0,0,0,0,0
VFL-00003,unassigned_point,node/10215848702,no,41.308743,-7.153633,Galp Power,yes,24/7,Mobi.E,,,,,+351 800 249 249,https://www.mobie.pt/,1,120,50 kW,500,0,0,0,0,0,0,0,0,0,0,0,0,1,63,43 kW,400,1,125,50 kW,500
VFL-00006,unassigned_point,node/14075492015,no,41.3086614,-7.155915,Galp Power,yes,24/7,Mobi.E,,,,,+351 800 249 249,,0,0,0,0,0,0,0,0,0,0,0,0,2,32,22 kW,400,0,0,0,0,0,0,0,0
VFR-00008,unassigned_point,node/8818730513,no,40.9793857,-8.5757204,Powerdot,yes,24/7,Mobi.E,,,,,+351 800 180 292,https://www.mobie.pt,1,120,50 kW,500,0,0,0,0,0,0,0,0,0,0,0,0,1,63,43 kW,400,1,125,50 kW,500
VFR-00013,unassigned_point,node/9455582851,no,40.9884598,-8.5697892,Powerdot,yes,24/7,Mobi.E,,,,,+351 800 180 292,https://www.mobie.pt,1,120,50 kW,500,0,0,0,0,0,0,0,0,0,0,0,0,1,32,22 kW,400,1,125,50 kW,500
VFR-00014,unassigned_point,node/10217263457,no,40.98143,-8.535586,Iberdrola,yes,09:00-21:30,Mobi.E,,,,,+351 800 607 717,https://www.mobie.pt/,0,0,0,0,0,0,0,0,0,0,0,0,2,32,22 kW,400,0,0,0,0,0,0,0,0
VFR-00015,unassigned_point,node/9919933657,no,40.977569,-8.5370525,EDP,yes,24/7,Mobi.E,,,,,+351 800 222 222,https://www.mobie.pt/,1,125,50 kW,500,0,0,0,0,0,0,0,0,1,32,22 kW,400,0,0,0,0,1,200,90 kW,1000
VFR-00017,unassigned_point,node/10261301096,no,41.0241612,-8.5420553,Galp Power,yes,24/7,Mobi.E,,,,,+351 800 249 249,https://www.mobie.pt/,0,0,0,0,0,0,0,0,0,0,0,0,2,32,22 kW,400,0,0,0,0,0,0,0,0
VFR-00018,unassigned_point,node/10261301095,no,40.9683416,-8.500764,Galp Power,yes,24/7,Mobi.E,,,,,+351 800 249 249,https://www.mobie.pt/,0,0,0,0,0,0,0,0,0,0,0,0,2,32,22 kW,400,0,0,0,0,0,0,0,0
VFR-00019,unassigned_point,node/10261301094,no,41.0065049,-8.4661742,Galp Power,yes,24/7,Mobi.E,,,,,+351 800 249 249,https://www.mobie.pt/,0,0,0,0,0,0,0,0,0,0,0,0,2,32,22 kW,400,0,0,0,0,0,0,0,0
VFR-00020,unassigned_point,node/10269351085,no,41.009428,-8.461378,Galp Power,yes,24/7,Mobi.E,,,,,+351 800 249 249,https://www.mobie.pt/,0,0,0,0,0,0,0,0,0,0,0,0,2,32,22 kW,400,0,0,0,0,0,0,0,0
VFR-00023,unassigned_point,node/10250534750,no,40.9175441,-8.536866,Galp Power,yes,24/7,Mobi.E,,,,,+351 800 249 249,https://www.mobie.pt/,0,0,0,0,0,0,0,0,0,0,0,0,2,32,22 kW,400,0,0,0,0,0,0,0,0
VFR-00024,unassigned_point,node/10269351090,no,40.9839964,-8.4915492,Galp Power,yes,24/7,Mobi.E,,,,,+351 800 249 249,https://www.mobie.pt/,0,0,0,0,0,0,0,0,0,0,0,0,2,32,22 kW,400,0,0,0,0,0,0,0,0
VFR-00025,unassigned_point,node/10269351086,no,40.9927965,-8.5388446,Galp Power,yes,24/7,Mobi.E,,,,,+351 800 249 249,https://www.mobie.pt/,0,0,0,0,0,0,0,0,0,0,0,0,2,32,22 kW,400,0,0,0,0,0,0,0,0
VFR-00026,unassigned_point,node/10246580771,no,40.9883457,-8.5384278,Galp Power,yes,24/7,Mobi.E,,,,,+351 800 249 249,https://www.mobie.pt/,0,0,0,0,0,0,0,0,0,0,0,0,2,32,22 kW,400,0,0,0,0,0,0,0,0
VFR-00027,unassigned_point,node/10246580770,no,41.0094784,-8.512976,Galp Power,yes,24/7,Mobi.E,,,,,+351 800 249 249,https://www.mobie.pt/,0,0,0,0,0,0,0,0,0,0,0,0,2,32,22 kW,400,0,0,0,0,0,0,0,0
VFR-00030,unassigned_point,node/10269351081,no,40.9799974,-8.5688644,Galp Power,yes,24/7,Mobi.E,,,,,+351 800 249 249,https://www.mobie.pt/,0,0,0,0,0,0,0,0,0,0,0,0,2,32,22 kW,400,0,0,0,0,0,0,0,0
VFR-00031,unassigned_point,node/10282402316,no,40.9118083,-8.4949694,Galp Power,yes,24/7,Mobi.E,,,,,+351 800 249 249,https://www.mobie.pt/,0,0,0,0,0,0,0,0,0,0,0,0,2,32,22 kW,400,0,0,0,0,0,0,0,0
VFR-00032,unassigned_point,node/10261275908,no,40.9864483,-8.5192417,Galp Power,yes,24/7,Mobi.E,,,,,+351 800 249 249,https://www.mobie.pt/,0,0,0,0,0,0,0,0,0,0,0,0,2,32,22 kW,400,0,0,0,0,0,0,0,0
VFR-00033,unassigned_point,node/10261231551,no,40.9790729,-8.4569675,Galp Power,yes,24/7,Mobi.E,,,,,+351 800 249 249,https://www.mobie.pt/,0,0,0,0,0,0,0,0,0,0,0,0,2,32,22 kW,400,0,0,0,0,0,0,0,0
VFR-00034,unassigned_point,node/10282402315,no,41.0089447,-8.586235,Galp Power,yes,24/7,Mobi.E,,,,,+351 800 249 249,https://www.mobie.pt/,0,0,0,0,0,0,0,0,0,0,0,0,2,32,22 kW,400,0,0,0,0,0,0,0,0
VFR-00035,unassigned_point,node/10250534752,no,40.9754414,-8.5904382,Galp Power,yes,24/7,Mobi.E,,,,,+351 800 249 249,https://www.mobie.pt/,0,0,0,0,0,0,0,0,0,0,0,0,2,32,22 kW,400,0,0,0,0,0,0,0,0
VFR-00036,unassigned_point,node/10250534751,no,40.9580684,-8.5807289,Galp Power,yes,24/7,Mobi.E,,,,,+351 800 249 249,https://www.mobie.pt/,0,0,0,0,0,0,0,0,0,0,0,0,2,32,22 kW,400,0,0,0,0,0,0,0,0
VFR-00038,unassigned_point,node/10250534748,no,40.9543641,-8.5526158,Galp Power,yes,24/7,Mobi.E,,,,,+351 800 249 249,https://www.mobie.pt/,0,0,0,0,0,0,0,0,0,0,0,0,2,32,22 kW,400,0,0,0,0,0,0,0,0
VFR-00039,unassigned_point,node/10261279409,no,40.8903091,-8.5516374,Galp Power,yes,24/7,Mobi.E,,,,,+351 800 249 249,https://www.mobie.pt/,0,0,0,0,0,0,0,0,0,0,0,0,2,32,22 kW,400,0,0,0,0,0,0,0,0
VFR-00040,unassigned_point,node/10269351088,no,40.9842171,-8.5987893,Galp Power,yes,24/7,Mobi.E,,,,,+351 800 249 249,https://www.mobie.pt/,0,0,0,0,0,0,0,0,0,0,0,0,2,32,22 kW,400,0,0,0,0,0,0,0,0
VFR-00041,unassigned_point,node/10261231552,no,41.0089025,-8.48306,Galp Power,yes,24/7,Mobi.E,,,,,+351 800 249 249,https://www.mobie.pt/,0,0,0,0,0,0,0,0,0,0,0,0,2,32,22 kW,400,0,0,0,0,0,0,0,0
VFR-00046,unassigned_point,node/11089368480,no,40.9955344,-8.5684568,Galp Power,yes,24/7,Mobi.E,,,,,+351 800 249 249,https://www.mobie.pt/,0,0,0,0,0,0,0,0,0,0,0,0,2,32,22 kW,400,0,0,0,0,0,0,0,0
VFR-00047,unassigned_point,node/10884713940,no,40.9513091,-8.4869313,Galp Power,yes,24/7,Mobi.E,,,,,+351 800 249 249,https://www.mobie.pt/,0,0,0,0,0,0,0,0,0,0,0,0,2,32,22 kW,400,0,0,0,0,0,0,0,0
VFR-00048,unassigned_point,node/11666242018,no,40.9428544,-8.4584637,Galp Power,yes,24/7,Mobi.E,,,,,+351 800 249 249,https://www.mobie.pt/,0,0,0,0,0,0,0,0,0,0,0,0,2,32,22 kW,400,0,0,0,0,0,0,0,0
VFR-00057,unassigned_point,node/11429320585,no,40.9959979,-8.5374312,Galp Power,yes,24/7,Mobi.E,,,,,+351 800 249 249,https://www.mobie.pt/,1,120,50 kW,500,0,0,0,0,0,0,0,0,0,0,0,0,1,63,43 kW,400,1,125,50 kW,500
VFR-00058,unassigned_point,node/11415569059,no,40.9222948,-8.4698102,Galp Power,yes,24/7,Mobi.E,,,,,+351 800 249 249,https://www.mobie.pt/,0,0,0,0,0,0,0,0,0,0,0,0,2,32,22 kW,400,0,0,0,0,0,0,0,0
VFR-00059,unassigned_point,node/10884713941,no,40.9018153,-8.5276945,Galp Power,yes,24/7,Mobi.E,,,,,+351 800 249 249,https://www.mobie.pt/,0,0,0,0,0,0,0,0,0,0,0,0,2,32,22 kW,400,0,0,0,0,0,0,0,0
VFR-00061,unassigned_point,node/11145819039,no,40.9679962,-8.538014,Galp Power,yes,24/7,Mobi.E,,,,,+351 800 249 249,https://www.mobie.pt/,0,0,0,0,0,0,0,0,0,0,0,0,2,32,22 kW,400,0,0,0,0,0,0,0,0
VFR-00062,unassigned_point,node/11415569061,no,40.9093592,-8.5595968,Galp Power,yes,24/7,Mobi.E,,,,,+351 800 249 249,https://www.mobie.pt/,0,0,0,0,0,0,0,0,0,0,0,0,2,32,22 kW,400,0,0,0,0,0,0,0,0
VFR-00063,unassigned_point,node/11161947116,no,40.9801511,-8.44186,Galp Power,yes,24/7,Mobi.E,,,,,+351 800 249 249,https://www.mobie.pt/,0,0,0,0,0,0,0,0,0,0,0,0,2,32,22 kW,400,0,0,0,0,0,0,0,0
VFR-00071,unassigned_point,node/11196004763,no,40.9752818,-8.4846564,Galp Power,yes,24/7,Mobi.E,,,,,+351 800 249 249,https://www.mobie.pt/,0,0,0,0,0,0,0,0,0,0,0,0,2,32,22 kW,400,0,0,0,0,0,0,0,0
VFR-00072,unassigned_point,node/11289495898,no,40.9866891,-8.5530727,Galp Power,yes,24/7,Mobi.E,,,,,+351 800 249 249,https://www.mobie.pt/,0,0,0,0,0,0,0,0,0,0,0,0,2,32,22 kW,400,0,0,0,0,0,0,0,0
VFR-00074,unassigned_point,node/11032471450,no,40.9117907,-8.4942026,Galp Power,yes,24/7,Mobi.E,,,,,+351 800 249 249,https://www.mobie.pt/,0,0,0,0,0,0,0,0,0,0,0,0,0,0,0,0,0,0,0,0,2,200,120 kW,1000
VFR-00078,unassigned_point,node/11359317374,no,40.921104,-8.5024889,Petrotermica Energia,yes,24/7,Mobi.E,,,,,,https://www.mobie.pt/,1,120,50 kW,500,0,0,0,0,0,0,0,0,0,0,0,0,0,0,0,0,1,125,60 kW,1000
VFR-00080,unassigned_point,node/11445046960,no,40.9213377,-8.4993318,Atlante,yes,24/7,Mobi.E,,,,,+351 800 296 929;+351 234 246 050,https://www.mobie.pt/,1,125,50 kW,500,0,0,0,0,0,0,0,0,1,32,22 kW,400,0,0,0,0,1,150,60 kW,500
VFR-00081,unassigned_point,node/10792431592,no,40.9857744,-8.5900139,Atlante,yes,24/7,Mobi.E,,,,,+351 800 296 929;+351 234 246 050,https://www.mobie.pt/,1,120,50 kW,500,0,0,0,0,0,0,0,0,0,0,0,0,1,32,22 kW,400,1,125,50 kW,500
VFR-00085,unassigned_point,node/12605345676,no,40.9663933,-8.537316,Repsol,yes,24/7,Mobi.E,,,,,+351 800 226 624,https://www.mobie.pt/,1,120,50 kW,500,0,0,0,0,0,0,0,0,0,0,0,0,1,63,43 kW,400,1,150,60 kW,500
VFR-00088,unassigned_point,node/12033959115,no,40.916314,-8.569409,EDP,yes,"Mo-Fr 09:00-12:30,14:00-18:00; Sa 10:00-12:30,14:30-17:00",Mobi.E,,,,,+351 800 222 222,https://www.mobie.pt,0,0,0,0,0,0,0,0,0,0,0,0,0,0,0,0,0,0,0,0,1,80,30 kW,1000
VFR-00090,unassigned_point,node/12176539853,no,40.978265,-8.481497,Charging Together,yes,24/7,Mobi.E,,,,,+351 800 917 576,https://www.mobie.pt,1,200,80 kW,500,0,0,0,0,0,0,0,0,0,0,0,0,0,0,0,0,2,500,150 kW,1000
VFR-00092,unassigned_point,node/12590512094,no,40.9324251,-8.505011,Galp Power,yes,24/7,Mobi.E,,,,,+351 800 249 249,https://www.mobie.pt/,0,0,0,0,0,0,0,0,0,0,0,0,2,32,22 kW,400,0,0,0,0,0,0,0,0
VFR-00093,unassigned_point,node/12471595957,no,40.9960001,-8.4709793,Galp Power,yes,24/7,Mobi.E,,,,,+351 800 249 249,https://www.mobie.pt/,0,0,0,0,0,0,0,0,0,0,0,0,2,32,22 kW,400,0,0,0,0,0,0,0,0
VFR-00095,unassigned_point,node/12616816648,no,41.0052646,-8.4667669,EDP,yes,24/7,Mobi.E,,,,,+351 800 222 222,https://www.mobie.pt/,0,0,0,0,0,0,0,0,0,0,0,0,0,0,0,0,0,0,0,0,2,300,120 kW,1000
VFR-00097,unassigned_point,node/12244254100,no,40.9795737,-8.5367892,Galp Power,yes,24/7,Mobi.E,,,,,+351 800 249 249,https://www.mobie.pt/,1,120,50 kW,500,0,0,0,0,0,0,0,0,0,0,0,0,1,32,22 kW,400,1,125,50 kW,500
VFR-00099,unassigned_point,node/10246901803,no,40.9154583,-8.4959958,Prio.E,yes,24/7,Mobi.E,,,,,+351 800 100 303,https://www.mobie.pt/,0,0,0,0,0,0,0,0,0,0,0,0,0,0,0,0,0,0,0,0,2,300,120 kW,1000
VFR-00100,unassigned_point,node/13625825414,no,40.993828,-8.572815,Galp Power,yes,24/7,Mobi.E,,,,,+351 800 249 249,https://www.mobie.pt/,1,125,50 kW,500,0,0,0,0,0,0,0,0,0,0,0,0,1,32,22 kW,400,1,125,50 kW,500
VFX-00001,unassigned_point,node/8289841396,no,38.9557409,-8.9886152,Powerdot,yes,24/7,Mobi.E,,,,,+351 800 180 292,https://www.mobie.pt,0,0,0,0,0,0,0,0,0,0,0,0,2,32,22 kW,400,0,0,0,0,0,0,0,0
VFX-00003,unassigned_point,node/8224449729,no,38.8796207,-9.0514892,Prio.E,yes,24/7,Mobi.E,EN 10,Forte da Casa,,,+351 800 100 303,https://www.mobie.pt,1,120,50 kW,500,0,0,0,0,0,0,0,0,0,0,0,0,0,0,0,0,1,125,50 kW,500
VFX-00016,unassigned_point,node/12674316950,no,38.9774788,-8.9848611,Powerdot,yes,24/7,Mobi.E,,,,,+351 800 180 292,https://www.mobie.pt,0,0,0,0,0,0,0,0,0,0,0,0,2,32,22 kW,400,0,0,0,0,0,0,0,0
VFX-00017,unassigned_point,node/8440984274,no,38.9313698,-9.016879,Mobiletric,yes,24/7,Mobi.E,,Vila Franca de Xira,,,+351 800 249 249,https://www.mobie.pt,1,120,50 kW,500,0,0,0,0,0,0,0,0,0,0,0,0,1,63,43 kW,400,1,125,50 kW,500
VFX-00018,unassigned_point,node/8833237247,no,38.9665844,-8.9823211,Powerdot,yes,24/7,Mobi.E,,Vila Franca de Xira,,,+351 800 180 292,https://www.mobie.pt,1,120,50 kW,500,0,0,0,0,0,0,0,0,0,0,0,0,1,63,43 kW,400,1,125,50 kW,500
VFX-00020,unassigned_point,node/8917586342,no,38.886496,-9.046302,Powerdot,yes,24/7,Mobi.E,,,,,+351 800 180 292,https://www.mobie.pt,1,120,50 kW,500,0,0,0,0,0,0,0,0,0,0,0,0,1,63,43 kW,400,1,125,50 kW,500
VFX-00021,unassigned_point,node/9344769011,no,38.9730835,-8.9814776,Repsol,yes,24/7,Mobi.E,,,,,+351 800 226 624,https://www.mobie.pt/,1,120,50 kW,500,0,0,0,0,0,0,0,0,0,0,0,0,1,32,22 kW,400,1,125,50 kW,500
VFX-00022,unassigned_point,node/8712623798,no,38.8561517,-9.070285,EDP,yes,08:00-24:00,Mobi.E,,Póvoa de Santa Iria,,,+351 800 222 222,https://www.mobie.pt,1,125,50 kW,500,0,0,0,0,0,0,0,0,1,32,22 kW,400,0,0,0,0,1,200,90 kW,1000
VFX-00024,unassigned_point,node/9533339400,no,38.906776,-9.0324404,Repsol,yes,24/7,Mobi.E,,,,,+351 800 226 624,https://www.mobie.pt/,1,120,50 kW,500,0,0,0,0,0,0,0,0,0,0,0,0,1,32,22 kW,400,1,125,50 kW,500
VFX-00026,unassigned_point,node/9646897024,no,38.9634985,-8.9837427,EDP,yes,24/7,Mobi.E,,,,,+351 800 222 222,https://www.mobie.pt/,1,125,50 kW,500,0,0,0,0,0,0,0,0,1,32,22 kW,400,0,0,0,0,1,200,90 kW,1000
VFX-00027,unassigned_point,node/9755551600,no,38.9674275,-8.9822934,Galp Power,yes,24/7,Mobi.E,,,,,+351 800 249 249,https://www.mobie.pt/,0,0,0,0,0,0,0,0,0,0,0,0,2,32,22 kW,400,0,0,0,0,0,0,0,0
VFX-00029,unassigned_point,node/9847762713,no,38.92205,-8.8852391,EDP,yes,24/7,Mobi.E,,,,,+351 800 222 222,https://www.mobie.pt/,1,125,50 kW,500,0,0,0,0,0,0,0,0,1,32,22 kW,400,0,0,0,0,1,200,90 kW,1000
VFX-00033,unassigned_point,node/9269624287,no,38.859971,-9.074961,EDP,yes,24/7,Mobi.E,,,,,+351 800 222 222,https://www.mobie.pt/,0,0,0,0,0,0,0,0,0,0,0,0,2,32,22 kW,400,0,0,0,0,0,0,0,0
VFX-00037,unassigned_point,node/11421521132,no,38.8730805,-9.0541887,Atlante,yes,24/7,Mobi.E,,,,,+351 800 296 929;+351 234 246 050,https://www.mobie.pt/,1,125,50 kW,500,0,0,0,0,0,0,0,0,0,0,0,0,1,32,22 kW,400,1,150,60 kW,500
VFX-00038,unassigned_point,node/11445046959,no,38.9093773,-9.0279664,Atlante,yes,09:00-21:00,Mobi.E,,,,,+351 800 296 929;+351 234 246 050,https://www.mobie.pt/,1,125,50 kW,500,0,0,0,0,0,0,0,0,0,0,0,0,1,32,22 kW,400,1,150,60 kW,500
VFX-00039,unassigned_point,node/11371820963,no,38.864158,-9.072912,EDP,yes,24/7,Mobi.E,,,,,+351 800 222 222,https://www.mobie.pt/,0,0,0,0,0,0,0,0,0,0,0,0,2,32,22 kW,400,0,0,0,0,0,0,0,0
VFX-00040,unassigned_point,node/11533583681,no,38.9741783,-8.980215,EDP,yes,24/7,Mobi.E,,,,,+351 800 222 222,https://www.mobie.pt/,1,125,50 kW,500,0,0,0,0,0,0,0,0,0,0,0,0,0,0,0,0,1,300,120 kW,1000
VFX-00041,unassigned_point,node/11293800147,no,38.9879101,-8.972859,Galp Power,yes,24/7,Mobi.E,,,,,+351 800 249 249,https://www.mobie.pt/,0,0,0,0,0,0,0,0,0,0,0,0,0,0,0,0,0,0,0,0,2,200,120 kW,1000
VFX-00045,unassigned_point,node/11293800145,no,38.9299914,-9.0124422,Galp Power,yes,24/7,Mobi.E,,,,,+351 800 249 249,https://www.mobie.pt/,0,0,0,0,0,0,0,0,0,0,0,0,0,0,0,0,0,0,0,0,2,63,60 kW,1000
VFX-00046,unassigned_point,node/10604806970,no,38.8669688,-9.0967325,Atlante,yes,24/7,Mobi.E,,,,,+351 800 296 929;+351 234 246 050,https://www.mobie.pt/,1,120,50 kW,500,0,0,0,0,0,0,0,0,0,0,0,0,1,32,22 kW,400,1,125,50 kW,500
VFX-00047,unassigned_point,node/11432988425,no,38.8561418,-9.0779661,Atlante,yes,09:00-21:00,Mobi.E,,,,,+351 800 296 929;+351 234 246 050,https://www.mobie.pt/,1,125,50 kW,500,0,0,0,0,0,0,0,0,0,0,0,0,1,32,22 kW,400,1,150,60 kW,500
VFX-00051,unassigned_point,node/11466710915,no,38.9539851,-8.993525,Galp Power,yes,24/7,Mobi.E,,,,,+351 800 249 249,https://www.mobie.pt/,0,0,0,0,0,0,0,0,0,0,0,0,2,32,22 kW,400,0,0,0,0,0,0,0,0
VFX-00052,unassigned_point,node/11487163505,no,38.8893,-9.046616,Galp Power,yes,24/7,Mobi.E,,,,,+351 800 249 249,https://www.mobie.pt/,0,0,0,0,0,0,0,0,0,0,0,0,0,0,0,0,0,0,0,0,2,200,120 kW,1000
VFX-00053,unassigned_point,node/11488012145,no,38.867696,-9.0656653,Galp Power,yes,24/7,Mobi.E,,,,,+351 800 249 249,https://www.mobie.pt/,0,0,0,0,0,0,0,0,0,0,0,0,0,0,0,0,0,0,0,0,2,120,60 kW,1000
VFX-00054,unassigned_point,node/11466710914,no,38.8785605,-9.0663954,Galp Power,yes,24/7,Mobi.E,,,,,+351 800 249 249,https://www.mobie.pt/,0,0,0,0,0,0,0,0,0,0,0,0,0,0,0,0,0,0,0,0,2,125,60 kW,1000
VFX-00055,unassigned_point,node/12288573825,no,38.989632,-8.971767,Galp Power,yes,24/7,Mobi.E,,,,,+351 800 249 249,https://www.mobie.pt/,0,0,0,0,0,0,0,0,0,0,0,0,0,0,0,0,0,0,0,0,2,150,60 kW,1000
VFX-00058,unassigned_point,node/12018724380,no,38.9287948,-9.0057309,Galp Power,yes,24/7,Mobi.E,,,,,+351 800 249 249,https://www.mobie.pt/,0,0,0,0,0,0,0,0,0,0,0,0,0,0,0,0,0,0,0,0,2,63,60 kW,1000
VFX-00059,unassigned_point,node/11990818008,no,38.905804,-9.04379,Galp Power,yes,24/7,Mobi.E,,,,,+351 800 249 249,https://www.mobie.pt/,0,0,0,0,0,0,0,0,0,0,0,0,0,0,0,0,0,0,0,0,2,63,60 kW,1000
VFX-00063,unassigned_point,node/11961658533,no,38.861983,-9.067966,Galp Power,yes,24/7,Mobi.E,,,,,+351 800 249 249,https://www.mobie.pt/,0,0,0,0,0,0,0,0,0,0,0,0,0,0,0,0,0,0,0,0,2,200,120 kW,1000
VFX-00065,unassigned_point,node/11990818007,no,38.8721514,-9.0905709,Galp Power,yes,24/7,Mobi.E,,,,,+351 800 249 249,https://www.mobie.pt/,0,0,0,0,0,0,0,0,0,0,0,0,0,0,0,0,0,0,0,0,2,120,60 kW,1000
VFX-00066,unassigned_point,node/11990818006,no,38.9954676,-8.9717003,Galp Power,yes,24/7,Mobi.E,,,,,+351 800 249 249,https://www.mobie.pt/,1,125,50 kW,500,0,0,0,0,0,0,0,0,0,0,0,0,0,0,0,0,1,200,120 kW,1000
VFX-00067,unassigned_point,node/12200052183,no,38.9550323,-8.997985,Galp Power,yes,24/7,Mobi.E,,,,,+351 800 249 249,https://www.mobie.pt/,1,125,50 kW,500,0,0,0,0,0,0,0,0,0,0,0,0,0,0,0,0,1,200,120 kW,1000
VFX-00068,unassigned_point,node/12200052182,no,38.8739229,-9.0567966,Galp Power,yes,24/7,Mobi.E,,,,,+351 800 249 249,https://www.mobie.pt/,1,125,50 kW,500,0,0,0,0,0,0,0,0,0,0,0,0,0,0,0,0,1,200,90 kW,1000
VFX-00069,unassigned_point,node/12018724379,no,38.9629114,-8.9882833,Galp Power,yes,24/7,Mobi.E,,,,,+351 800 249 249,https://www.mobie.pt/,0,0,0,0,0,0,0,0,0,0,0,0,0,0,0,0,0,0,0,0,2,200,90 kW,1000
VFX-00071,unassigned_point,node/11748946630,no,38.871833,-9.0836604,Galp Power,yes,24/7,Mobi.E,,,,,+351 800 249 249,https://www.mobie.pt/,1,125,50 kW,500,0,0,0,0,0,0,0,0,0,0,0,0,0,0,0,0,1,200,90 kW,1000
VFX-00073,unassigned_point,node/11599714900,no,38.9147227,-9.0277426,Galp Power,yes,24/7,Mobi.E,,,,,+351 800 249 249,https://www.mobie.pt/,0,0,0,0,0,0,0,0,0,0,0,0,0,0,0,0,0,0,0,0,2,63,60 kW,1000
VFX-00075,unassigned_point,node/8379226900,no,38.8923021,-9.0446596,Galp Power,yes,24/7,Mobi.E,,Alverca do Ribatejo,,,+351 800 249 249,https://www.mobie.pt,0,0,0,0,0,0,0,0,0,0,0,0,0,0,0,0,0,0,0,0,2,250,90 kW,1000
VFX-00076,unassigned_point,node/12383333211,no,38.9086054,-9.0289774,EDP,yes,24/7,Mobi.E,,,,,+351 800 222 222,https://www.mobie.pt/,0,0,0,0,0,0,0,0,0,0,0,0,2,32,7.4 kW,230,0,0,0,0,0,0,0,0
VFX-00080,unassigned_point,node/12219380406,no,38.9779115,-8.9768038,EDP,yes,09:00-20:00,Mobi.E,,,,,+351 800 222 222,https://www.mobie.pt/,0,0,0,0,0,0,0,0,0,0,0,0,2,32,22 kW,400,0,0,0,0,0,0,0,0
VFX-00081,unassigned_point,node/12412557961,no,38.9169593,-9.0244758,Mota Engil II,yes,24/7,Mobi.E,,,,,+351 800 020 940,https://www.mobie.pt/,1,120,50 kW,500,0,0,0,0,0,0,0,0,1,32,22 kW,400,0,0,0,0,1,150,60 kW,1000
VFX-00082,unassigned_point,node/12629913778,no,38.9140727,-9.0241555,Mota Engil II,yes,24/7,Mobi.E,,,,,+351 800 020 940,https://www.mobie.pt/,0,0,0,0,0,0,0,0,0,0,0,0,2,32,22 kW,400,0,0,0,0,0,0,0,0
VFX-00083,unassigned_point,node/12412383896,no,38.9069688,-9.0507182,Mota Engil II,yes,24/7,Mobi.E,,,,,+351 800 020 940,https://www.mobie.pt/,0,0,0,0,0,0,0,0,0,0,0,0,1,32,22 kW,400,0,0,0,0,2,150,60 kW,1000
VFX-00086,unassigned_point,node/12488878138,no,38.8719056,-9.0577847,Mota Engil II,yes,24/7,Mobi.E,,,,,+351 800 020 940,https://www.mobie.pt/,0,0,0,0,0,0,0,0,0,0,0,0,2,32,22 kW,400,0,0,0,0,0,0,0,0
VFX-00087,unassigned_point,node/12412507144,no,38.8681955,-9.0601686,Mota Engil II,yes,24/7,Mobi.E,,,,,+351 800 020 940,https://www.mobie.pt/,0,0,0,0,0,0,0,0,0,0,0,0,1,32,22 kW,400,0,0,0,0,2,150,60 kW,1000
VFX-00090,unassigned_point,node/12412507145,no,38.87505,-9.073844,Mota Engil II,yes,24/7,Mobi.E,,,,,+351 800 020 940,https://www.mobie.pt/,0,0,0,0,0,0,0,0,0,0,0,0,2,32,22 kW,400,0,0,0,0,0,0,0,0
VFX-00093,unassigned_point,node/12487154135,no,38.897048,-9.040172,Galp Power,yes,24/7,Mobi.E,,,,,+351 800 249 249,https://www.mobie.pt/,0,0,0,0,0,0,0,0,0,0,0,0,1,32,22 kW,400,0,0,0,0,0,0,0,0
VFX-00094,unassigned_point,node/12484442956,no,38.862396,-9.052378,Galp Power,yes,24/7,Mobi.E,,,,,+351 800 249 249,https://www.mobie.pt/,0,0,0,0,0,0,0,0,0,0,0,0,1,32,22 kW,400,0,0,0,0,0,0,0,0
VFX-00095,unassigned_point,node/8017295445,no,38.9761291,-8.9788007,Galp Power,yes,24/7,Mobi.E,,Vila Franca de Xira,,,+351 800 249 249,https://www.mobie.pt,1,120,50 kW,500,0,0,0,0,0,0,0,0,0,0,0,0,1,63,43 kW,400,1,125,50 kW,500
VFX-00096,unassigned_point,node/8989497393,no,38.8710336,-9.0853958,Galp Power,yes,24/7,Mobi.E,,,,,+351 800 249 249,https://www.mobie.pt,1,120,50 kW,500,0,0,0,0,0,0,0,0,0,0,0,0,1,63,43 kW,400,1,125,50 kW,500
VFX-00098,unassigned_point,node/11980639520,no,38.8518703,-9.0745595,Galp Power,yes,24/7,Mobi.E,,,,,+351 800 249 249,https://www.mobie.pt/,1,120,50 kW,500,0,0,0,0,0,0,0,0,0,0,0,0,1,32,22 kW,400,1,125,50 kW,500
VFX-00099,unassigned_point,node/12851884322,no,38.9951295,-8.9739549,Galp Power,yes,24/7,Mobi.E,,,,,+351 800 249 249,https://www.mobie.pt/,0,0,0,0,0,0,0,0,0,0,0,0,2,32,22 kW,400,0,0,0,0,0,0,0,0
VFX-00103,unassigned_point,node/13002684530,no,38.9411803,-8.999374,Galp Power,yes,24/7,Mobi.E,,,,,+351 800 249 249,https://www.mobie.pt/,0,0,0,0,0,0,0,0,0,0,0,0,2,32,22 kW,400,0,0,0,0,0,0,0,0
VFX-00104,unassigned_point,node/13157834079,no,38.86152,-9.062429,Galp Power,yes,24/7,Mobi.E,,,,,+351 800 249 249,https://www.mobie.pt/,0,0,0,0,0,0,0,0,0,0,0,0,2,32,22 kW,400,0,0,0,0,0,0,0,0
VFX-00105,unassigned_point,node/13157799328,no,38.8523885,-9.0738507,Galp Power,yes,24/7,Mobi.E,,,,,+351 800 249 249,https://www.mobie.pt/,0,0,0,0,0,0,0,0,0,0,0,0,2,32,22 kW,400,0,0,0,0,0,0,0,0
VFX-00123,unassigned_point,node/13139744693,no,38.9532766,-8.9904141,Galp Power,yes,24/7,Mobi.E,,,,,+351 800 249 249,https://www.mobie.pt/,0,0,0,0,0,0,0,0,0,0,0,0,2,32,22 kW,400,0,0,0,0,0,0,0,0
VFX-00124,unassigned_point,node/13140706963,no,38.86382,-9.076979,Galp Power,yes,24/7,Mobi.E,,,,,+351 800 249 249,https://www.mobie.pt/,0,0,0,0,0,0,0,0,0,0,0,0,2,32,22 kW,400,0,0,0,0,0,0,0,0
VFX-00127,unassigned_point,node/13352262602,no,38.9329909,-9.0169516,Galp Power,yes,24/7,Mobi.E,,,,,+351 800 249 249,https://www.mobie.pt/,0,0,0,0,0,0,0,0,0,0,0,0,2,32,22 kW,400,0,0,0,0,0,0,0,0
VFX-00128,unassigned_point,node/13839383992,no,38.9281493,-9.010768,Galp Power,yes,24/7,Mobi.E,,,,,+351 800 249 249,https://www.mobie.pt/,0,0,0,0,0,0,0,0,0,0,0,0,2,32,22 kW,400,0,0,0,0,0,0,0,0
VFX-00129,unassigned_point,node/13391329959,no,38.95588,-8.991639,Galp Power,yes,24/7,Mobi.E,,,,,+351 800 249 249,https://www.mobie.pt/,0,0,0,0,0,0,0,0,0,0,0,0,2,32,22 kW,400,0,0,0,0,0,0,0,0
VFX-00133,unassigned_point,node/13304526791,no,38.9560537,-9.0038267,Galp Power,yes,24/7,Mobi.E,,,,,+351 800 249 249,https://www.mobie.pt/,0,0,0,0,0,0,0,0,0,0,0,0,2,32,22 kW,400,0,0,0,0,0,0,0,0
VFX-00134,unassigned_point,node/13304526792,no,38.9714968,-8.9827817,Galp Power,yes,24/7,Mobi.E,,,,,+351 800 249 249,https://www.mobie.pt/,0,0,0,0,0,0,0,0,0,0,0,0,2,32,22 kW,400,0,0,0,0,0,0,0,0
VFX-00135,unassigned_point,node/13296698534,no,38.8584259,-9.0703915,Galp Power,yes,24/7,Mobi.E,,,,,+351 800 249 249,https://www.mobie.pt/,0,0,0,0,0,0,0,0,0,0,0,0,2,32,22 kW,400,0,0,0,0,0,0,0,0
VFX-00136,unassigned_point,node/8224427792,no,39.0009879,-8.971155,Prio.E,yes,24/7,Mobi.E,,,,,+351 800 100 303,https://www.mobie.pt/,0,0,0,0,0,0,0,0,0,0,0,0,0,0,0,0,0,0,0,0,2,300,120 kW,1000
VFX-00137,unassigned_point,node/13368248868,no,38.942585,-8.945406,Repsol,yes,24/7,Mobi.E,,,,,+351 800 226 624,https://www.mobie.pt/,0,0,0,0,0,0,0,0,0,0,0,0,0,0,0,0,0,0,0,0,2,250,120 kW,1000
VFX-00138,unassigned_point,node/13389569386,no,38.903885,-9.034403,Galp Power,yes,24/7,Mobi.E,,,,,+351 800 249 249,https://www.mobie.pt/,1,125,50 kW,500,0,0,0,0,0,0,0,0,0,0,0,0,1,32,22 kW,400,1,125,50 kW,500
VFX-00150,unassigned_point,node/14045674426,no,38.8703963,-9.0856945,Atlante,yes,24/7,Mobi.E,,,,,+351 800 296 929;+351 234 246 050,https://atlante.energy/,0,0,0,0,0,0,0,0,0,0,0,0,0,0,0,0,0,0,0,0,2,300,100 kW,1000
VGS-00003,unassigned_point,node/8309418989,no,40.5531196,-8.6798407,Powerdot,yes,24/7,Mobi.E,,Vagos,,,+351 800 180 292,https://www.mobie.pt,1,120,50 kW,500,0,0,0,0,0,0,0,0,0,0,0,0,1,63,43 kW,400,1,125,50 kW,500
VGS-00005,unassigned_point,node/9267816824,no,40.4753,-8.6705,Powerdot,yes,24/7,Mobi.E,,,,,+351 800 180 292,https://www.mobie.pt/,0,0,0,0,0,0,0,0,0,0,0,0,2,32,22 kW,400,0,0,0,0,0,0,0,0
VGS-00009,unassigned_point,node/11571346755,no,40.5090644,-8.6673626,Repsol,yes,24/7,Mobi.E,,,,,+351 800 226 624,https://www.mobie.pt,1,125,50 kW,500,0,0,0,0,0,0,0,0,1,32,22 kW,400,0,0,0,0,1,150,60 kW,500
VGS-00018,unassigned_point,node/8733832874,no,40.546828,-8.6788156,Galp Power,yes,24/7,Mobi.E,Rua Grémio da Lavoura,Vagos,,,+351 800 249 249,https://www.mobie.pt,1,120,50 kW,500,0,0,0,0,0,0,0,0,0,0,0,0,1,63,43 kW,400,1,125,50 kW,500
VGS-00022,unassigned_point,node/11359196946,no,40.5521753,-8.6768572,Atlante,yes,08:00-21:00,Mobi.E,,,,,+351 800 296 929;+351 234 246 050,https://www.mobie.pt/,0,0,0,0,0,0,0,0,0,0,0,0,0,0,0,0,0,0,0,0,2,150,50 kW,1000
VGS-90001,unassigned_point,node/8112609049,no,40.5629283,-8.7674704,EDP,yes,24/7,Mobi.E,,,,,+351 800 222 222,https://www.mobie.pt,0,0,0,0,0,0,0,0,0,0,0,0,2,32,22 kW,400,0,0,0,0,0,0,0,0
VIS-00001,unassigned_point,node/8385367867,no,40.6236233,-7.9328223,Repsol,yes,24/7,Mobi.E,,,,,+351 800 226 624,https://www.mobie.pt,1,120,50 kW,500,0,0,0,0,0,0,0,0,0,0,0,0,1,63,43 kW,400,1,125,50 kW,500
VIS-00002,unassigned_point,node/8385367866,no,40.6245709,-7.9316005,Repsol,yes,24/7,Mobi.E,,,,,+351 800 226 624,https://www.mobie.pt,1,120,50 kW,500,0,0,0,0,0,0,0,0,0,0,0,0,1,63,43 kW,400,1,125,50 kW,500
VIS-00007,unassigned_point,node/8419322091,no,40.6697509,-7.9322362,Powerdot,yes,Mo-Sa 09:00-20:00,Mobi.E,,,,,+351 800 180 292,https://www.mobie.pt,0,0,0,0,0,0,0,0,0,0,0,0,2,32,22 kW,400,0,0,0,0,0,0,0,0
VIS-00008,unassigned_point,node/8225234755,no,40.6634068,-7.9060853,Galp Geste,yes,24/7,Mobi.E,Rua Arrabalde,Viseu,,,+351 800 249 249,https://www.mobie.pt,1,120,50 kW,500,0,0,0,0,0,0,0,0,0,0,0,0,1,63,43 kW,400,1,125,50 kW,500
VIS-00010,unassigned_point,node/8710940318,no,40.6372625,-7.9266614,EDP,yes,24/7,Mobi.E,,,,,+351 800 222 222,https://www.mobie.pt,0,0,0,0,0,0,0,0,0,0,0,0,2,32,22 kW,400,0,0,0,0,0,0,0,0
VIS-00012,unassigned_point,node/9208602993,no,40.6722454,-7.9204089,Repsol,yes,24/7,Mobi.E,,,,,+351 800 226 624,https://www.mobie.pt/,1,120,50 kW,500,0,0,0,0,0,0,0,0,0,0,0,0,1,63,43 kW,400,1,200,60 kW,1000
VIS-00017,unassigned_point,node/9594476388,no,40.7172164,-7.8313078,Repsol,yes,24/7,Mobi.E,,,,,+351 800 226 624,https://www.mobie.pt/,1,80,30 kW,500,0,0,0,0,0,0,0,0,0,0,0,0,1,32,22 kW,400,1,80,30 kW,500
VIS-00018,unassigned_point,node/9919933662,no,40.6326355,-7.9094519,Iberdrola,yes,09:00-21:30,Mobi.E,,,,,+351 800 607 717,https://www.mobie.pt,0,0,0,0,0,0,0,0,0,0,0,0,2,32,22 kW,400,0,0,0,0,0,0,0,0
VIS-00033,unassigned_point,node/6004869429,no,40.6519454,-7.9088187,Powerdot,yes,24/7,Mobi.E,,,,,+351 800 180 292,https://www.mobie.pt,0,0,0,0,0,0,0,0,0,0,0,0,2,16,3.7 kW,230,0,0,0,0,0,0,0,0
VIS-00034,unassigned_point,node/6635281054,no,40.6593627,-7.920218,Powerdot,yes,24/7,Mobi.E,,,,,+351 800 180 292,https://www.mobie.pt,0,0,0,0,0,0,0,0,0,0,0,0,2,16,3.7 kW,230,0,0,0,0,0,0,0,0
VIS-00035,unassigned_point,node/6635281053,no,40.6643665,-7.9130823,EDP,yes,24/7,Mobi.E,,,,,+351 800 222 222,https://www.mobie.pt,0,0,0,0,0,0,0,0,0,0,0,0,2,16,3.7 kW,230,0,0,0,0,0,0,0,0
VIS-00040,unassigned_point,node/6635281050,no,40.6567985,-7.9107522,Powerdot,yes,24/7,Mobi.E,,,,,+351 800 180 292,https://www.mobie.pt,0,0,0,0,0,0,0,0,0,0,0,0,2,16,3.7 kW,230,0,0,0,0,0,0,0,0
VIS-00041,unassigned_point,node/5191639713,no,40.6593896,-7.9161477,Atlante,yes,24/7,Mobi.E,,,,,+351 800 296 929;+351 234 246 050,https://www.mobie.pt,0,0,0,0,0,0,0,0,0,0,0,0,2,16,3.7 kW,230,0,0,0,0,0,0,0,0
VIS-00044,unassigned_point,node/10237649026,no,40.6284858,-7.9404344,Galp Geste,yes,24/7,Mobi.E,,,,,+351 800 249 249,https://www.mobie.pt/,0,0,0,0,0,0,0,0,0,0,0,0,0,0,0,0,0,0,0,0,2,200,120 kW,1000
VIS-00057,unassigned_point,node/10912798163,no,40.6298052,-7.8667578,EDP,yes,24/7,Mobi.E,,,,,+351 800 222 222,https://www.mobie.pt/,0,0,0,0,0,0,0,0,0,0,0,0,2,32,22 kW,400,0,0,0,0,0,0,0,0
VIS-00058,unassigned_point,node/11017553876,no,40.6422772,-7.8630638,Galp Geste,yes,24/7,Mobi.E,,,,,+351 800 249 249,https://www.mobie.pt/,0,0,0,0,0,0,0,0,0,0,0,0,0,0,0,0,0,0,0,0,2,200,120 kW,1000
VIS-00059,unassigned_point,node/11061471559,no,40.6595024,-7.922572,Galp Geste,yes,24/7,Mobi.E,,,,,+351 800 249 249,https://www.mobie.pt/,0,0,0,0,0,0,0,0,0,0,0,0,0,0,0,0,0,0,0,0,2,200,120 kW,1000
VIS-00079,unassigned_point,node/11121894199,no,40.6391885,-7.851164,Galp Power,yes,24/7,Mobi.E,,,,,+351 800 249 249,https://www.mobie.pt/,0,0,0,0,0,0,0,0,0,0,0,0,2,32,22 kW,400,0,0,0,0,0,0,0,0
VIS-00080,unassigned_point,node/11228733849,no,40.6971636,-7.9107247,Powerdot,yes,24/7,Mobi.E,,,,,+351 800 180 292,https://www.mobie.pt/,1,120,50 kW,500,0,0,0,0,0,0,0,0,1,32,22 kW,400,0,0,0,0,1,125,100 kW,1000
VIS-00082,unassigned_point,node/11237161442,no,40.6558498,-7.9131702,EDP,yes,24/7,Mobi.E,,,,,+351 800 222 222,https://www.mobie.pt/,0,0,0,0,0,0,0,0,0,0,0,0,2,32,22 kW,400,0,0,0,0,0,0,0,0
VIS-00086,unassigned_point,node/11301244258,no,40.663965,-7.919286,Repsol,yes,24/7,Mobi.E,,,,,+351 800 226 624,https://www.mobie.pt/,1,125,50 kW,500,0,0,0,0,0,0,0,0,0,0,0,0,1,32,22 kW,400,1,150,60 kW,500
VIS-00087,unassigned_point,node/11404287215,no,40.6852869,-7.928287,Atlante,yes,24/7,Mobi.E,,,,,+351 800 296 929;+351 234 246 050,https://www.mobie.pt/,1,120,50 kW,500,0,0,0,0,0,0,0,0,0,0,0,0,1,32,22 kW,400,1,150,60 kW,500
VIS-00097,unassigned_point,node/10605859727,no,40.6528545,-7.9138992,Atlante,yes,09:00-21:30,Mobi.E,,,,,+351 800 296 929;+351 234 246 050,https://www.mobie.pt/,1,120,50 kW,500,0,0,0,0,0,0,0,0,0,0,0,0,1,16,11 kW,400,1,125,50 kW,500
VIS-00100,unassigned_point,node/11646994839,no,40.64342,-7.9022506,Iberdrola,yes,24/7,Mobi.E,,,,,+351 800 607 717,https://www.mobie.pt/,0,0,0,0,0,0,0,0,0,0,0,0,0,0,0,0,2,16,11 kW,400,0,0,0,0
VIS-00101,unassigned_point,node/11861626506,no,40.6770002,-7.8890214,EDP,yes,24/7,Mobi.E,,,,,+351 800 222 222,https://www.mobie.pt/,0,0,0,0,0,0,0,0,0,0,0,0,2,32,22 kW,400,0,0,0,0,0,0,0,0
VIS-00103,unassigned_point,node/10606632318,no,40.6590647,-7.9084191,EDP,yes,24/7,Mobi.E,,,,,+351 800 222 222,https://www.mobie.pt/,0,0,0,0,0,0,0,0,0,0,0,0,2,32,22 kW,400,0,0,0,0,0,0,0,0
VIS-00104,unassigned_point,node/11910670616,no,40.6715766,-7.8883571,Atlante,yes,24/7,Mobi.E,,,,,+351 800 296 929;+351 234 246 050,https://www.mobie.pt/,0,0,0,0,0,0,0,0,0,0,0,0,0,0,0,0,0,0,0,0,2,200,85 kW,500
VIS-00112,unassigned_point,node/12236249968,no,40.6740033,-7.9140846,EDP,yes,09:00-20:00,Mobi.E,,,,,+351 800 222 222,https://www.mobie.pt/,0,0,0,0,0,0,0,0,0,0,0,0,2,32,22 kW,400,0,0,0,0,0,0,0,0
VIS-00113,unassigned_point,node/12765626040,no,40.688172,-7.9269906,Galp Power,yes,24/7,Mobi.E,,,,,+351 800 249 249,https://www.mobie.pt/,0,0,0,0,0,0,0,0,0,0,0,0,0,0,0,0,0,0,0,0,2,250,120 kW,1000
VIS-00114,unassigned_point,node/8225275388,no,40.6324112,-7.9311566,Galp Power,yes,24/7,Mobi.E,Rua APPACDM,Viseu,,,+351 800 249 249,https://www.mobie.pt,1,120,50 kW,500,0,0,0,0,0,0,0,0,0,0,0,0,1,63,43 kW,400,1,125,50 kW,500
VIS-00115,unassigned_point,node/12132286526,no,40.6922741,-7.9295092,Galp Power,yes,24/7,Mobi.E,,,,,+351 800 249 249,https://www.mobie.pt/,1,120,50 kW,500,0,0,0,0,0,0,0,0,0,0,0,0,1,32,22 kW,400,1,125,50 kW,500
VIS-00116,unassigned_point,node/9045571738,no,40.6638591,-7.8983821,Galp Power,yes,24/7,Mobi.E,,,,,+351 800 249 249,https://www.mobie.pt,1,120,50 kW,500,0,0,0,0,0,0,0,0,0,0,0,0,1,32,22 kW,400,1,125,50 kW,500
VIS-00132,unassigned_point,node/13736068527,no,40.67102,-7.889267,Iberdrola,yes,09:00-21:00,Mobi.E,,,,,+351 800 607 717,https://www.mobie.pt/,0,0,0,0,0,0,0,0,0,0,0,0,2,32,22 kW,400,0,0,0,0,0,0,0,0
VIS-90032,unassigned_point,node/6635281049,no,40.6540222,-7.9149947,Galp Power,yes,24/7,Mobi.E,,,,,+351 800 249 249,https://www.mobie.pt,0,0,0,0,0,0,0,0,0,0,0,0,2,16,3.7 kW,230,0,0,0,0,0,0,0,0
VIS-90036,unassigned_point,node/6635524354,no,40.6598304,-7.9119332,EDP,yes,24/7,Mobi.E,,,,,+351 800 222 222,https://www.mobie.pt,0,0,0,0,0,0,0,0,0,0,0,0,2,32,7.4 kW,230,0,0,0,0,0,0,0,0
VIS-90037,unassigned_point,node/8143071001,no,40.6472135,-7.9198162,Galp Power,yes,24/7,Mobi.E,,,,,+351 800 249 249,https://www.mobie.pt,0,0,0,0,0,0,0,0,0,0,0,0,2,16,3.7 kW,230,0,0,0,0,0,0,0,0
VIS-90038,unassigned_point,node/6635281048,no,40.6580401,-7.9137943,Galp Power,yes,24/7,Mobi.E,,,,,+351 800 249 249,https://www.mobie.pt,0,0,0,0,0,0,0,0,0,0,0,0,2,32,7.4 kW,230,0,0,0,0,0,0,0,0
VIS-90039,unassigned_point,node/6635281051,no,40.6606491,-7.9084474,Galp Power,yes,24/7,Mobi.E,,,,,+351 800 249 249,https://www.mobie.pt,0,0,0,0,0,0,0,0,0,0,0,0,2,16,3.7 kW,230,0,0,0,0,0,0,0,0
VIZ-00001,unassigned_point,node/8113118818,no,41.3778622,-8.3100287,Powerdot,yes,24/7,Mobi.E,,,,,+351 800 180 292,https://www.mobie.pt,0,0,0,0,0,0,0,0,0,0,0,0,2,32,22 kW,400,0,0,0,0,0,0,0,0
VIZ-00007,unassigned_point,node/9759272778,no,41.3640329,-8.3027617,Galp Power,yes,24/7,Mobi.E,,Vizela,,,+351 800 249 249,https://www.mobie.pt/,0,0,0,0,0,0,0,0,0,0,0,0,0,0,0,0,0,0,0,0,2,200,60 kW,1000
VIZ-00008,unassigned_point,node/11445102160,no,41.393482,-8.3180306,Atlante,yes,24/7,Mobi.E,,,,,+351 800 296 929;+351 234 246 050,https://www.mobie.pt/,1,125,50 kW,500,0,0,0,0,0,0,0,0,0,0,0,0,1,32,22 kW,400,1,150,60 kW,500
VIZ-00009,unassigned_point,node/11336662767,no,41.3711347,-8.3110249,EDP,yes,24/7,Mobi.E,,,,,+351 800 222 222,https://www.mobie.pt/,1,125,50 kW,500,0,0,0,0,0,0,0,0,0,0,0,0,0,0,0,0,1,200,120 kW,1000
VIZ-00010,unassigned_point,node/8833322155,no,41.3687383,-8.3048519,Atlante,yes,24/7,Mobi.E,,Vizela,,PT,+351 800 296 929;+351 234 246 050,https://www.mobie.pt,1,120,50 kW,500,0,0,0,0,0,0,0,0,0,0,0,0,1,32,22 kW,400,1,125,50 kW,500
VIZ-00014,unassigned_point,node/8079176899,no,41.3962863,-8.3193474,Charging Together,yes,24/7,Mobi.E,EN 106,Vizela,,,+351 800 917 576,https://www.mobie.pt,0,0,0,0,0,0,0,0,0,0,0,0,0,0,0,0,0,0,0,0,2,150,50 kW,1000
VIZ-00015,unassigned_point,node/10990273514,no,41.3715894,-8.3114995,Galp Power,yes,24/7,Mobi.E,,,,,+351 800 249 249,https://www.mobie.pt/,1,120,50 kW,500,0,0,0,0,0,0,0,0,0,0,0,0,1,32,22 kW,400,1,125,50 kW,500
VLC-00006,unassigned_point,node/10110145671,no,40.8422073,-8.3957241,Prio.E,yes,24/7,Mobi.E,,,,,+351 800 100 303,https://www.mobie.pt/,1,120,50 kW,500,0,0,0,0,0,0,0,0,0,0,0,0,0,0,0,0,1,125,50 kW,500
VLC-00011,unassigned_point,node/11404287213,no,40.8467161,-8.3992486,Atlante,yes,24/7,Mobi.E,,,,,+351 800 296 929;+351 234 246 050,https://www.mobie.pt/,1,125,50 kW,500,0,0,0,0,0,0,0,0,0,0,0,0,0,0,0,0,1,150,60 kW,500
VLC-00014,unassigned_point,node/11359302268,no,40.8474775,-8.3913473,Galp Power,yes,24/7,Mobi.E,,,,PT,+351 800 249 249,https://www.mobie.pt/,1,120,50 kW,500,0,0,0,0,0,0,0,0,0,0,0,0,1,32,22 kW,400,1,125,50 kW,500
VLC-00015,unassigned_point,node/13114270577,no,40.8570036,-8.4130127,Mota Engil II,yes,24/7,Mobi.E,,,,,+351 800 020 940,https://www.mobie.pt/,0,0,0,0,0,0,0,0,0,0,0,0,2,32,22 kW,400,0,0,0,0,0,0,0,0
VLC-00016,unassigned_point,node/13157818517,no,40.8551907,-8.3994005,Mota Engil II,yes,24/7,Mobi.E,,,,,+351 800 020 940,https://www.mobie.pt/,0,0,0,0,0,0,0,0,0,0,0,0,2,32,22 kW,400,0,0,0,0,0,0,0,0
VLC-00017,unassigned_point,node/13157821914,no,40.828568,-8.397623,Mota Engil II,yes,24/7,Mobi.E,,,,,+351 800 020 940,https://www.mobie.pt/,0,0,0,0,0,0,0,0,0,0,0,0,2,32,22 kW,400,0,0,0,0,0,0,0,0
VLC-00018,unassigned_point,node/13062405913,no,40.8553246,-8.3773735,Mota Engil II,yes,24/7,Mobi.E,,,,,,https://www.mobie.pt/,0,0,0,0,0,0,0,0,0,0,0,0,2,32,22 kW,400,0,0,0,0,0,0,0,0
VLC-00019,unassigned_point,node/8112816712,no,40.8458754,-8.39401,Mota Engil II,yes,24/7,Mobi.E,,,,,+351 800 202 060,https://www.mobie.pt/,0,0,0,0,0,0,0,0,0,0,0,0,0,0,0,0,0,0,0,0,2,125,45 kW,1000
VLC-00020,unassigned_point,node/13017913871,no,40.8493607,-8.3942003,Mota Engil II,yes,08:00-21:00,Mobi.E,,,,,,https://www.mobie.pt/,0,0,0,0,0,0,0,0,0,0,0,0,2,32,22 kW,400,0,0,0,0,0,0,0,0
VLC-00021,unassigned_point,node/13062405912,no,40.898847,-8.3814918,Mota Engil II,yes,24/7,Mobi.E,,,,,,https://www.mobie.pt/,0,0,0,0,0,0,0,0,0,0,0,0,2,32,22 kW,400,0,0,0,0,0,0,0,0
VLC-00022,unassigned_point,node/13042840598,no,40.8401913,-8.39945,Mota Engil II,yes,24/7,Mobi.E,,,,,,https://www.mobie.pt/,0,0,0,0,0,0,0,0,0,0,0,0,2,32,22 kW,400,0,0,0,0,0,0,0,0
VLC-00023,unassigned_point,node/13002645652,no,40.8502242,-8.3968578,Mota Engil II,yes,24/7,Mobi.E,,,,,,https://www.mobie.pt/,0,0,0,0,0,0,0,0,0,0,0,0,2,32,22 kW,400,0,0,0,0,0,0,0,0
VLC-00024,unassigned_point,node/13201107953,no,40.8508957,-8.3923803,Mota Engil II,yes,24/7,Mobi.E,,,,,+351 800 020 940,https://www.mobie.pt/,0,0,0,0,0,0,0,0,0,0,0,0,2,32,22 kW,400,0,0,0,0,0,0,0,0
VLC-90002,unassigned_point,node/8112816711,no,40.8487931,-8.392003,EDP,yes,24/7,Mobi.E,,,,PT,+351 800 222 222,https://www.mobie.pt,0,0,0,0,0,0,0,0,0,0,0,0,2,32,22 kW,400,0,0,0,0,0,0,0,0
VLF-00005,unassigned_point,node/11963115974,no,41.069427,-7.15495,Prio.E,yes,24/7,Mobi.E,,,,,+351 800 100 303,https://www.mobie.pt/,1,125,50 kW,500,0,0,0,0,0,0,0,0,0,0,0,0,0,0,0,0,1,200,150 kW,1000
VLF-90001,unassigned_point,node/8112945351,no,41.0828842,-7.1420158,EDP,yes,24/7,Mobi.E,,,,,+351 800 222 222,https://www.mobie.pt,0,0,0,0,0,0,0,0,0,0,0,0,2,32,22 kW,400,0,0,0,0,0,0,0,0
VLF-90002,unassigned_point,node/10066693060,no,41.081658,-7.1435272,EDP,yes,24/7,Mobi.E,,,,,+351 800 222 222,https://www.mobie.pt,0,0,0,0,0,0,0,0,0,0,0,0,2,32,22 kW,400,0,0,0,0,0,0,0,0
VLG-00009,unassigned_point,node/8681176706,no,41.18392,-8.481253,Powerdot,yes,24/7,Mobi.E,,Valongo,,,+351 800 180 292,https://www.mobie.pt,1,120,50 kW,500,0,0,0,0,0,0,0,0,0,0,0,0,1,63,43 kW,400,1,125,50 kW,500
VLG-00013,unassigned_point,node/9281311307,no,41.19148,-8.50489,Iberdrola,yes,09:00-21:30,Mobi.E,,,,,+351 800 607 717,https://www.mobie.pt/,0,0,0,0,0,0,0,0,0,0,0,0,2,32,22 kW,400,0,0,0,0,0,0,0,0
VLG-00014,unassigned_point,node/9571079477,no,41.205215,-8.548956,Repsol,yes,24/7,Mobi.E,,,,,+351 800 226 624,https://www.mobie.pt,1,80,30 kW,500,0,0,0,0,0,0,0,0,0,0,0,0,1,32,22 kW,400,1,80,30 kW,500
VLG-00017,unassigned_point,node/9847958424,no,41.1941494,-8.5164823,Galp Geste,yes,24/7,Mobi.E,,,,,+351 800 249 249,https://www.mobie.pt/,0,0,0,0,0,0,0,0,0,0,0,0,0,0,0,0,0,0,0,0,2,200,120 kW,1000
VLG-00019,unassigned_point,node/9919933659,no,41.186808,-8.488888,EDP,yes,24/7,Mobi.E,,,,,+351 800 222 222,https://www.mobie.pt/,1,125,50 kW,500,0,0,0,0,0,0,0,0,1,32,22 kW,400,0,0,0,0,1,200,90 kW,1000
VLG-00021,unassigned_point,node/10056853551,no,41.2055513,-8.5494018,EDP,yes,24/7,Mobi.E,,,,,+351 800 222 222,https://www.mobie.pt/,1,125,50 kW,500,0,0,0,0,0,0,0,0,0,0,0,0,0,0,0,0,1,200,120 kW,1000
VLG-00028,unassigned_point,node/11109235692,no,41.2046627,-8.5473206,EDP,yes,24/7,Mobi.E,,,,,+351 800 222 222,https://www.mobie.pt/,1,125,50 kW,500,0,0,0,0,0,0,0,0,0,0,0,0,0,0,0,0,1,200,120 kW,1000
VLG-00032,unassigned_point,node/10243365840,no,41.213138,-8.558764,Atlante,yes,24/7,Mobi.E,,,,,+351 800 296 929;+351 234 246 050,https://www.mobie.pt/,1,120,50 kW,500,0,0,0,0,0,0,0,0,0,0,0,0,1,32,22 kW,400,1,125,50 kW,500
VLG-00034,unassigned_point,node/9758405238,no,41.2017728,-8.5068736,Atlante,yes,24/7,Mobi.E,,Valongo,,,+351 800 296 929;+351 234 246 050,https://www.mobie.pt/,1,125,50 kW,500,0,0,0,0,0,0,0,0,0,0,0,0,1,63,43 kW,400,1,125,60 kW,500
VLG-00038,unassigned_point,node/11642884537,no,41.2379797,-8.5326531,Galp Power,yes,24/7,Mobi.E,,,,,+351 800 249 249,https://www.mobie.pt/,0,0,0,0,0,0,0,0,0,0,0,0,0,0,0,0,0,0,0,0,2,200,180 kW,1000
VLG-00039,unassigned_point,node/11829164591,no,41.233958,-8.5389619,EDP,yes,24/7,Mobi.E,,,,,+351 800 222 222,https://www.mobie.pt/,1,125,50 kW,500,0,0,0,0,0,0,0,0,0,0,0,0,0,0,0,0,1,300,120 kW,1000
VLG-00041,unassigned_point,node/12297749108,no,41.2063523,-8.5396878,EDP,yes,09:00-20:00,Mobi.E,,,,,+351 800 222 222,https://www.mobie.pt/,0,0,0,0,0,0,0,0,0,0,0,0,2,32,22 kW,400,0,0,0,0,0,0,0,0
VLG-00042,unassigned_point,node/12319548263,no,41.1910144,-8.4893309,EDP,yes,09:00-20:00,Mobi.E,,,,,+351 800 222 222,https://www.mobie.pt/,0,0,0,0,0,0,0,0,0,0,0,0,2,32,22 kW,400,0,0,0,0,0,0,0,0
VLG-00044,unassigned_point,node/12396653440,no,41.2072334,-8.5320428,Helexia II,yes,24/7,Mobi.E,,,,,+351 210 181 157,https://www.mobie.pt/,0,0,0,0,0,0,0,0,0,0,0,0,0,0,0,0,0,0,0,0,2,120,50 kW,500
VLG-00051,unassigned_point,node/9848120766,no,41.2129203,-8.5505863,Galp Power,yes,24/7,Mobi.E,,,,,+351 800 249 249,https://www.mobie.pt/,1,120,50 kW,500,0,0,0,0,0,0,0,0,0,0,0,0,1,32,22 kW,400,1,125,50 kW,500
VLG-00052,unassigned_point,node/10005184503,no,41.2400807,-8.5288792,Galp Power,yes,24/7,Mobi.E,,,,,+351 800 249 249,https://www.mobie.pt/,1,120,50 kW,500,0,0,0,0,0,0,0,0,0,0,0,0,1,63,43 kW,400,1,125,50 kW,500
VLG-00053,unassigned_point,node/9848051175,no,41.1835939,-8.4841073,Galp Power,yes,24/7,Mobi.E,,Valongo,,,+351 800 249 249,https://www.mobie.pt/,1,120,50 kW,500,0,0,0,0,0,0,0,0,0,0,0,0,1,63,43 kW,400,1,125,50 kW,500
VLG-00054,unassigned_point,node/13173724159,no,41.1831037,-8.4734377,Galp Power,yes,24/7,Mobi.E,,,,,+351 800 249 249,https://www.mobie.pt/,0,0,0,0,0,0,0,0,0,0,0,0,0,0,0,0,0,0,0,0,2,250,120 kW,1000
VLG-00061,unassigned_point,node/8833416438,no,41.1880065,-8.4986407,Atlante,yes,24/7,Mobi.E,,Valongo,,,+351 800 296 929;+351 234 246 050,https://www.mobie.pt,0,0,0,0,0,0,0,0,0,0,0,0,0,0,0,0,0,0,0,0,2,375,100 kW,1000
VLG-90001,unassigned_point,node/8313071048,no,41.1911431,-8.4982554,EDP,yes,24/7,Mobi.E,,,,,+351 800 222 222,https://www.mobie.pt,0,0,0,0,0,0,0,0,0,0,0,0,2,32,22 kW,400,0,0,0,0,0,0,0,0
VLN-00005,unassigned_point,node/9225441574,no,42.0314185,-8.6334151,Cargga Inteligente,yes,24/7,Mobi.E,,,,,,https://www.mobie.pt/,0,0,0,0,0,0,0,0,0,0,0,0,2,32,22 kW,400,0,0,0,0,0,0,0,0
VLN-00007,unassigned_point,node/8232115024,no,42.027595,-8.6370148,Galp Power,yes,24/7,Mobi.E,Avenida Doutor Tito Fontes,Valença do Minho,,,+351 800 249 249,https://www.mobie.pt,1,120,50 kW,500,0,0,0,0,0,0,0,0,0,0,0,0,1,63,43 kW,400,1,125,50 kW,500
VLN-00008,unassigned_point,node/13100154669,no,42.0278885,-8.6381594,Atlante,yes,08:00-21:00,Mobi.E,,,,,+351 800 296 929;+351 234 246 050,https://www.mobie.pt/,0,0,0,0,0,0,0,0,0,0,0,0,0,0,0,0,0,0,0,0,2,150,60 kW,500
VLN-90002,unassigned_point,node/8313020065,no,42.0306244,-8.6352164,Galp Power,yes,24/7,Mobi.E,,,,,+351 800 249 249,https://www.mobie.pt,0,0,0,0,0,0,0,0,0,0,0,0,2,32,22 kW,400,0,0,0,0,0,0,0,0
VLP-00002,unassigned_point,node/8439046055,no,41.6099298,-7.3138184,Atlante,yes,24/7,Mobi.E,,,,PT,+351 800 296 929;+351 234 246 050,https://www.mobie.pt,0,0,0,0,0,0,0,0,0,0,0,0,2,32,22 kW,400,0,0,0,0,0,0,0,0
VLP-00003,unassigned_point,node/10996132273,no,41.5929562,-7.3029704,Iberdrola,yes,24/7,Mobi.E,,,,PT,+351 800 607 717,https://www.mobie.pt/,0,0,0,0,0,0,0,0,0,0,0,0,2,32,7.4 kW,230,0,0,0,0,0,0,0,0
VLP-00004,unassigned_point,node/11808082240,no,41.592693,-7.3031377,Iberdrola,yes,24/7,Mobi.E,,,,,+351 800 607 717,https://www.mobie.pt/,1,120,50 kW,500,0,0,0,0,0,0,0,0,0,0,0,0,0,0,0,0,1,125,50 kW,500
VLR-00002,unassigned_point,node/11070119298,no,39.6744048,-8.1452498,EcoInside,yes,24/7,Mobi.E,,,,,+351 22 617 33 43,https://www.mobie.pt/,0,0,0,0,0,0,0,0,0,0,0,0,1,32,22 kW,400,0,0,0,0,0,0,0,0
VLR-90001,unassigned_point,node/8109599992,no,39.6731268,-8.1446739,EDP,yes,24/7,Mobi.E,,,,,+351 800 222 222,https://www.mobie.pt,0,0,0,0,0,0,0,0,0,0,0,0,2,32,22 kW,400,0,0,0,0,0,0,0,0
VLS-00002,unassigned_point,node/11278275605,no,38.6795643,-28.2091661,SEGMA,yes,24/7,Mobi.E,,,,,,https://www.mobie.pt/,0,0,0,0,0,0,0,0,0,0,0,0,2,32,22 kW,400,0,0,0,0,0,0,0,0
VMS-00002,unassigned_point,node/10215848703,no,41.589526,-6.5278388,EDP,yes,24/7,Mobi.E,,,,,+351 800 222 222,https://www.mobie.pt/,1,120,50 kW,500,0,0,0,0,0,0,0,0,0,0,0,0,1,63,43 kW,400,1,125,50 kW,500
VMS-00003,unassigned_point,node/11822870198,no,41.5835579,-6.5318664,EDP,yes,24/7,Mobi.E,,,,PT,+351 800 222 222,https://www.mobie.pt/,0,0,0,0,0,0,0,0,0,0,0,0,2,16,11 kW,400,0,0,0,0,0,0,0,0
VMS-90001,unassigned_point,node/8115529945,no,41.5838841,-6.5302968,EDP,yes,24/7,Mobi.E,,,,PT,+351 800 222 222,https://www.mobie.pt,0,0,0,0,0,0,0,0,0,0,0,0,2,32,22 kW,400,0,0,0,0,0,0,0,0
VNB-80002,unassigned_point,node/8732194404,no,39.461984,-8.443384,Atlante,yes,24/7,Mobi.E,,,,PT,+351 800 296 929;+351 234 246 050,https://www.mobie.pt,0,0,0,0,0,0,0,0,0,0,0,0,2,32,22 kW,400,0,0,0,0,0,0,0,0
VNB-90001,unassigned_point,node/8109599764,no,39.4588166,-8.4314203,Galp Power,yes,24/7,Mobi.E,,,,PT,+351 800 249 249,https://www.mobie.pt,0,0,0,0,0,0,0,0,0,0,0,0,2,32,22 kW,400,0,0,0,0,0,0,0,0
VNC-00002,unassigned_point,node/8113052605,no,41.947003,-8.7415948,Powerdot,yes,24/7,Mobi.E,,,,,+351 800 180 292,https://www.mobie.pt,0,0,0,0,0,0,0,0,0,0,0,0,2,32,22 kW,400,0,0,0,0,0,0,0,0
VNC-00005,unassigned_point,node/10109931969,no,41.9447892,-8.741098,EDP,yes,24/7,Mobi.E,,,,,+351 800 222 222,https://www.mobie.pt/,1,120,50 kW,500,0,0,0,0,0,0,0,0,0,0,0,0,0,0,0,0,1,200,120 kW,1000
VNC-00007,unassigned_point,node/8833382348,no,41.9232348,-8.7535989,Atlante,yes,24/7,Mobi.E,,Vila Nova de Cerveira,,PT,+351 800 296 929;+351 234 246 050,https://www.mobie.pt,1,120,50 kW,500,0,0,0,0,0,0,0,0,0,0,0,0,1,32,22 kW,400,1,150,60 kW,500
VNC-90001,unassigned_point,node/7098645679,no,41.939123,-8.7471694,Galp Power,yes,24/7,Mobi.E,,,,,+351 800 249 249,https://www.mobie.pt,0,0,0,0,0,0,0,0,0,0,0,0,2,32,22 kW,400,0,0,0,0,0,0,0,0
VND-00005,unassigned_point,node/9046134367,no,38.6761896,-8.4530229,Veimonte,yes,24/7,Mobi.E,,,,,+351 266 896 443,https://www.mobie.pt,1,120,50 kW,500,0,0,0,0,0,0,0,0,0,0,0,0,1,63,43 kW,400,1,125,50 kW,500
VND-00014,unassigned_point,node/12000498745,no,38.674899,-8.448956,Atlante,yes,24/7,Mobi.E,,,,,+351 800 296 929;+351 234 246 050,https://www.mobie.pt/,1,125,50 kW,500,0,0,0,0,0,0,0,0,1,32,22 kW,400,0,0,0,0,1,150,60 kW,500
VND-00015,unassigned_point,node/8280527328,no,38.6755944,-8.451131,Galp Power,yes,24/7,Mobi.E,Rua do Poligono,Vendas Novas,,,+351 800 249 249,https://www.mobie.pt,1,120,50 kW,500,0,0,0,0,0,0,0,0,0,0,0,0,1,63,43 kW,400,1,125,50 kW,500
VND-90001,unassigned_point,node/12000709145,no,38.6744464,-8.4543844,Galp Power,yes,24/7,Mobi.E,,,,,+351 800 249 249,https://www.mobie.pt/,0,0,0,0,0,0,0,0,0,0,0,0,2,32,22 kW,400,0,0,0,0,0,0,0,0
VND-90004,unassigned_point,node/8850643295,no,38.6776873,-8.4550938,Galp Power,yes,24/7,Mobi.E,,,,,+351 800 249 249,https://www.mobie.pt,0,0,0,0,0,0,0,0,0,0,0,0,2,32,22 kW,400,0,0,0,0,0,0,0,0
VNF-00003,unassigned_point,node/5370415062,no,41.3904538,-8.4806084,Galp Geste,yes,24/7,Mobi.E,,,,,+351 800 249 249,https://www.mobie.pt,1,120,50 kW,500,0,0,0,0,0,0,0,0,0,0,0,0,1,63,43 kW,400,1,125,50 kW,500
VNF-00004,unassigned_point,node/5370418831,no,41.3892907,-8.4795221,Galp Geste,yes,24/7,Mobi.E,,,,,+351 800 249 249,https://www.mobie.pt,1,120,50 kW,500,0,0,0,0,0,0,0,0,0,0,0,0,1,63,43 kW,400,1,125,50 kW,500
VNF-00018,unassigned_point,node/8486809707,no,41.403276,-8.5197825,CEVE,yes,24/7,Mobi.E,Avenida de França,Vila Nova de Famalicão,,PT,+351 800 965 656,https://www.mobie.pt,1,120,50 kW,500,0,0,0,0,0,0,0,0,0,0,0,0,1,63,43 kW,400,1,125,50 kW,500
VNF-00020,unassigned_point,node/8930776933,no,41.4011149,-8.5238904,Iberdrola,yes,09:00-21:30,Mobi.E,,,,,+351 800 607 717,https://www.mobie.pt,0,0,0,0,0,0,0,0,0,0,0,0,2,32,22 kW,400,0,0,0,0,0,0,0,0
VNF-00025,unassigned_point,node/10040504082,no,41.403067,-8.5151472,EDP,yes,24/7,Mobi.E,,,,,+351 800 222 222,https://www.mobie.pt/,1,125,50 kW,500,0,0,0,0,0,0,0,0,0,0,0,0,0,0,0,0,1,200,120 kW,1000
VNF-00026,unassigned_point,node/10665659507,no,41.3871008,-8.5282957,Prio.E,yes,24/7,Mobi.E,,,,,+351 800 100 303,https://www.mobie.pt/,1,120,50 kW,500,0,0,0,0,0,0,0,0,0,0,0,0,0,0,0,0,1,125,60 kW,1000
VNF-00031,unassigned_point,node/10788852180,no,41.4427885,-8.4956001,Powerdot,yes,24/7,Mobi.E,,,,,+351 800 180 292,https://www.mobie.pt/,1,125,50 kW,500,0,0,0,0,0,0,0,0,1,32,22 kW,400,0,0,0,0,2,250,100 kW,1000
VNF-00034,unassigned_point,node/11061461308,no,41.3714659,-8.4333677,Prio.E,yes,24/7,Mobi.E,,,,,+351 800 100 303,https://www.mobie.pt/,1,120,50 kW,500,0,0,0,0,0,0,0,0,0,0,0,0,0,0,0,0,1,125,60 kW,500
VNF-00035,unassigned_point,node/11267494253,no,41.392847,-8.5115881,Galp Geste,yes,24/7,Mobi.E,,,,,+351 800 249 249,https://www.mobie.pt/,0,0,0,0,0,0,0,0,0,0,0,0,0,0,0,0,0,0,0,0,2,200,120 kW,1000
VNF-00040,unassigned_point,node/10743112554,no,41.4043515,-8.516868,Atlante,yes,24/7,Mobi.E,,,,,+351 800 296 929;+351 234 246 050,https://www.mobie.pt/,1,125,50 kW,500,0,0,0,0,0,0,0,0,0,0,0,0,0,0,0,0,1,250,100 kW,500
VNF-00045,unassigned_point,node/11802659860,no,41.3783193,-8.5452028,Charging Together,yes,24/7,Mobi.E,,,,,+351 800 917 576,https://www.mobie.pt,1,200,80 kW,500,0,0,0,0,0,0,0,0,0,0,0,0,0,0,0,0,2,500,150 kW,1000
VNF-00047,unassigned_point,node/11964226631,no,41.3961341,-8.3894876,Atlante,yes,24/7,Mobi.E,,,,,+351 800 296 929;+351 234 246 050,https://www.mobie.pt/,0,0,0,0,0,0,0,0,0,0,0,0,0,0,0,0,0,0,0,0,2,250,100 kW,500
VNF-00048,unassigned_point,node/12188552522,no,41.4391715,-8.4097896,Atlante,yes,24/7,Mobi.E,,,,,+351 800 296 929;+351 234 246 050,https://www.mobie.pt,1,125,50 kW,500,0,0,0,0,0,0,0,0,1,32,22 kW,400,0,0,0,0,1,150,60 kW,500
VNF-00049,unassigned_point,node/12417426051,no,41.4037031,-8.5206518,Atlante,yes,08:00-21:30,Mobi.E,,,,,+351 800 296 929;+351 234 246 050,https://www.mobie.pt,1,125,50 kW,500,0,0,0,0,0,0,0,0,0,0,0,0,1,32,22 kW,400,1,150,60 kW,500
VNF-00050,unassigned_point,node/10759985339,no,41.4325482,-8.4159156,EDP,yes,24/7,Mobi.E,,,,,+351 800 222 222,https://www.mobie.pt/,0,0,0,0,0,0,0,0,0,0,0,0,2,32,22 kW,400,0,0,0,0,0,0,0,0
VNF-00052,unassigned_point,node/12396883403,no,41.389706,-8.3902074,Helexia II,yes,24/7,Mobi.E,,,,,+351 210 181 157,https://www.mobie.pt/,0,0,0,0,0,0,0,0,0,0,0,0,0,0,0,0,0,0,0,0,2,250,100 kW,1000
VNF-00053,unassigned_point,node/12396876830,no,41.415151,-8.503208,Helexia II,yes,24/7,Mobi.E,,,,,+351 210 181 157,https://www.mobie.pt/,0,0,0,0,0,0,0,0,0,0,0,0,0,0,0,0,0,0,0,0,2,250,100 kW,1000
VNF-00054,unassigned_point,node/9045571739,no,41.3536982,-8.5533321,Galp Power,yes,24/7,Mobi.E,,,,,+351 800 249 249,https://www.mobie.pt,1,120,50 kW,500,0,0,0,0,0,0,0,0,0,0,0,0,1,63,43 kW,400,1,125,50 kW,500
VNF-00055,unassigned_point,node/8231879962,no,41.4258871,-8.4332219,Galp Power,yes,24/7,Mobi.E,Avenida Riopele,Vila Nova de Famalicão,,PT,+351 800 249 249,https://www.mobie.pt,1,120,50 kW,500,0,0,0,0,0,0,0,0,0,0,0,0,1,63,43 kW,400,1,125,50 kW,500
VNF-00056,unassigned_point,node/9847958419,no,41.4164475,-8.51804,Galp Power,yes,24/7,Mobi.E,,,,,+351 800 249 249,https://www.mobie.pt/,1,120,50 kW,500,0,0,0,0,0,0,0,0,0,0,0,0,1,32,22 kW,400,1,125,50 kW,500
VNF-00057,unassigned_point,node/12302980889,no,41.4206459,-8.5164561,Repsol,yes,24/7,Mobi.E,,,,,+351 800 226 624,https://www.mobie.pt/,1,125,50 kW,500,0,0,0,0,0,0,0,0,0,0,0,0,1,32,22 kW,400,1,150,60 kW,500
VNF-00063,unassigned_point,node/13391351429,no,41.348595,-8.5372305,Charging Together,yes,24/7,Mobi.E,,,,,+351 800 917 576,https://www.mobie.pt/,0,0,0,0,0,0,0,0,0,0,0,0,0,0,0,0,0,0,0,0,2,600,165 kW,1000
VNF-00064,unassigned_point,node/13585586892,no,41.428084,-8.4305028,Prio.E,yes,24/7,Mobi.E,,,,,+351 800 100 303,https://www.mobie.pt/,0,0,0,0,0,0,0,0,0,0,0,0,0,0,0,0,0,0,0,0,2,400,180 kW,1000
VNF-00065,unassigned_point,node/13419352992,no,41.4012686,-8.5352344,REMO,yes,24/7,Mobi.E,,,,,+351 800 020 940,https://www.mobie.pt/,0,0,0,0,0,0,0,0,0,0,0,0,0,0,0,0,0,0,0,0,2,500,200 kW,1000
VNG-00008,unassigned_point,node/3341815003,no,41.066074,-8.5751819,Powerdot,yes,24/7,Mobi.E,,,,,+351 800 180 292,https://www.mobie.pt,0,0,0,0,0,0,0,0,0,0,0,0,2,16,3.7 kW,230,0,0,0,0,0,0,0,0
VNG-00009,unassigned_point,node/8143247240,no,41.1258337,-8.6030265,Atlante,yes,24/7,Mobi.E,,,,,+351 800 296 929;+351 234 246 050,https://www.mobie.pt,0,0,0,0,0,0,0,0,0,0,0,0,2,16,3.7 kW,230,0,0,0,0,0,0,0,0
VNG-00016,unassigned_point,node/5375674785,no,41.1190813,-8.6055079,Mobiletric,yes,24/7,Mobi.E,,Vila Nova de Gaia,,,+351 800 249 249,https://www.mobie.pt,1,120,50 kW,500,0,0,0,0,0,0,0,0,0,0,0,0,1,63,43 kW,400,1,125,50 kW,500
VNG-00017,unassigned_point,node/8308446425,no,41.0572722,-8.5663539,EDP,yes,24/7,Mobi.E,,,,,+351 800 222 222,https://www.mobie.pt,0,0,0,0,0,0,0,0,0,0,0,0,2,32,22 kW,400,0,0,0,0,0,0,0,0
VNG-00018,unassigned_point,node/8112960906,no,41.1362043,-8.6184335,EDP,yes,24/7,Mobi.E,,,,,+351 800 222 222,https://www.mobie.pt,0,0,0,0,0,0,0,0,0,0,0,0,2,32,22 kW,400,0,0,0,0,0,0,0,0
VNG-00019,unassigned_point,node/8227770673,no,41.1135049,-8.5896744,Galp Geste,yes,24/7,Mobi.E,Avenida Vasco da Gama,Vila Nova de Gaia,,,+351 800 249 249,https://www.mobie.pt,1,120,50 kW,500,0,0,0,0,0,0,0,0,0,0,0,0,1,63,43 kW,400,1,125,50 kW,500
VNG-00030,unassigned_point,node/8143247242,no,41.0870085,-8.6025403,Prio.E,yes,24/7,Mobi.E,,,,,+351 800 100 303,https://www.mobie.pt,0,0,0,0,0,0,0,0,0,0,0,0,1,32,7.4 kW,230,0,0,0,0,0,0,0,0
VNG-00044,unassigned_point,node/8227692669,no,41.0640329,-8.6398002,Galp Geste,yes,24/7,Mobi.E,Avenida João Paulo II,Arcozelo,,,+351 800 249 249,https://www.mobie.pt,1,120,50 kW,500,0,0,0,0,0,0,0,0,0,0,0,0,1,63,43 kW,400,1,125,50 kW,500
VNG-00059,unassigned_point,node/8427219820,no,41.1015711,-8.6187926,Powerdot,yes,24/7,Mobi.E,,,,,+351 800 180 292,https://www.mobie.pt,1,120,50 kW,500,0,0,0,0,0,0,0,0,0,0,0,0,1,63,43 kW,400,1,125,50 kW,500
VNG-00060,unassigned_point,node/8441054521,no,41.131145,-8.647166,Powerdot,yes,24/7,Mobi.E,Rua da Bélgica,Vila Nova de Gaia,,,+351 800 180 292,https://www.mobie.pt,1,120,50 kW,500,0,0,0,0,0,0,0,0,0,0,0,0,1,63,43 kW,400,1,125,50 kW,500
VNG-00065,unassigned_point,node/9620717416,no,41.0968047,-8.5862526,Repsol,yes,24/7,Mobi.E,,,,,+351 800 226 624,https://www.mobie.pt/,1,120,50 kW,500,0,0,0,0,0,0,0,0,0,0,0,0,1,63,43 kW,400,1,150,60 kW,500
VNG-00068,unassigned_point,node/9455665730,no,41.1261858,-8.5980731,EDP,yes,24/7,Mobi.E,,,,,+351 800 222 222,https://www.mobie.pt/,1,125,50 kW,500,0,0,0,0,0,0,0,0,1,32,22 kW,400,0,0,0,0,1,200,90 kW,1000
VNG-00070,unassigned_point,node/9666187566,no,41.092708,-8.5447395,Powerdot,yes,24/7,Mobi.E,,,,,+351 800 180 292,https://www.mobie.pt,1,120,50 kW,500,0,0,0,0,0,0,0,0,0,0,0,0,1,32,22 kW,400,1,125,50 kW,500
VNG-00081,unassigned_point,node/9786970342,no,41.1100145,-8.5525643,Galp Power,yes,24/7,Mobi.E,Rua da Escola Central,Avintes,,,+351 800 249 249,https://www.mobie.pt/,0,0,0,0,0,0,0,0,0,0,0,0,0,0,0,0,0,0,0,0,2,125,60 kW,1000
VNG-00082,unassigned_point,node/9917778742,no,41.1403362,-8.6331175,Galp Geste,yes,24/7,Mobi.E,,,,,+351 800 249 249,https://www.mobie.pt/,0,0,0,0,0,0,0,0,0,0,0,0,0,0,0,0,0,0,0,0,2,200,120 kW,1000
VNG-00092,unassigned_point,node/10218086014,no,41.1203639,-8.6052638,EDP,yes,24/7,Mobi.E,,,,,+351 800 222 222,https://www.mobie.pt/,0,0,0,0,0,0,0,0,0,0,0,0,2,32,22 kW,400,0,0,0,0,0,0,0,0
VNG-00093,unassigned_point,node/11753862875,no,41.1025702,-8.5887339,EDP,yes,24/7,Mobi.E,,,,,+351 800 222 222,https://www.mobie.pt/,1,125,50 kW,500,0,0,0,0,0,0,0,0,0,0,0,0,0,0,0,0,1,300,120 kW,1000
VNG-00094,unassigned_point,node/10229505396,no,41.0596373,-8.645587,Powerdot,yes,Mo-Sa 08:30-20:30; Su 09:00-13:00,Mobi.E,,,,,+351 800 180 292,https://www.mobie.pt/,0,0,0,0,0,0,0,0,0,0,0,0,1,32,22 kW,400,0,0,0,0,2,250,100 kW,1000
VNG-00100,unassigned_point,node/10282179727,no,41.1201945,-8.6269136,Repsol,yes,24/7,Mobi.E,,,,,+351 800 226 624,https://www.mobie.pt,1,80,30 kW,500,0,0,0,0,0,0,0,0,0,0,0,0,1,32,22 kW,400,1,80,30 kW,500
VNG-00101,unassigned_point,node/10571690795,no,41.048033,-8.628074,Repsol,yes,24/7,Mobi.E,,,,,+351 800 226 624,https://www.mobie.pt/,1,125,50 kW,500,0,0,0,0,0,0,0,0,0,0,0,0,1,63,43 kW,400,1,150,60 kW,1000
VNG-00112,unassigned_point,node/10788852176,no,41.1027794,-8.5998926,EDP,yes,Mo-Sa 09:00-19:00,Mobi.E,,,,,+351 800 222 222,https://www.mobie.pt/,0,0,0,0,0,0,0,0,0,0,0,0,2,32,22 kW,400,0,0,0,0,0,0,0,0
VNG-00121,unassigned_point,node/11210652291,no,41.1360678,-8.6086123,Powerdot,yes,07:30-23:00,Mobi.E,,,,,+351 800 180 292,https://www.mobie.pt,0,0,0,0,0,0,0,0,0,0,0,0,0,0,0,0,1,32,22 kW,400,2,200,100 kW,1000
VNG-00134,unassigned_point,node/10681530968,no,41.127657,-8.5808232,Atlante,yes,08:00-21:30,Mobi.E,,,,,+351 800 296 929;+351 234 246 050,https://www.mobie.pt/,1,120,50 kW,500,0,0,0,0,0,0,0,0,0,0,0,0,1,32,22 kW,400,1,125,50 kW,500
VNG-00135,unassigned_point,node/10665659508,no,41.0272424,-8.635883,Atlante,yes,24/7,Mobi.E,,,,,+351 800 296 929;+351 234 246 050,https://www.mobie.pt/,1,120,50 kW,500,0,0,0,0,0,0,0,0,0,0,0,0,1,32,22 kW,400,1,125,50 kW,500
VNG-00136,unassigned_point,node/8227742352,no,41.0889755,-8.6288186,Atlante,yes,24/7,Mobi.E,Rua do Rio do Paço,Vila Nova de Gaia,,,+351 800 296 929;+351 234 246 050,https://www.mobie.pt,1,120,50 kW,500,0,0,0,0,0,0,0,0,0,0,0,0,1,32,22 kW,400,1,125,50 kW,500
VNG-00138,unassigned_point,node/10681530969,no,41.057071,-8.5679,Atlante,yes,24/7,Mobi.E,,,,,+351 800 296 929;+351 234 246 050,https://www.mobie.pt/,1,125,30 kW,500,0,0,0,0,0,0,0,0,0,0,0,0,0,0,0,0,1,150,30 kW,500
VNG-00139,unassigned_point,node/10681530965,no,41.061679,-8.62906,Atlante,yes,24/7,Mobi.E,,,,,+351 800 296 929;+351 234 246 050,https://www.mobie.pt/,1,120,50 kW,500,0,0,0,0,0,0,0,0,0,0,0,0,1,16,11 kW,400,1,125,50 kW,500
VNG-00142,unassigned_point,node/11386507481,no,41.1135141,-8.6011678,Atlante,yes,09:00-21:00,Mobi.E,,,,,+351 800 296 929;+351 234 246 050,https://www.mobie.pt/,1,125,50 kW,500,0,0,0,0,0,0,0,0,0,0,0,0,1,32,22 kW,400,1,150,60 kW,500
VNG-00144,unassigned_point,node/9525281061,no,41.137462,-8.632254,Atlante,yes,24/7,Mobi.E,,,,,+351 800 296 929;+351 234 246 050,https://www.mobie.pt/,0,0,0,0,0,0,0,0,0,0,0,0,2,32,22 kW,400,0,0,0,0,0,0,0,0
VNG-00158,unassigned_point,node/11577769939,no,41.0843519,-8.6191158,Repsol,yes,24/7,Mobi.E,,,,,+351 800 226 624,https://www.mobie.pt,1,125,50 kW,500,0,0,0,0,0,0,0,0,0,0,0,0,1,32,22 kW,400,1,150,60 kW,500
VNG-00159,unassigned_point,node/11577769938,no,41.0852751,-8.6187137,Repsol,yes,24/7,Mobi.E,,,,,+351 800 226 624,https://www.mobie.pt,1,125,50 kW,500,0,0,0,0,0,0,0,0,0,0,0,0,1,32,22 kW,400,1,150,60 kW,500
VNG-00161,unassigned_point,node/12142756332,no,41.1085577,-8.62075,EDP,yes,08:00-24:00,Mobi.E,,,,,+351 800 222 222,https://www.mobie.pt/,0,0,0,0,0,0,0,0,0,0,0,0,1,32,22 kW,400,0,0,0,0,2,200,120 kW,1000
VNG-00162,unassigned_point,node/11127335085,no,41.0927091,-8.5426357,Galp Power,yes,24/7,Mobi.E,,,,,+351 800 249 249,https://www.mobie.pt/,0,0,0,0,0,0,0,0,0,0,0,0,0,0,0,0,0,0,0,0,2,200,120 kW,1000
VNG-00168,unassigned_point,node/12115694369,no,41.129477,-8.6518342,Atlante,yes,08:00-21:00,Mobi.E,,,,,+351 800 296 929;+351 234 246 050,https://www.mobie.pt,1,125,50 kW,500,0,0,0,0,0,0,0,0,0,0,0,0,1,32,22 kW,400,1,150,60 kW,500
VNG-00169,unassigned_point,node/12018724378,no,41.1159836,-8.6474911,Atlante,yes,08:00-21:00,Mobi.E,,,,,+351 800 296 929;+351 234 246 050,https://www.mobie.pt/,1,125,50 kW,500,0,0,0,0,0,0,0,0,0,0,0,0,0,0,0,0,1,150,60 kW,500
VNG-00171,unassigned_point,node/12101523357,no,41.1293103,-8.6300151,Atlante,yes,08:30-21:00,Mobi.E,,,,,+351 800 296 929;+351 234 246 050,https://www.mobie.pt/,1,125,50 kW,500,0,0,0,0,0,0,0,0,0,0,0,0,0,0,0,0,1,150,60 kW,500
VNG-00172,unassigned_point,node/12362984063,no,41.1277989,-8.6059646,Atlante,yes,09:00-21:00,Mobi.E,,,,,+351 800 296 929;+351 234 246 050,https://www.mobie.pt,1,125,50 kW,500,0,0,0,0,0,0,0,0,1,32,22 kW,400,0,0,0,0,1,150,60 kW,500
VNG-00175,unassigned_point,node/12871903739,no,41.1246129,-8.6353583,EDP,yes,24/7,Mobi.E,,,,,+351 800 222 222,https://www.mobie.pt/,0,0,0,0,0,0,0,0,0,0,0,0,1,32,22 kW,400,0,0,0,0,2,200,120 kW,1000
VNG-00176,unassigned_point,node/12297749169,no,41.1179026,-8.6280799,EDP,yes,09:00-20:00,Mobi.E,,,,,+351 800 222 222,https://www.mobie.pt/,0,0,0,0,0,0,0,0,0,0,0,0,2,32,22 kW,400,0,0,0,0,0,0,0,0
VNG-00177,unassigned_point,node/12219380405,no,41.0923131,-8.5951865,Iberdrola,yes,09:00-21:00,Mobi.E,,,,,+351 800 607 717,https://www.mobie.pt/,0,0,0,0,0,0,0,0,0,0,0,0,2,32,22 kW,400,0,0,0,0,0,0,0,0
VNG-00178,unassigned_point,node/8075979728,no,41.028027,-8.6418309,Charging Together,yes,24/7,Mobi.E,Avenida da Liberdade,São Félix da Marinha,,,+351 800 917 576,https://www.mobie.pt,0,0,0,0,0,0,0,0,0,0,0,0,0,0,0,0,0,0,0,0,2,150,50 kW,1000
VNG-00180,unassigned_point,node/12142756328,no,41.1098991,-8.6315442,Atlante,yes,24/7,Mobi.E,,,,,+351 800 296 929;+351 234 246 050,https://www.mobie.pt,1,125,50 kW,500,0,0,0,0,0,0,0,0,1,32,22 kW,400,0,0,0,0,1,150,60 kW,500
VNG-00182,unassigned_point,node/12569272432,no,41.1151994,-8.5825745,EDP,yes,07:00-22:00,Mobi.E,,,,,+351 800 222 222,https://www.mobie.pt/,0,0,0,0,0,0,0,0,0,0,0,0,2,16,11 kW,400,0,0,0,0,0,0,0,0
VNG-00194,unassigned_point,node/9045571737,no,41.128689,-8.609195,Galp Power,yes,08:00-21:00,Mobi.E,,,,,+351 800 249 249,https://www.mobie.pt,1,120,50 kW,500,0,0,0,0,0,0,0,0,0,0,0,0,1,63,43 kW,400,1,125,50 kW,500
VNG-00195,unassigned_point,node/8757714042,no,41.1267648,-8.600504,Galp Power,yes,24/7,Mobi.E,,Vila Nova de Gaia,,,+351 800 249 249,https://www.mobie.pt,1,120,50 kW,500,0,0,0,0,0,0,0,0,0,0,0,0,1,63,43 kW,400,1,125,50 kW,500
VNG-00196,unassigned_point,node/8418656993,no,41.0460499,-8.564215,Galp Power,yes,24/7,Mobi.E,Largo das Alminhas das Barrancas,Pedroso,,,+351 800 249 249,https://www.mobie.pt,1,120,50 kW,500,0,0,0,0,0,0,0,0,0,0,0,0,1,63,43 kW,400,1,125,50 kW,500
VNG-00197,unassigned_point,node/10708033836,no,41.1198847,-8.6272766,Galp Power,yes,24/7,Mobi.E,,,,,+351 800 249 249,https://www.mobie.pt/,1,120,50 kW,500,0,0,0,0,0,0,0,0,0,0,0,0,1,32,22 kW,400,1,125,50 kW,500
VNG-00198,unassigned_point,node/10712095228,no,41.0945109,-8.5510519,Galp Power,yes,24/7,Mobi.E,Largo das Alminhas das Barrancas,Pedroso,,,+351 800 249 249,https://www.mobie.pt,1,120,50 kW,500,0,0,0,0,0,0,0,0,0,0,0,0,1,32,22 kW,400,1,125,50 kW,500
VNG-00199,unassigned_point,node/9848051172,no,41.127582,-8.6507871,Galp Power,yes,24/7,Mobi.E,,,,,+351 800 249 249,https://www.mobie.pt/,1,120,50 kW,500,0,0,0,0,0,0,0,0,0,0,0,0,1,32,22 kW,400,1,125,50 kW,500
VNG-00200,unassigned_point,node/12175784992,no,41.0305927,-8.6410005,Galp Power,yes,24/7,Mobi.E,,,,,+351 800 249 249,https://www.mobie.pt/,1,120,50 kW,500,0,0,0,0,0,0,0,0,0,0,0,0,1,32,22 kW,400,1,125,50 kW,500
VNG-00201,unassigned_point,node/12175784991,no,41.0717692,-8.6260103,Galp Power,yes,24/7,Mobi.E,,,,,+351 800 249 249,https://www.mobie.pt/,1,120,50 kW,500,0,0,0,0,0,0,0,0,0,0,0,0,1,32,22 kW,400,1,125,50 kW,500
VNG-00202,unassigned_point,node/12239233681,no,41.1078551,-8.5935599,Galp Power,yes,24/7,Mobi.E,,,,,+351 800 249 249,https://www.mobie.pt/,1,120,50 kW,500,0,0,0,0,0,0,0,0,0,0,0,0,1,32,22 kW,400,1,125,50 kW,500
VNG-00207,unassigned_point,node/12996105403,no,41.1317285,-8.659075,Iberdrola,yes,24/7,Mobi.E,,,,,+351 800 607 717,https://www.mobie.pt/,0,0,0,0,0,0,0,0,0,0,0,0,0,0,0,0,0,0,0,0,2,150,50 kW,1000
VNG-00230,unassigned_point,node/10913978956,no,41.0436482,-8.5633067,Prio.E,yes,24/7,Mobi.E,,,,,+351 800 100 303,https://www.mobie.pt/,0,0,0,0,0,0,0,0,0,0,0,0,0,0,0,0,0,0,0,0,2,300,180 kW,1000
VNG-80012,unassigned_point,node/3341794812,no,41.0693575,-8.6560016,EDP,yes,24/7,Mobi.E,,,,,+351 800 222 222,https://www.mobie.pt,0,0,0,0,0,0,0,0,0,0,0,0,2,32,22 kW,400,0,0,0,0,0,0,0,0
VNG-90006,unassigned_point,node/8143247239,no,41.1331401,-8.6068533,EDP,yes,24/7,Mobi.E,,,,,+351 800 222 222,https://www.mobie.pt,0,0,0,0,0,0,0,0,0,0,0,0,2,32,7.4 kW,230,0,0,0,0,0,0,0,0
VNG-90010,unassigned_point,node/3341816869,no,41.0941215,-8.550194,Galp Power,yes,24/7,Mobi.E,,,,,+351 800 249 249,https://www.mobie.pt,0,0,0,0,0,0,0,0,0,0,0,0,2,32,7.4 kW,230,0,0,0,0,0,0,0,0
VNG-90011,unassigned_point,node/3341827359,no,41.129145,-8.614618,EDP,yes,24/7,Mobi.E,,,,,+351 800 222 222,https://www.mobie.pt,0,0,0,0,0,0,0,0,0,0,0,0,2,16,3.7 kW,230,0,0,0,0,0,0,0,0
VNG-90013,unassigned_point,node/3341738003,no,41.1289838,-8.6676052,EDP,yes,24/7,Mobi.E,,,,,+351 800 222 222,https://www.mobie.pt,0,0,0,0,0,0,0,0,0,0,0,0,2,16,3.7 kW,230,0,0,0,0,0,0,0,0
VNG-90014,unassigned_point,node/3341796413,no,41.0184659,-8.6402617,Galp Power,yes,24/7,Mobi.E,,,,,+351 800 249 249,https://www.mobie.pt,0,0,0,0,0,0,0,0,0,0,0,0,2,32,7.4 kW,230,0,0,0,0,0,0,0,0
VNH-00001,unassigned_point,node/8115529944,no,41.8347849,-7.002433,Powerdot,yes,24/7,Mobi.E,,,,PT,+351 800 180 292,https://www.mobie.pt,0,0,0,0,0,0,0,0,0,0,0,0,2,32,22 kW,400,0,0,0,0,0,0,0,0
VNH-00002,unassigned_point,node/13173766779,no,41.829986,-7.0102255,EDP,yes,24/7,Mobi.E,,,,,+351 800 222 222,https://www.mobie.pt/,1,125,50 kW,500,0,0,0,0,0,0,0,0,1,63,43 kW,230,0,0,0,0,1,125,50 kW,500
VNP-00002,unassigned_point,node/10740139203,no,40.8585156,-7.7158273,Prio.E,yes,24/7,Mobi.E,,,,,+351 800 100 303,https://www.mobie.pt/,1,120,50 kW,500,0,0,0,0,0,0,0,0,0,0,0,0,0,0,0,0,1,125,60 kW,1000
VNP-00003,unassigned_point,node/11135063364,no,40.8567665,-7.736633,EDP,yes,24/7,Mobi.E,,,,,+351 800 222 222,https://www.mobie.pt/,0,0,0,0,0,0,0,0,0,0,0,0,2,16,11 kW,400,0,0,0,0,0,0,0,0
VNP-00004,unassigned_point,node/12445560128,no,40.8519374,-7.7288189,EDP,yes,24/7,Mobi.E,,,,,+351 800 222 222,https://www.mobie.pt/,0,0,0,0,0,0,0,0,0,0,0,0,2,32,22 kW,400,0,0,0,0,0,0,0,0
VNP-90001,unassigned_point,node/8112873814,no,40.8506926,-7.7274703,EDP,yes,24/7,Mobi.E,,,,,+351 800 222 222,https://www.mobie.pt,0,0,0,0,0,0,0,0,0,0,0,0,2,32,22 kW,400,0,0,0,0,0,0,0,0
VNT-00002,unassigned_point,node/11889655227,no,38.337614,-8.0073093,True Kare,yes,24/7,Mobi.E,,,,,,https://www.mobie.pt/,0,0,0,0,0,0,0,0,0,0,0,0,2,32,22 kW,400,0,0,0,0,0,0,0,0
VNT-00003,unassigned_point,node/11889655226,no,38.3904139,-7.9671361,True Kare,yes,24/7,Mobi.E,,,,,,https://www.mobie.pt/,0,0,0,0,0,0,0,0,0,0,0,0,2,32,22 kW,400,0,0,0,0,0,0,0,0
VNT-00004,unassigned_point,node/11732151690,no,38.3342948,-8.0019812,True Kare,yes,24/7,Mobi.E,,,,,,https://www.mobie.pt/,0,0,0,0,0,0,0,0,0,0,0,0,2,32,22 kW,400,0,0,0,0,0,0,0,0
VNT-00005,unassigned_point,node/11889655225,no,38.3896787,-8.1493246,True Kare,yes,24/7,Mobi.E,,,,,,https://www.mobie.pt/,0,0,0,0,0,0,0,0,0,0,0,0,2,32,22 kW,400,0,0,0,0,0,0,0,0
VNT-00006,unassigned_point,node/12641194971,no,38.3927316,-8.1540145,True Kare,yes,24/7,Mobi.E,,,,,,https://www.mobie.pt/,0,0,0,0,0,0,0,0,0,0,0,0,0,0,0,0,0,0,0,0,2,91,35 kW,500
VNT-90001,unassigned_point,node/8275782946,no,38.3305045,-7.9958341,Galp Power,yes,24/7,Mobi.E,,,,PT,+351 800 249 249,https://www.mobie.pt,0,0,0,0,0,0,0,0,0,0,0,0,2,32,22 kW,400,0,0,0,0,0,0,0,0
VPA-00002,unassigned_point,node/8792974362,no,41.4927154,-7.6458717,Powerdot,yes,24/7,Mobi.E,,,,,+351 800 180 292,https://www.mobie.pt,0,0,0,0,0,0,0,0,0,0,0,0,2,32,22 kW,400,0,0,0,0,0,0,0,0
VPA-00005,unassigned_point,node/12955158967,no,41.5439429,-7.601519,Iberdrola,yes,24/7,Mobi.E,,,,,+351 800 607 717,https://www.mobie.pt/,0,0,0,0,0,0,0,0,0,0,0,0,0,0,0,0,0,0,0,0,2,150,50 kW,1000
VPA-00008,unassigned_point,node/13730354256,no,41.4347145,-7.6779073,Charging Together,yes,24/7,Mobi.E,,,,,+351 800 917 576,https://www.mobie.pt/,0,0,0,0,0,0,0,0,0,0,0,0,0,0,0,0,0,0,0,0,2,600,150 kW,1000
VPA-90001,unassigned_point,node/8115529941,no,41.4989424,-7.6438303,EDP,yes,24/7,Mobi.E,,,,,+351 800 222 222,https://www.mobie.pt,0,0,0,0,0,0,0,0,0,0,0,0,2,32,22 kW,400,0,0,0,0,0,0,0,0
VPT-00001,unassigned_point,node/8082074290,no,36.965615,-25.1330884,Mobiletric,yes,24/7,Mobi.E,Pedras de São Pedro,Vila do Porto,,,+351 800 249 249,https://www.mobie.pt,1,120,50 kW,500,0,0,0,0,0,0,0,0,0,0,0,0,1,63,43 kW,400,1,125,50 kW,500
VPT-00002,unassigned_point,node/9309416860,no,36.9523106,-25.1001162,SEGMA,yes,24/7,Mobi.E,,,,,+351 296 20 22 09,https://www.mobie.pt/,0,0,0,0,0,0,0,0,0,0,0,0,2,32,22 kW,400,0,0,0,0,0,0,0,0
VPT-00003,unassigned_point,node/9309416859,no,36.9532799,-25.1430225,SEGMA,yes,24/7,Mobi.E,,,,,+351 296 20 22 09,https://www.mobie.pt/,0,0,0,0,0,0,0,0,0,0,0,0,2,32,22 kW,400,0,0,0,0,0,0,0,0
VPT-00004,unassigned_point,node/9309416858,no,36.9530239,-25.1440865,SEGMA,yes,24/7,Mobi.E,,,,,+351 296 20 22 09,https://www.mobie.pt/,0,0,0,0,0,0,0,0,0,0,0,0,2,32,22 kW,400,0,0,0,0,0,0,0,0
VPV-00001,unassigned_point,node/8082122906,no,38.7500682,-27.095304,Galp Geste,yes,24/7,Mobi.E,Via Vitorino Nemésio,Praia da Vitória,,PT,+351 800 249 249,https://www.mobie.pt,1,120,50 kW,500,0,0,0,0,0,0,0,0,0,0,0,0,1,63,43 kW,400,1,125,50 kW,500
VPV-00002,unassigned_point,node/8270421627,no,38.7303382,-27.0654072,SEGMA,yes,24/7,Mobi.E,,,,PT,+351 296 20 22 09,https://www.mobie.pt,0,0,0,0,0,0,0,0,0,0,0,0,2,32,22 kW,400,0,0,0,0,0,0,0,0
VPV-00003,unassigned_point,node/11033268450,no,38.7318207,-27.0585013,SEGMA,yes,24/7,Mobi.E,,,,PT,+351 296 20 22 09,https://www.mobie.pt/,0,0,0,0,0,0,0,0,0,0,0,0,2,32,22 kW,400,0,0,0,0,0,0,0,0
VPV-00004,unassigned_point,node/11023524829,no,38.7278784,-27.0626587,SEGMA,yes,24/7,Mobi.E,,,,PT,+351 296 20 22 09,https://www.mobie.pt/,0,0,0,0,0,0,0,0,0,0,0,0,2,32,22 kW,400,0,0,0,0,0,0,0,0
VPV-00005,unassigned_point,node/11033268448,no,38.680275,-27.056066,SEGMA,yes,24/7,Mobi.E,,,,PT,+351 296 20 22 09,https://www.mobie.pt/,0,0,0,0,0,0,0,0,0,0,0,0,1,32,7.4 kW,230,0,0,0,0,0,0,0,0
VPV-00006,unassigned_point,node/11033268451,no,38.8016963,-27.2574026,SEGMA,yes,24/7,Mobi.E,,,,PT,+351 296 20 22 09,https://www.mobie.pt/,0,0,0,0,0,0,0,0,0,0,0,0,1,32,7.4 kW,230,0,0,0,0,0,0,0,0
VPV-00007,unassigned_point,node/11332057546,no,38.767725,-27.103506,SEGMA,yes,24/7,Mobi.E,,,,PT,+351 296 20 22 09,https://www.mobie.pt/,0,0,0,0,0,0,0,0,0,0,0,0,1,16,11 kW,400,0,0,0,0,0,0,0,0
VPV-00008,unassigned_point,node/11829164590,no,38.731403,-27.0648563,SEGMA,yes,24/7,Mobi.E,,,,PT,+351 296 20 22 09,https://www.mobie.pt/,0,0,0,0,0,0,0,0,0,0,0,0,0,0,0,0,1,32,22 kW,400,0,0,0,0
VRL-00001,unassigned_point,node/8116398353,no,41.3050992,-7.7432728,Atlante,yes,24/7,Mobi.E,,,,,+351 800 296 929;+351 234 246 050,https://www.mobie.pt,0,0,0,0,0,0,0,0,0,0,0,0,2,16,3.7 kW,230,0,0,0,0,0,0,0,0
VRL-000019,unassigned_point,node/10948988809,no,41.2944347,-7.7385712,Powerdot,yes,24/7,Mobi.E,,,,,+351 800 180 292,https://www.mobie.pt,1,125,50 kW,500,0,0,0,0,0,0,0,0,0,0,0,0,0,0,0,0,2,375,100 kW,1000
VRL-00007,unassigned_point,node/5370437952,no,41.2993982,-7.7501694,EDP,yes,24/7,Mobi.E,,Vila Real,,,+351 800 222 222,https://www.mobie.pt,1,120,50 kW,500,0,0,0,0,0,0,0,0,0,0,0,0,1,63,43 kW,400,1,125,50 kW,500
VRL-00011,unassigned_point,node/9118724923,no,41.7028196,-7.5141032,Logical Gravity,yes,24/7,Mobi.E,,,,,+351 210 939 606;+351 224 801 080,https://www.mobie.pt,0,0,0,0,0,0,0,0,0,0,0,0,2,32,22 kW,400,0,0,0,0,0,0,0,0
VRL-00013,unassigned_point,node/11632262277,no,41.2923582,-7.7369332,EDP,yes,24/7,Mobi.E,,,,,+351 800 222 222,https://www.mobie.pt/,1,125,50 kW,500,0,0,0,0,0,0,0,0,0,0,0,0,0,0,0,0,1,200,120 kW,1000
VRL-00014,unassigned_point,node/10217263456,no,41.306581,-7.742274,Goldenergy,yes,24/7,Mobi.E,,,,,,https://www.mobie.pt/,0,0,0,0,0,0,0,0,0,0,0,0,2,32,22 kW,400,0,0,0,0,0,0,0,0
VRL-00016,unassigned_point,node/10202612684,no,41.3142261,-7.731619,NRG,yes,24/7,Mobi.E,,,,,,https://www.mobie.pt/,1,200,80 kW,500,0,0,0,0,0,0,0,0,0,0,0,0,0,0,0,0,1,200,180 kW,1000
VRL-00021,unassigned_point,node/10891755085,no,41.2931182,-7.7380562,Powerdot,yes,24/7,Mobi.E,,,,,+351 800 180 292,https://www.mobie.pt/,1,125,50 kW,500,0,0,0,0,0,0,0,0,1,32,22 kW,400,0,0,0,0,2,125,100 kW,1000
VRL-00024,unassigned_point,node/11103231978,no,41.3139986,-7.732834,Powerdot,yes,24/7,Mobi.E,,,,,+351 800 180 292,https://www.mobie.pt/,1,120,50 kW,500,0,0,0,0,0,0,0,0,0,0,0,0,0,0,0,0,1,300,120 kW,1000
VRL-00025,unassigned_point,node/12018724376,no,41.2573622,-7.6517018,EDP,yes,24/7,Mobi.E,,,,,+351 800 222 222,https://www.mobie.pt/,0,0,0,0,0,0,0,0,0,0,0,0,2,32,22 kW,400,0,0,0,0,0,0,0,0
VRL-00026,unassigned_point,node/11303436717,no,41.297696,-7.749985,EDP,yes,24/7,Mobi.E,,,,,+351 800 222 222,https://www.mobie.pt/,1,125,50 kW,500,0,0,0,0,0,0,0,0,0,0,0,0,0,0,0,0,1,200,120 kW,1000
VRL-00032,unassigned_point,node/11808213996,no,41.2795247,-7.7063087,EDP,yes,24/7,Mobi.E,,,,,+351 800 222 222,https://www.mobie.pt/,0,0,0,0,0,0,0,0,0,0,0,0,0,0,0,0,0,0,0,0,2,300,120 kW,500
VRL-00037,unassigned_point,node/11895647853,no,41.312267,-7.7606904,Atlante,yes,24/7,Mobi.E,,,,,+351 800 296 929;+351 234 246 050,https://www.mobie.pt/,1,100,50 kW,500,0,0,0,0,0,0,0,0,0,0,0,0,0,0,0,0,1,150,60 kW,500
VRL-00048,unassigned_point,node/8227492516,no,41.293258,-7.7358829,Galp Power,yes,24/7,Mobi.E,,Vila Real,,PT,+351 800 249 249,https://www.mobie.pt,1,120,50 kW,500,0,0,0,0,0,0,0,0,0,0,0,0,1,63,43 kW,400,1,125,50 kW,500
VRL-00053,unassigned_point,node/13866198947,no,41.2978685,-7.7332011,Goldenergy,yes,24/7,Mobi.E,,,,,,https://www.mobie.pt/,0,0,0,0,0,0,0,0,0,0,0,0,2,32,22 kW,400,0,0,0,0,0,0,0,0
VRL-90003,unassigned_point,node/8116398347,no,41.2999321,-7.7442107,Powerdot,yes,24/7,Mobi.E,,,,,+351 800 180 292,https://www.mobie.pt,0,0,0,0,0,0,0,0,0,0,0,0,2,16,3.7 kW,230,0,0,0,0,0,0,0,0
VRL-90004,unassigned_point,node/8116398345,no,41.2942707,-7.7355268,EDP,yes,24/7,Mobi.E,,,,,+351 800 222 222,https://www.mobie.pt,0,0,0,0,0,0,0,0,0,0,0,0,2,32,7.4 kW,230,0,0,0,0,0,0,0,0
VRL-90005,unassigned_point,node/8116398346,no,41.3023877,-7.7392935,Powerdot,yes,24/7,Mobi.E,,,,,+351 800 180 292,https://www.mobie.pt,0,0,0,0,0,0,0,0,0,0,0,0,2,16,3.7 kW,230,0,0,0,0,0,0,0,0
VRM-00005,unassigned_point,node/11090542459,no,41.632895,-8.140659,EVCE,yes,24/7,Mobi.E,,,,PT,+351 800 301 303,https://www.mobie.pt/,0,0,0,0,0,0,0,0,0,0,0,0,2,32,22 kW,400,0,0,0,0,0,0,0,0
VRM-00007,unassigned_point,node/10110145673,no,41.6368655,-8.1422436,Galp Power,yes,24/7,Mobi.E,,,,PT,+351 800 249 249,https://www.mobie.pt/,1,120,50 kW,500,0,0,0,0,0,0,0,0,0,0,0,0,1,32,22 kW,400,1,125,50 kW,500
VRM-90001,unassigned_point,node/8382136059,no,41.6356964,-8.1380193,EDP,yes,24/7,Mobi.E,,,,PT,+351 800 222 222,https://www.mobie.pt,0,0,0,0,0,0,0,0,0,0,0,0,2,32,22 kW,400,0,0,0,0,0,0,0,0
VRS-00004,unassigned_point,node/9720420624,no,37.1900424,-7.4360503,EDP,yes,24/7,Mobi.E,,,,,+351 800 222 222,https://www.mobie.pt,0,0,0,0,0,0,0,0,0,0,0,0,1,32,22 kW,400,0,0,0,0,2,200,120 kW,1000
VRS-00010,unassigned_point,node/7788236489,no,37.1926352,-7.4248722,Galp Power,yes,24/7,Mobi.E,,,,,+351 800 249 249,https://www.mobie.pt,1,120,50 kW,500,0,0,0,0,0,0,0,0,0,0,0,0,1,63,43 kW,400,1,125,50 kW,500
VRS-80002,unassigned_point,node/8270337363,no,37.1906083,-7.4177175,Galp Power,yes,24/7,Mobi.E,,,,,+351 800 249 249,https://www.mobie.pt,0,0,0,0,0,0,0,0,0,0,0,0,2,32,22 kW,400,0,0,0,0,0,0,0,0
VVC-00001,unassigned_point,node/8289298726,no,38.7769454,-7.4176784,Atlante,yes,24/7,Mobi.E,,,,,+351 800 296 929;+351 234 246 050,https://www.mobie.pt,0,0,0,0,0,0,0,0,0,0,0,0,2,32,22 kW,400,0,0,0,0,0,0,0,0
VVC-00004,unassigned_point,node/13688399315,no,38.7869776,-7.4265309,EDP,yes,24/7,Mobi.E,,,,,+351 800 222 222,https://www.mobie.pt/,0,0,0,0,0,0,0,0,0,0,0,0,2,32,22 kW,400,0,0,0,0,0,0,0,0
VVC-00007,unassigned_point,node/10110145675,no,38.7854731,-7.4233006,Galp Power,yes,24/7,Mobi.E,,,,,+351 800 249 249,https://www.mobie.pt/,1,120,50 kW,500,0,0,0,0,0,0,0,0,0,0,0,0,1,32,22 kW,400,1,125,50 kW,500
VVC-00008,unassigned_point,node/13530028094,no,38.745987,-7.450138,DTE,yes,24/7,Mobi.E,,,,,+351 912 872 459,https://www.mobie.pt/,0,0,0,0,0,0,0,0,0,0,0,0,2,32,22 kW,400,0,0,0,0,0,0,0,0
VVC-00009,unassigned_point,node/13753788105,no,38.776229,-7.3172139,DTE,yes,24/7,Mobi.E,,,,,+351 912 872 459,https://www.mobie.pt/,0,0,0,0,0,0,0,0,0,0,0,0,2,32,22 kW,400,0,0,0,0,0,0,0,0
VVC-00010,unassigned_point,node/13238037145,no,38.721716,-7.399787,DTE,yes,24/7,Mobi.E,,,,,+351 912 872 459,https://www.mobie.pt/,0,0,0,0,0,0,0,0,0,0,0,0,2,32,22 kW,400,0,0,0,0,0,0,0,0
VVC-00011,unassigned_point,node/13238037148,no,38.779045,-7.41733,DTE,yes,24/7,Mobi.E,,,,,,https://www.mobie.pt/,0,0,0,0,0,0,0,0,0,0,0,0,2,32,22 kW,400,0,0,0,0,0,0,0,0
VVC-00012,unassigned_point,node/13238037149,no,38.7765308,-7.4197701,DTE,yes,24/7,Mobi.E,,,,,,https://www.mobie.pt/,0,0,0,0,0,0,0,0,0,0,0,0,0,0,0,0,0,0,0,0,2,150,60 kW,1000
VVC-00013,unassigned_point,node/13734686910,no,38.7814047,-7.4207534,DTE,yes,24/7,Mobi.E,,,,,,https://www.mobie.pt/,0,0,0,0,0,0,0,0,0,0,0,0,2,32,22 kW,400,0,0,0,0,0,0,0,0
VVD-00001,unassigned_point,node/9530769565,no,41.653222,-8.437028,Atlante,yes,24/7,Mobi.E,,,,,+351 800 296 929;+351 234 246 050,https://www.mobie.pt/,0,0,0,0,0,0,0,0,0,0,0,0,2,32,22 kW,400,0,0,0,0,0,0,0,0
VVD-00004,unassigned_point,node/8082078262,no,41.6049659,-8.4673879,Powerdot,yes,24/7,Mobi.E,,Vila Verde,,,+351 800 180 292,https://www.mobie.pt,1,120,50 kW,500,0,0,0,0,0,0,0,0,0,0,0,0,1,63,43 kW,400,1,125,50 kW,500
VVD-00008,unassigned_point,node/8833293782,no,41.61297,-8.472132,Powerdot,yes,24/7,Mobi.E,,prado,,,+351 800 180 292,https://www.mobie.pt,1,120,50 kW,500,0,0,0,0,0,0,0,0,0,0,0,0,1,63,43 kW,400,1,125,50 kW,500
VVD-00011,unassigned_point,node/9929798451,no,41.642135,-8.4346555,EDP,yes,24/7,Mobi.E,,,,,+351 800 222 222,https://www.mobie.pt/,0,0,0,0,0,0,0,0,0,0,0,0,2,32,22 kW,400,0,0,0,0,0,0,0,0
VVD-00012,unassigned_point,node/10571447302,no,41.6407039,-8.4357343,EDP,yes,24/7,Mobi.E,,,,,+351 800 222 222,https://www.mobie.pt,1,125,50 kW,500,0,0,0,0,0,0,0,0,1,32,22 kW,400,0,0,0,0,1,200,90 kW,1000
VVD-00013,unassigned_point,node/10903488063,no,41.6705478,-8.4988956,EDP,yes,24/7,Mobi.E,,,,,+351 800 222 222,https://www.mobie.pt/,0,0,0,0,0,0,0,0,0,0,0,0,2,32,22 kW,400,0,0,0,0,0,0,0,0
VVD-00014,unassigned_point,node/8490022617,no,41.64333,-8.4335266,Atlante,yes,24/7,Mobi.E,,Vila Verde,,,+351 800 296 929;+351 234 246 050,https://www.mobie.pt,1,120,50 kW,500,0,0,0,0,0,0,0,0,0,0,0,0,1,63,43 kW,400,1,125,50 kW,500
VVD-00017,unassigned_point,node/12212602680,no,41.6539355,-8.4318757,EDP,yes,24/7,Mobi.E,,,,,+351 800 222 222,https://www.mobie.pt,1,125,50 kW,500,0,0,0,0,0,0,0,0,0,0,0,0,1,32,22 kW,400,1,125,60 kW,500
VVD-00019,unassigned_point,node/12676420279,no,41.689922,-8.505137,Galp Power,yes,24/7,Mobi.E,,,,,+351 800 249 249,https://www.mobie.pt/,0,0,0,0,0,0,0,0,0,0,0,0,0,0,0,0,0,0,0,0,2,250,120 kW,1000
VVD-00022,unassigned_point,node/12621482638,no,41.6525766,-8.4386771,Helexia II,yes,24/7,Mobi.E,,,,,+351 210 181 157,https://www.mobie.pt/,0,0,0,0,0,0,0,0,0,0,0,0,0,0,0,0,0,0,0,0,2,250,100 kW,1000
VVD-00023,unassigned_point,node/9848120758,no,41.6466812,-8.4377601,Galp Power,yes,24/7,Mobi.E,,,,,+351 800 249 249,https://www.mobie.pt/,1,120,50 kW,500,0,0,0,0,0,0,0,0,0,0,0,0,1,32,22 kW,400,1,125,50 kW,500
VVD-00024,unassigned_point,node/8833293781,no,41.655722,-8.431813,Prio.E,yes,24/7,Mobi.E,,Vila Verde,,,+351 800 100 303,https://www.mobie.pt/,0,0,0,0,0,0,0,0,0,0,0,0,0,0,0,0,0,0,0,0,2,200,90 kW,1000
VVR-00002,unassigned_point,node/9847958422,no,39.5730951,-7.7822911,Galp Geste,yes,24/7,Mobi.E,,,,PT,+351 800 249 249,https://www.mobie.pt/,0,0,0,0,0,0,0,0,0,0,0,0,0,0,0,0,0,0,0,0,2,200,180 kW,1000
VVR-00003,unassigned_point,node/9847958421,no,39.573657,-7.7826589,Galp Geste,yes,24/7,Mobi.E,,,,,+351 800 249 249,https://www.mobie.pt/,0,0,0,0,0,0,0,0,0,0,0,0,0,0,0,0,0,0,0,0,2,200,180 kW,1000
VVR-00007,unassigned_point,node/12845092777,no,39.6567623,-7.6609254,Charging Together,yes,24/7,Mobi.E,,,,,+351 800 917 576,https://www.mobie.pt,1,200,80 kW,500,0,0,0,0,0,0,0,0,0,0,0,0,0,0,0,0,2,500,150 kW,1000
VVR-90001,unassigned_point,node/8290153278,no,39.6576393,-7.6762508,EDP,yes,24/7,Mobi.E,,,,,+351 800 222 222,https://www.mobie.pt,0,0,0,0,0,0,0,0,0,0,0,0,2,32,22 kW,400,0,0,0,0,0,0,0,0
VZL-00001,unassigned_point,node/8072503636,no,40.6869958,-8.230231,Galp Geste,yes,24/7,Mobi.E,A 25,Vouzela,,,+351 800 249 249,https://www.mobie.pt,1,120,50 kW,500,0,0,0,0,0,0,0,0,0,0,0,0,1,63,43 kW,400,1,125,50 kW,500
VZL-00002,unassigned_point,node/8072503635,no,40.6861858,-8.2322248,Galp Geste,yes,24/7,Mobi.E,A 25,Vouzela,,,+351 800 249 249,https://www.mobie.pt,1,120,50 kW,500,0,0,0,0,0,0,0,0,0,0,0,0,1,63,43 kW,400,1,125,50 kW,500
VZL-00003,unassigned_point,node/8112766310,no,40.7214431,-8.109549,Atlante,yes,24/7,Mobi.E,,,,,+351 800 296 929;+351 234 246 050,https://www.mobie.pt,0,0,0,0,0,0,0,0,0,0,0,0,2,32,22 kW,400,0,0,0,0,0,0,0,0
[BCS] Floema teste,unassigned_point,node/11866861969,no,40.1100609,-8.4646089,,yes,,,,,,,,,0,0,0,0,0,0,0,0,0,0,0,0,0,0,0,0,0,0,0,0,0,0,0,0
node/10939567581,unassigned_point,node/10939567581,no,39.3581126,-9.1579046,,yes,,,,,,,,,0,0,0,0,0,0,0,0,0,0,0,0,0,0,0,0,0,0,0,0,0,0,0,0
node/11098437355,unassigned_point,node/11098437355,no,39.4706926,-8.4396183,Enforce,yes,,,,,,PT,,,0,0,0,0,0,0,0,0,0,0,0,0,1,16,11 kW,400,0,0,0,0,0,0,0,0
node/8286178315,unassigned_point,node/8286178315,no,40.4190108,-7.7112369,CISE - Centro de Interpretação da Serra da Estrela,yes,Tu-Su 10:00-18:00,,,,,PT,,,0,0,0,0,0,0,0,0,0,0,0,0,1,24,17 kW,400,0,0,0,0,0,0,0,0
node/8990310448,unassigned_point,node/8990310448,no,40.6374589,-7.9087781,Evio,yes,24/7,EVIO,,Viseu,,,+351 308 803 746,https://go-evio.com/,1,120,50 kW,500,0,0,0,0,0,0,0,0,0,0,0,0,1,63,43 kW,400,1,125,50 kW,500
node/9733166820,unassigned_point,node/9733166820,no,41.8212838,-8.3176322,Biciway,yes,,,,,,,,,0,0,0,0,0,0,0,0,0,0,0,0,0,0,0,0,0,0,0,0,0,0,0,0
